\c warptalk
DO $$
DECLARE pwd_hash VARCHAR := 'v2$SHA512$100000$16$AKwiGnbhlfXmBCfSM8jlwA==$tQUEhTX3GnRgVDZhlIUOMNdAKrZw5xdjaLKd/Zuao3c=';
BEGIN
    SET CONSTRAINTS ALL DEFERRED;

    INSERT INTO auth.roles (id, name, description, is_system) VALUES 
    ('99bf57ba-9d3c-471b-a5ae-94901a0c81b5', 'Owner', 'Workspace Owner', true),
    ('99bf57ba-9d3c-471b-a5ae-94901a0c81b4', 'Admin', 'Workspace Administrator', true),
    ('95beb6bb-a255-4958-891f-68fa540ebe3d', 'Member', 'Regular Workspace Member', true)
    ON CONFLICT DO NOTHING;

INSERT INTO auth.users (id, email, password_hash, full_name, preferred_language, timezone, is_active, email_verified) VALUES
('019ec641-9776-7d50-b2b9-9edb93a46d22', 'ceo@warptalk.com', pwd_hash, 'Alex CEO', 'en-US', 'UTC', true, true),
('019ea677-6c84-7d7b-9f48-738b3cde41a9', 'admin@warptalk.com', pwd_hash, 'Sarah Admin', 'vi-VN', 'UTC', true, true),
('4ddec186-4be4-479b-804d-ec1d14c1800d', 'sophia.yamamoto0@example.com', pwd_hash, 'Sophia Yamamoto', 'fr-FR', 'UTC', true, true),
('13e28459-1f97-4c85-abbf-bbee36b5f2eb', 'elena.yamamoto1@example.com', pwd_hash, 'Elena Yamamoto', 'ko-KR', 'UTC', true, true),
('52903a44-7b57-4454-8c43-641a0fd10600', 'john.jones2@example.com', pwd_hash, 'John Jones', 'vi-VN', 'UTC', true, true),
('656b92e2-1fcd-47b4-8502-ee4b634fb00d', 'isabella.hernandez3@example.com', pwd_hash, 'Isabella Hernandez', 'ja-JP', 'UTC', true, true),
('261cd608-415f-4ff7-903b-cb6f0751b2ae', 'sophia.hernandez4@example.com', pwd_hash, 'Sophia Hernandez', 'fr-FR', 'UTC', true, true),
('c2a4fa90-eecf-49f6-9bdd-4e694146998d', 'benjamin.williams5@example.com', pwd_hash, 'Benjamin Williams', 'de-DE', 'UTC', true, true),
('6b2741d3-61df-44a1-8c91-115c892156bc', 'charlotte.brown6@example.com', pwd_hash, 'Charlotte Brown', 'ko-KR', 'UTC', true, true),
('68a25067-fed7-4e4c-a54d-f5c43e7ec824', 'liam.chen7@example.com', pwd_hash, 'Liam Chen', 'vi-VN', 'UTC', true, true),
('6b59eef9-03ab-46dc-9434-0b1d93be2972', 'charlotte.miller8@example.com', pwd_hash, 'Charlotte Miller', 'fr-FR', 'UTC', true, true),
('aea00fd0-b56e-45ec-8590-b788b91e1e89', 'emma.johnson9@example.com', pwd_hash, 'Emma Johnson', 'de-DE', 'UTC', true, true),
('5f9e43b2-1ac3-4a6b-a073-0e26c9b57f1f', 'benjamin.park10@example.com', pwd_hash, 'Benjamin Park', 'fr-FR', 'UTC', true, true),
('9d1b3750-d0b7-421d-ba01-a1a90ebf4f0d', 'sarah.tran11@example.com', pwd_hash, 'Sarah Tran', 'de-DE', 'UTC', true, true),
('9cc259a7-eccd-4a75-87ce-1bc62ecc8a7d', 'olivia.park12@example.com', pwd_hash, 'Olivia Park', 'ja-JP', 'UTC', true, true),
('895234c3-b387-4597-81b2-b7a5e797db4c', 'ava.yamamoto13@example.com', pwd_hash, 'Ava Yamamoto', 'fr-FR', 'UTC', true, true),
('521d1e16-c66a-4e1b-92cb-b52035658c45', 'jiwoo.gonzalez14@example.com', pwd_hash, 'Jiwoo Gonzalez', 'it-IT', 'UTC', true, true),
('e1bc958a-871d-4a3e-8448-95f62096ee15', 'charlotte.davis15@example.com', pwd_hash, 'Charlotte Davis', 'ja-JP', 'UTC', true, true),
('798faf83-4803-4c3f-b09b-44e3658b6673', 'benjamin.davis16@example.com', pwd_hash, 'Benjamin Davis', 'de-DE', 'UTC', true, true),
('d5731c8c-480e-4c03-ac62-e9ebff2929ca', 'lucas.wilson17@example.com', pwd_hash, 'Lucas Wilson', 'vi-VN', 'UTC', true, true),
('c7fce55c-06b8-42bf-8a0b-b78e0e83299d', 'sarah.hernandez18@example.com', pwd_hash, 'Sarah Hernandez', 'ja-JP', 'UTC', true, true),
('55849b8b-1b0e-42c2-b6e6-1be2b892e51a', 'charlotte.miller19@example.com', pwd_hash, 'Charlotte Miller', 'fr-FR', 'UTC', true, true),
('646468ed-2c90-4084-a495-1e6c193a886c', 'james.williams20@example.com', pwd_hash, 'James Williams', 'it-IT', 'UTC', true, true),
('7526aee3-1e29-49c0-ae1f-372b9a55f540', 'takashi.chen21@example.com', pwd_hash, 'Takashi Chen', 'ja-JP', 'UTC', true, true),
('b6a4e1dd-3fd5-4b27-a0d7-2eef3597913f', 'alex.rossi22@example.com', pwd_hash, 'Alex Rossi', 'ko-KR', 'UTC', true, true),
('5df3e906-e7e9-43a6-a892-7ccd3502486b', 'noah.yamamoto23@example.com', pwd_hash, 'Noah Yamamoto', 'fr-FR', 'UTC', true, true),
('3d8d32e0-c573-49a8-b70f-b7680271b3fc', 'jiwoo.park24@example.com', pwd_hash, 'Jiwoo Park', 'es-ES', 'UTC', true, true),
('0d26cbe1-191c-4016-a19e-f71602d333bd', 'william.johnson25@example.com', pwd_hash, 'William Johnson', 'fr-FR', 'UTC', true, true),
('d56fe135-787f-43a4-96ef-e4142a12e4c6', 'william.williams26@example.com', pwd_hash, 'William Williams', 'it-IT', 'UTC', true, true),
('0d6e002d-f9e9-40b1-b06f-9d25b202d76e', 'noah.lopez27@example.com', pwd_hash, 'Noah Lopez', 'en-US', 'UTC', true, true),
('dd593620-5ff9-4048-90b0-ee58668a7ffc', 'minh.davis28@example.com', pwd_hash, 'Minh Davis', 'fr-FR', 'UTC', true, true),
('cdc4c4b9-ef73-4026-a59b-cfff8761c747', 'james.yamamoto29@example.com', pwd_hash, 'James Yamamoto', 'ja-JP', 'UTC', true, true),
('9f9bbe1b-a69d-4663-96d9-67aca17a892f', 'lucas.hernandez30@example.com', pwd_hash, 'Lucas Hernandez', 'it-IT', 'UTC', true, true),
('bf1720ef-d401-4900-a60f-4424fd75a704', 'alex.nguyen31@example.com', pwd_hash, 'Alex Nguyen', 'it-IT', 'UTC', true, true),
('46f79eee-5616-45a1-b67b-f1d3b14c693d', 'james.johnson32@example.com', pwd_hash, 'James Johnson', 'fr-FR', 'UTC', true, true),
('16425db9-9965-4785-8db9-9098e1e5507e', 'sarah.wilson33@example.com', pwd_hash, 'Sarah Wilson', 'vi-VN', 'UTC', true, true),
('a7d0b7b3-41f2-4ea9-9652-1f17f1117237', 'noah.wilson34@example.com', pwd_hash, 'Noah Wilson', 'ja-JP', 'UTC', true, true),
('3d87ccd5-771d-428f-ad87-61cbdf51eaa7', 'takashi.davis35@example.com', pwd_hash, 'Takashi Davis', 'ko-KR', 'UTC', true, true),
('2aa3e4d6-68dc-4351-8b9f-393639073c7c', 'james.rodriguez36@example.com', pwd_hash, 'James Rodriguez', 'ja-JP', 'UTC', true, true),
('f3f7d959-1f40-47bc-9e1c-f3186eda5349', 'olivia.rossi37@example.com', pwd_hash, 'Olivia Rossi', 'de-DE', 'UTC', true, true),
('d6745894-ef32-4d18-9b91-2946e954e482', 'isabella.park38@example.com', pwd_hash, 'Isabella Park', 'de-DE', 'UTC', true, true),
('a3662abc-72f8-4583-b9c2-7ea3eb31ec67', 'olivia.chen39@example.com', pwd_hash, 'Olivia Chen', 'vi-VN', 'UTC', true, true),
('f54146b8-4123-444c-b1f6-c02cecfdf515', 'mia.smith40@example.com', pwd_hash, 'Mia Smith', 'es-ES', 'UTC', true, true),
('3743aa1d-d158-4a5f-8c13-cae15e771708', 'james.lopez41@example.com', pwd_hash, 'James Lopez', 'ko-KR', 'UTC', true, true),
('50442bf2-6e64-4504-aa84-7a944810f406', 'john.davis42@example.com', pwd_hash, 'John Davis', 'vi-VN', 'UTC', true, true),
('10e599ef-4914-4d93-9827-691603be9835', 'jiwoo.davis43@example.com', pwd_hash, 'Jiwoo Davis', 'ja-JP', 'UTC', true, true),
('28603d5b-734a-44b2-a10c-c20b3b164e44', 'john.park44@example.com', pwd_hash, 'John Park', 'ja-JP', 'UTC', true, true),
('148fbd6b-2989-49cd-8e0d-cb25c359a370', 'elena.rossi45@example.com', pwd_hash, 'Elena Rossi', 'vi-VN', 'UTC', true, true),
('3eba501c-a7ff-4b16-ab6a-90092acbe0ab', 'william.williams46@example.com', pwd_hash, 'William Williams', 'fr-FR', 'UTC', true, true),
('e3745a78-56ac-494b-afbd-d3b5d796a201', 'minh.martinez47@example.com', pwd_hash, 'Minh Martinez', 'es-ES', 'UTC', true, true),
('54b135c0-d958-477a-b534-0456fc77f6ab', 'james.garcia48@example.com', pwd_hash, 'James Garcia', 'es-ES', 'UTC', true, true),
('f9a12c93-94ed-4f77-94d4-592f9bffc050', 'noah.hernandez49@example.com', pwd_hash, 'Noah Hernandez', 'it-IT', 'UTC', true, true)
ON CONFLICT DO NOTHING;
INSERT INTO auth.user_settings (user_id, default_speak_language, default_listen_language, theme) VALUES
('019ec641-9776-7d50-b2b9-9edb93a46d22', 'en-US', 'en-US', 'system'),
('019ea677-6c84-7d7b-9f48-738b3cde41a9', 'vi-VN', 'vi-VN', 'system'),
('4ddec186-4be4-479b-804d-ec1d14c1800d', 'fr-FR', 'fr-FR', 'system'),
('13e28459-1f97-4c85-abbf-bbee36b5f2eb', 'ko-KR', 'ko-KR', 'system'),
('52903a44-7b57-4454-8c43-641a0fd10600', 'vi-VN', 'vi-VN', 'system'),
('656b92e2-1fcd-47b4-8502-ee4b634fb00d', 'ja-JP', 'ja-JP', 'system'),
('261cd608-415f-4ff7-903b-cb6f0751b2ae', 'fr-FR', 'fr-FR', 'system'),
('c2a4fa90-eecf-49f6-9bdd-4e694146998d', 'de-DE', 'de-DE', 'system'),
('6b2741d3-61df-44a1-8c91-115c892156bc', 'ko-KR', 'ko-KR', 'system'),
('68a25067-fed7-4e4c-a54d-f5c43e7ec824', 'vi-VN', 'vi-VN', 'system'),
('6b59eef9-03ab-46dc-9434-0b1d93be2972', 'fr-FR', 'fr-FR', 'system'),
('aea00fd0-b56e-45ec-8590-b788b91e1e89', 'de-DE', 'de-DE', 'system'),
('5f9e43b2-1ac3-4a6b-a073-0e26c9b57f1f', 'fr-FR', 'fr-FR', 'system'),
('9d1b3750-d0b7-421d-ba01-a1a90ebf4f0d', 'de-DE', 'de-DE', 'system'),
('9cc259a7-eccd-4a75-87ce-1bc62ecc8a7d', 'ja-JP', 'ja-JP', 'system'),
('895234c3-b387-4597-81b2-b7a5e797db4c', 'fr-FR', 'fr-FR', 'system'),
('521d1e16-c66a-4e1b-92cb-b52035658c45', 'it-IT', 'it-IT', 'system'),
('e1bc958a-871d-4a3e-8448-95f62096ee15', 'ja-JP', 'ja-JP', 'system'),
('798faf83-4803-4c3f-b09b-44e3658b6673', 'de-DE', 'de-DE', 'system'),
('d5731c8c-480e-4c03-ac62-e9ebff2929ca', 'vi-VN', 'vi-VN', 'system'),
('c7fce55c-06b8-42bf-8a0b-b78e0e83299d', 'ja-JP', 'ja-JP', 'system'),
('55849b8b-1b0e-42c2-b6e6-1be2b892e51a', 'fr-FR', 'fr-FR', 'system'),
('646468ed-2c90-4084-a495-1e6c193a886c', 'it-IT', 'it-IT', 'system'),
('7526aee3-1e29-49c0-ae1f-372b9a55f540', 'ja-JP', 'ja-JP', 'system'),
('b6a4e1dd-3fd5-4b27-a0d7-2eef3597913f', 'ko-KR', 'ko-KR', 'system'),
('5df3e906-e7e9-43a6-a892-7ccd3502486b', 'fr-FR', 'fr-FR', 'system'),
('3d8d32e0-c573-49a8-b70f-b7680271b3fc', 'es-ES', 'es-ES', 'system'),
('0d26cbe1-191c-4016-a19e-f71602d333bd', 'fr-FR', 'fr-FR', 'system'),
('d56fe135-787f-43a4-96ef-e4142a12e4c6', 'it-IT', 'it-IT', 'system'),
('0d6e002d-f9e9-40b1-b06f-9d25b202d76e', 'en-US', 'en-US', 'system'),
('dd593620-5ff9-4048-90b0-ee58668a7ffc', 'fr-FR', 'fr-FR', 'system'),
('cdc4c4b9-ef73-4026-a59b-cfff8761c747', 'ja-JP', 'ja-JP', 'system'),
('9f9bbe1b-a69d-4663-96d9-67aca17a892f', 'it-IT', 'it-IT', 'system'),
('bf1720ef-d401-4900-a60f-4424fd75a704', 'it-IT', 'it-IT', 'system'),
('46f79eee-5616-45a1-b67b-f1d3b14c693d', 'fr-FR', 'fr-FR', 'system'),
('16425db9-9965-4785-8db9-9098e1e5507e', 'vi-VN', 'vi-VN', 'system'),
('a7d0b7b3-41f2-4ea9-9652-1f17f1117237', 'ja-JP', 'ja-JP', 'system'),
('3d87ccd5-771d-428f-ad87-61cbdf51eaa7', 'ko-KR', 'ko-KR', 'system'),
('2aa3e4d6-68dc-4351-8b9f-393639073c7c', 'ja-JP', 'ja-JP', 'system'),
('f3f7d959-1f40-47bc-9e1c-f3186eda5349', 'de-DE', 'de-DE', 'system'),
('d6745894-ef32-4d18-9b91-2946e954e482', 'de-DE', 'de-DE', 'system'),
('a3662abc-72f8-4583-b9c2-7ea3eb31ec67', 'vi-VN', 'vi-VN', 'system'),
('f54146b8-4123-444c-b1f6-c02cecfdf515', 'es-ES', 'es-ES', 'system'),
('3743aa1d-d158-4a5f-8c13-cae15e771708', 'ko-KR', 'ko-KR', 'system'),
('50442bf2-6e64-4504-aa84-7a944810f406', 'vi-VN', 'vi-VN', 'system'),
('10e599ef-4914-4d93-9827-691603be9835', 'ja-JP', 'ja-JP', 'system'),
('28603d5b-734a-44b2-a10c-c20b3b164e44', 'ja-JP', 'ja-JP', 'system'),
('148fbd6b-2989-49cd-8e0d-cb25c359a370', 'vi-VN', 'vi-VN', 'system'),
('3eba501c-a7ff-4b16-ab6a-90092acbe0ab', 'fr-FR', 'fr-FR', 'system'),
('e3745a78-56ac-494b-afbd-d3b5d796a201', 'es-ES', 'es-ES', 'system'),
('54b135c0-d958-477a-b534-0456fc77f6ab', 'es-ES', 'es-ES', 'system'),
('f9a12c93-94ed-4f77-94d4-592f9bffc050', 'it-IT', 'it-IT', 'system')
ON CONFLICT DO NOTHING;
INSERT INTO workspace.workspaces (id, name, slug, owner_id) VALUES
('019ec641-97a7-78c9-8f18-000000000000', 'WarpTalk Global', 'warptalk-global', '019ec641-9776-7d50-b2b9-9edb93a46d22'),
('ff3b618e-325a-4466-8fcd-a15c24fbd8e0', 'Acme Corp', 'acme-corp', '4ddec186-4be4-479b-804d-ec1d14c1800d'),
('90d53dab-bb88-4f58-8198-5c0ccd643068', 'StartupX', 'startupx', '13e28459-1f97-4c85-abbf-bbee36b5f2eb')
ON CONFLICT DO NOTHING;
INSERT INTO workspace.workspace_members (workspace_id, user_id, role_id, status) VALUES
('019ec641-97a7-78c9-8f18-000000000000', '019ec641-9776-7d50-b2b9-9edb93a46d22', '99bf57ba-9d3c-471b-a5ae-94901a0c81b5', 'active'),
('019ec641-97a7-78c9-8f18-000000000000', '019ea677-6c84-7d7b-9f48-738b3cde41a9', '99bf57ba-9d3c-471b-a5ae-94901a0c81b4', 'active'),
('019ec641-97a7-78c9-8f18-000000000000', '46f79eee-5616-45a1-b67b-f1d3b14c693d', '95beb6bb-a255-4958-891f-68fa540ebe3d', 'active'),
('019ec641-97a7-78c9-8f18-000000000000', 'e1bc958a-871d-4a3e-8448-95f62096ee15', '95beb6bb-a255-4958-891f-68fa540ebe3d', 'active'),
('019ec641-97a7-78c9-8f18-000000000000', '521d1e16-c66a-4e1b-92cb-b52035658c45', '95beb6bb-a255-4958-891f-68fa540ebe3d', 'active'),
('019ec641-97a7-78c9-8f18-000000000000', '9d1b3750-d0b7-421d-ba01-a1a90ebf4f0d', '95beb6bb-a255-4958-891f-68fa540ebe3d', 'active'),
('019ec641-97a7-78c9-8f18-000000000000', '5f9e43b2-1ac3-4a6b-a073-0e26c9b57f1f', '95beb6bb-a255-4958-891f-68fa540ebe3d', 'active'),
('019ec641-97a7-78c9-8f18-000000000000', 'e3745a78-56ac-494b-afbd-d3b5d796a201', '95beb6bb-a255-4958-891f-68fa540ebe3d', 'active'),
('019ec641-97a7-78c9-8f18-000000000000', 'd6745894-ef32-4d18-9b91-2946e954e482', '95beb6bb-a255-4958-891f-68fa540ebe3d', 'active'),
('019ec641-97a7-78c9-8f18-000000000000', 'dd593620-5ff9-4048-90b0-ee58668a7ffc', '95beb6bb-a255-4958-891f-68fa540ebe3d', 'active'),
('019ec641-97a7-78c9-8f18-000000000000', '3d87ccd5-771d-428f-ad87-61cbdf51eaa7', '95beb6bb-a255-4958-891f-68fa540ebe3d', 'active'),
('019ec641-97a7-78c9-8f18-000000000000', 'c7fce55c-06b8-42bf-8a0b-b78e0e83299d', '95beb6bb-a255-4958-891f-68fa540ebe3d', 'active'),
('019ec641-97a7-78c9-8f18-000000000000', '10e599ef-4914-4d93-9827-691603be9835', '95beb6bb-a255-4958-891f-68fa540ebe3d', 'active'),
('019ec641-97a7-78c9-8f18-000000000000', '6b2741d3-61df-44a1-8c91-115c892156bc', '95beb6bb-a255-4958-891f-68fa540ebe3d', 'active'),
('019ec641-97a7-78c9-8f18-000000000000', '0d6e002d-f9e9-40b1-b06f-9d25b202d76e', '95beb6bb-a255-4958-891f-68fa540ebe3d', 'active'),
('019ec641-97a7-78c9-8f18-000000000000', 'cdc4c4b9-ef73-4026-a59b-cfff8761c747', '95beb6bb-a255-4958-891f-68fa540ebe3d', 'active'),
('019ec641-97a7-78c9-8f18-000000000000', '13e28459-1f97-4c85-abbf-bbee36b5f2eb', '95beb6bb-a255-4958-891f-68fa540ebe3d', 'active'),
('019ec641-97a7-78c9-8f18-000000000000', '4ddec186-4be4-479b-804d-ec1d14c1800d', '95beb6bb-a255-4958-891f-68fa540ebe3d', 'active'),
('019ec641-97a7-78c9-8f18-000000000000', '3d8d32e0-c573-49a8-b70f-b7680271b3fc', '95beb6bb-a255-4958-891f-68fa540ebe3d', 'active'),
('019ec641-97a7-78c9-8f18-000000000000', '895234c3-b387-4597-81b2-b7a5e797db4c', '95beb6bb-a255-4958-891f-68fa540ebe3d', 'active'),
('019ec641-97a7-78c9-8f18-000000000000', 'aea00fd0-b56e-45ec-8590-b788b91e1e89', '95beb6bb-a255-4958-891f-68fa540ebe3d', 'active'),
('019ec641-97a7-78c9-8f18-000000000000', 'a7d0b7b3-41f2-4ea9-9652-1f17f1117237', '95beb6bb-a255-4958-891f-68fa540ebe3d', 'active'),
('ff3b618e-325a-4466-8fcd-a15c24fbd8e0', '4ddec186-4be4-479b-804d-ec1d14c1800d', '99bf57ba-9d3c-471b-a5ae-94901a0c81b5', 'active'),
('ff3b618e-325a-4466-8fcd-a15c24fbd8e0', '261cd608-415f-4ff7-903b-cb6f0751b2ae', '95beb6bb-a255-4958-891f-68fa540ebe3d', 'active'),
('ff3b618e-325a-4466-8fcd-a15c24fbd8e0', '50442bf2-6e64-4504-aa84-7a944810f406', '95beb6bb-a255-4958-891f-68fa540ebe3d', 'active'),
('ff3b618e-325a-4466-8fcd-a15c24fbd8e0', 'f9a12c93-94ed-4f77-94d4-592f9bffc050', '95beb6bb-a255-4958-891f-68fa540ebe3d', 'active'),
('ff3b618e-325a-4466-8fcd-a15c24fbd8e0', '5df3e906-e7e9-43a6-a892-7ccd3502486b', '95beb6bb-a255-4958-891f-68fa540ebe3d', 'active'),
('ff3b618e-325a-4466-8fcd-a15c24fbd8e0', '0d26cbe1-191c-4016-a19e-f71602d333bd', '95beb6bb-a255-4958-891f-68fa540ebe3d', 'active'),
('ff3b618e-325a-4466-8fcd-a15c24fbd8e0', '656b92e2-1fcd-47b4-8502-ee4b634fb00d', '95beb6bb-a255-4958-891f-68fa540ebe3d', 'active'),
('ff3b618e-325a-4466-8fcd-a15c24fbd8e0', '10e599ef-4914-4d93-9827-691603be9835', '95beb6bb-a255-4958-891f-68fa540ebe3d', 'active'),
('ff3b618e-325a-4466-8fcd-a15c24fbd8e0', 'f3f7d959-1f40-47bc-9e1c-f3186eda5349', '95beb6bb-a255-4958-891f-68fa540ebe3d', 'active'),
('ff3b618e-325a-4466-8fcd-a15c24fbd8e0', '9d1b3750-d0b7-421d-ba01-a1a90ebf4f0d', '95beb6bb-a255-4958-891f-68fa540ebe3d', 'active'),
('ff3b618e-325a-4466-8fcd-a15c24fbd8e0', '68a25067-fed7-4e4c-a54d-f5c43e7ec824', '95beb6bb-a255-4958-891f-68fa540ebe3d', 'active'),
('ff3b618e-325a-4466-8fcd-a15c24fbd8e0', '9cc259a7-eccd-4a75-87ce-1bc62ecc8a7d', '95beb6bb-a255-4958-891f-68fa540ebe3d', 'active'),
('ff3b618e-325a-4466-8fcd-a15c24fbd8e0', '3d87ccd5-771d-428f-ad87-61cbdf51eaa7', '95beb6bb-a255-4958-891f-68fa540ebe3d', 'active'),
('ff3b618e-325a-4466-8fcd-a15c24fbd8e0', 'd56fe135-787f-43a4-96ef-e4142a12e4c6', '95beb6bb-a255-4958-891f-68fa540ebe3d', 'active'),
('ff3b618e-325a-4466-8fcd-a15c24fbd8e0', '2aa3e4d6-68dc-4351-8b9f-393639073c7c', '95beb6bb-a255-4958-891f-68fa540ebe3d', 'active'),
('ff3b618e-325a-4466-8fcd-a15c24fbd8e0', '46f79eee-5616-45a1-b67b-f1d3b14c693d', '95beb6bb-a255-4958-891f-68fa540ebe3d', 'active'),
('ff3b618e-325a-4466-8fcd-a15c24fbd8e0', '6b59eef9-03ab-46dc-9434-0b1d93be2972', '95beb6bb-a255-4958-891f-68fa540ebe3d', 'active'),
('ff3b618e-325a-4466-8fcd-a15c24fbd8e0', '148fbd6b-2989-49cd-8e0d-cb25c359a370', '95beb6bb-a255-4958-891f-68fa540ebe3d', 'active'),
('ff3b618e-325a-4466-8fcd-a15c24fbd8e0', '646468ed-2c90-4084-a495-1e6c193a886c', '95beb6bb-a255-4958-891f-68fa540ebe3d', 'active'),
('90d53dab-bb88-4f58-8198-5c0ccd643068', '13e28459-1f97-4c85-abbf-bbee36b5f2eb', '99bf57ba-9d3c-471b-a5ae-94901a0c81b5', 'active'),
('90d53dab-bb88-4f58-8198-5c0ccd643068', '9f9bbe1b-a69d-4663-96d9-67aca17a892f', '95beb6bb-a255-4958-891f-68fa540ebe3d', 'active'),
('90d53dab-bb88-4f58-8198-5c0ccd643068', '54b135c0-d958-477a-b534-0456fc77f6ab', '95beb6bb-a255-4958-891f-68fa540ebe3d', 'active'),
('90d53dab-bb88-4f58-8198-5c0ccd643068', 'f9a12c93-94ed-4f77-94d4-592f9bffc050', '95beb6bb-a255-4958-891f-68fa540ebe3d', 'active'),
('90d53dab-bb88-4f58-8198-5c0ccd643068', 'f3f7d959-1f40-47bc-9e1c-f3186eda5349', '95beb6bb-a255-4958-891f-68fa540ebe3d', 'active'),
('90d53dab-bb88-4f58-8198-5c0ccd643068', '0d26cbe1-191c-4016-a19e-f71602d333bd', '95beb6bb-a255-4958-891f-68fa540ebe3d', 'active'),
('90d53dab-bb88-4f58-8198-5c0ccd643068', '3743aa1d-d158-4a5f-8c13-cae15e771708', '95beb6bb-a255-4958-891f-68fa540ebe3d', 'active'),
('90d53dab-bb88-4f58-8198-5c0ccd643068', 'c7fce55c-06b8-42bf-8a0b-b78e0e83299d', '95beb6bb-a255-4958-891f-68fa540ebe3d', 'active'),
('90d53dab-bb88-4f58-8198-5c0ccd643068', 'b6a4e1dd-3fd5-4b27-a0d7-2eef3597913f', '95beb6bb-a255-4958-891f-68fa540ebe3d', 'active'),
('90d53dab-bb88-4f58-8198-5c0ccd643068', 'aea00fd0-b56e-45ec-8590-b788b91e1e89', '95beb6bb-a255-4958-891f-68fa540ebe3d', 'active'),
('90d53dab-bb88-4f58-8198-5c0ccd643068', '656b92e2-1fcd-47b4-8502-ee4b634fb00d', '95beb6bb-a255-4958-891f-68fa540ebe3d', 'active'),
('90d53dab-bb88-4f58-8198-5c0ccd643068', '52903a44-7b57-4454-8c43-641a0fd10600', '95beb6bb-a255-4958-891f-68fa540ebe3d', 'active'),
('90d53dab-bb88-4f58-8198-5c0ccd643068', '9d1b3750-d0b7-421d-ba01-a1a90ebf4f0d', '95beb6bb-a255-4958-891f-68fa540ebe3d', 'active'),
('90d53dab-bb88-4f58-8198-5c0ccd643068', '9cc259a7-eccd-4a75-87ce-1bc62ecc8a7d', '95beb6bb-a255-4958-891f-68fa540ebe3d', 'active'),
('90d53dab-bb88-4f58-8198-5c0ccd643068', '2aa3e4d6-68dc-4351-8b9f-393639073c7c', '95beb6bb-a255-4958-891f-68fa540ebe3d', 'active')
ON CONFLICT DO NOTHING;
INSERT INTO translation_room.translation_rooms (id, workspace_id, host_id, title, description, translation_room_code, status, source_language, target_languages) VALUES
('da1f45e0-eae9-4f1a-885a-79ab90e402e4', '019ec641-97a7-78c9-8f18-000000000000', 'dd593620-5ff9-4048-90b0-ee58668a7ffc', 'Weekly Sync 1', 'Description for Weekly Sync 1', 'ROOM-war-0', 'ENDED', 'en', '["vi", "ja", "ko"]'),
('aa295c40-77ea-4d74-842c-46229db591ed', '019ec641-97a7-78c9-8f18-000000000000', '895234c3-b387-4597-81b2-b7a5e797db4c', 'Client Pitch 2', 'Description for Client Pitch 2', 'ROOM-war-1', 'ENDED', 'en', '["vi", "ja", "ko"]'),
('2beee471-b74f-4abf-88b9-e11e7840ec93', '019ec641-97a7-78c9-8f18-000000000000', '0d6e002d-f9e9-40b1-b06f-9d25b202d76e', 'Design Brainstorm 3', 'Description for Design Brainstorm 3', 'ROOM-war-2', 'ENDED', 'en', '["vi", "ja", "ko"]'),
('9d3cadad-ab74-4a27-a7b5-a225eba38d80', '019ec641-97a7-78c9-8f18-000000000000', '6b2741d3-61df-44a1-8c91-115c892156bc', 'Standup 4', 'Description for Standup 4', 'ROOM-war-3', 'IN_PROGRESS', 'en', '["vi", "ja", "ko"]'),
('b3cc2cb1-67ab-4b18-8a87-8d0c10927952', '019ec641-97a7-78c9-8f18-000000000000', '10e599ef-4914-4d93-9827-691603be9835', 'Product Review 5', 'Description for Product Review 5', 'ROOM-war-4', 'CANCELLED', 'en', '["vi", "ja", "ko"]'),
('8d6f6d97-8674-4696-99c7-376a107a7e73', '019ec641-97a7-78c9-8f18-000000000000', '3d87ccd5-771d-428f-ad87-61cbdf51eaa7', 'Board Meeting 6', 'Description for Board Meeting 6', 'ROOM-war-5', 'IN_PROGRESS', 'en', '["vi", "ja", "ko"]'),
('43cb4fa6-058f-48d2-a041-03b6ae3df1c9', '019ec641-97a7-78c9-8f18-000000000000', 'aea00fd0-b56e-45ec-8590-b788b91e1e89', 'Standup 7', 'Description for Standup 7', 'ROOM-war-6', 'CANCELLED', 'en', '["vi", "ja", "ko"]'),
('37f540fe-97b6-40d8-bd2a-9890b1312263', '019ec641-97a7-78c9-8f18-000000000000', '46f79eee-5616-45a1-b67b-f1d3b14c693d', 'Standup 8', 'Description for Standup 8', 'ROOM-war-7', 'IN_PROGRESS', 'en', '["vi", "ja", "ko"]'),
('632dd4c8-4f59-4224-85bb-5175f2a94b1b', '019ec641-97a7-78c9-8f18-000000000000', '10e599ef-4914-4d93-9827-691603be9835', 'Client Pitch 9', 'Description for Client Pitch 9', 'ROOM-war-8', 'IN_PROGRESS', 'en', '["vi", "ja", "ko"]'),
('e0a04d07-d4b7-4eb9-819c-9aef0362c56a', '019ec641-97a7-78c9-8f18-000000000000', '13e28459-1f97-4c85-abbf-bbee36b5f2eb', 'Standup 10', 'Description for Standup 10', 'ROOM-war-9', 'CANCELLED', 'en', '["vi", "ja", "ko"]'),
('43779b5b-de7b-4aa5-8eb4-ed7ac025c42a', '019ec641-97a7-78c9-8f18-000000000000', 'aea00fd0-b56e-45ec-8590-b788b91e1e89', '1:1 Sync 11', 'Description for 1:1 Sync 11', 'ROOM-war-10', 'SCHEDULED', 'en', '["vi", "ja", "ko"]'),
('ad887561-2017-476d-89d1-50c4fcd1d617', '019ec641-97a7-78c9-8f18-000000000000', '46f79eee-5616-45a1-b67b-f1d3b14c693d', 'Product Review 12', 'Description for Product Review 12', 'ROOM-war-11', 'CANCELLED', 'en', '["vi", "ja", "ko"]'),
('b2905e36-486a-4d87-a615-36d8d511357f', '019ec641-97a7-78c9-8f18-000000000000', '895234c3-b387-4597-81b2-b7a5e797db4c', 'Product Review 13', 'Description for Product Review 13', 'ROOM-war-12', 'ENDED', 'en', '["vi", "ja", "ko"]'),
('d2ff4d5a-4d9e-4b2d-97a0-ba1958939a46', '019ec641-97a7-78c9-8f18-000000000000', 'aea00fd0-b56e-45ec-8590-b788b91e1e89', '1:1 Sync 14', 'Description for 1:1 Sync 14', 'ROOM-war-13', 'IN_PROGRESS', 'en', '["vi", "ja", "ko"]'),
('aff5731f-02ed-4057-9b6c-ac2afbf0eac1', '019ec641-97a7-78c9-8f18-000000000000', '4ddec186-4be4-479b-804d-ec1d14c1800d', 'Client Pitch 15', 'Description for Client Pitch 15', 'ROOM-war-14', 'IN_PROGRESS', 'en', '["vi", "ja", "ko"]'),
('b1a54456-f1bb-4ae7-a321-5d210bb504cb', '019ec641-97a7-78c9-8f18-000000000000', '4ddec186-4be4-479b-804d-ec1d14c1800d', 'Design Brainstorm 16', 'Description for Design Brainstorm 16', 'ROOM-war-15', 'CANCELLED', 'en', '["vi", "ja", "ko"]'),
('bcbcaa97-5bb8-432d-a946-af18c4b66dd7', '019ec641-97a7-78c9-8f18-000000000000', '9d1b3750-d0b7-421d-ba01-a1a90ebf4f0d', 'Standup 17', 'Description for Standup 17', 'ROOM-war-16', 'IN_PROGRESS', 'en', '["vi", "ja", "ko"]'),
('81a5921b-ef89-4fea-87bc-070c99d1d130', '019ec641-97a7-78c9-8f18-000000000000', '5f9e43b2-1ac3-4a6b-a073-0e26c9b57f1f', '1:1 Sync 18', 'Description for 1:1 Sync 18', 'ROOM-war-17', 'SCHEDULED', 'en', '["vi", "ja", "ko"]'),
('933adfe1-8561-4e60-b3cf-03a28be75450', '019ec641-97a7-78c9-8f18-000000000000', '0d6e002d-f9e9-40b1-b06f-9d25b202d76e', 'Standup 19', 'Description for Standup 19', 'ROOM-war-18', 'CANCELLED', 'en', '["vi", "ja", "ko"]'),
('f67152ad-e515-4cb5-89e8-44acc59b2487', '019ec641-97a7-78c9-8f18-000000000000', '521d1e16-c66a-4e1b-92cb-b52035658c45', 'Product Review 20', 'Description for Product Review 20', 'ROOM-war-19', 'SCHEDULED', 'en', '["vi", "ja", "ko"]'),
('7e0dacba-cc6a-43bf-9f43-b0b801283f45', '019ec641-97a7-78c9-8f18-000000000000', '521d1e16-c66a-4e1b-92cb-b52035658c45', 'Client Pitch 21', 'Description for Client Pitch 21', 'ROOM-war-20', 'CANCELLED', 'en', '["vi", "ja", "ko"]'),
('3e321b3f-3f67-4ce9-b628-dfc12f566e3c', '019ec641-97a7-78c9-8f18-000000000000', '13e28459-1f97-4c85-abbf-bbee36b5f2eb', 'Board Meeting 22', 'Description for Board Meeting 22', 'ROOM-war-21', 'ENDED', 'en', '["vi", "ja", "ko"]'),
('3abd9109-46a2-489e-8eae-8e6e2e1e318b', '019ec641-97a7-78c9-8f18-000000000000', 'aea00fd0-b56e-45ec-8590-b788b91e1e89', 'Product Review 23', 'Description for Product Review 23', 'ROOM-war-22', 'CANCELLED', 'en', '["vi", "ja", "ko"]'),
('2fb8988d-d43f-4993-8b52-266936e6d978', '019ec641-97a7-78c9-8f18-000000000000', 'dd593620-5ff9-4048-90b0-ee58668a7ffc', 'Standup 24', 'Description for Standup 24', 'ROOM-war-23', 'ENDED', 'en', '["vi", "ja", "ko"]'),
('a5f3cbd1-7a7a-4fd3-8c3b-3a0b4cc99ac3', '019ec641-97a7-78c9-8f18-000000000000', '13e28459-1f97-4c85-abbf-bbee36b5f2eb', 'Board Meeting 25', 'Description for Board Meeting 25', 'ROOM-war-24', 'SCHEDULED', 'en', '["vi", "ja", "ko"]'),
('0309e502-d4e4-4286-9953-41836d80345e', '019ec641-97a7-78c9-8f18-000000000000', '0d6e002d-f9e9-40b1-b06f-9d25b202d76e', '1:1 Sync 26', 'Description for 1:1 Sync 26', 'ROOM-war-25', 'CANCELLED', 'en', '["vi", "ja", "ko"]'),
('02dcb658-d889-412f-87a6-620847a5f6bf', '019ec641-97a7-78c9-8f18-000000000000', '019ec641-9776-7d50-b2b9-9edb93a46d22', 'Design Brainstorm 27', 'Description for Design Brainstorm 27', 'ROOM-war-26', 'CANCELLED', 'en', '["vi", "ja", "ko"]'),
('a2ffc196-42f6-4a57-92a4-98031fba42d1', '019ec641-97a7-78c9-8f18-000000000000', '3d8d32e0-c573-49a8-b70f-b7680271b3fc', '1:1 Sync 28', 'Description for 1:1 Sync 28', 'ROOM-war-27', 'SCHEDULED', 'en', '["vi", "ja", "ko"]'),
('dacba524-c362-48b9-97b5-69872f416f3a', '019ec641-97a7-78c9-8f18-000000000000', '46f79eee-5616-45a1-b67b-f1d3b14c693d', 'Weekly Sync 29', 'Description for Weekly Sync 29', 'ROOM-war-28', 'ENDED', 'en', '["vi", "ja", "ko"]'),
('b0148d38-397f-4f2c-bd8f-85241605f749', '019ec641-97a7-78c9-8f18-000000000000', '9d1b3750-d0b7-421d-ba01-a1a90ebf4f0d', 'Design Brainstorm 30', 'Description for Design Brainstorm 30', 'ROOM-war-29', 'CANCELLED', 'en', '["vi", "ja", "ko"]'),
('19d3cd37-d9e3-47bd-8244-e777e1dc9e76', 'ff3b618e-325a-4466-8fcd-a15c24fbd8e0', '261cd608-415f-4ff7-903b-cb6f0751b2ae', 'Design Brainstorm 1', 'Description for Design Brainstorm 1', 'ROOM-acm-0', 'IN_PROGRESS', 'en', '["vi", "ja", "ko"]'),
('252d812b-a0d0-43c9-b638-bf21eb515e40', 'ff3b618e-325a-4466-8fcd-a15c24fbd8e0', 'f3f7d959-1f40-47bc-9e1c-f3186eda5349', 'Product Review 2', 'Description for Product Review 2', 'ROOM-acm-1', 'SCHEDULED', 'en', '["vi", "ja", "ko"]'),
('b96c90e7-d0d2-40ef-92a1-b3c0f745cd3b', 'ff3b618e-325a-4466-8fcd-a15c24fbd8e0', 'd56fe135-787f-43a4-96ef-e4142a12e4c6', 'Weekly Sync 3', 'Description for Weekly Sync 3', 'ROOM-acm-2', 'CANCELLED', 'en', '["vi", "ja", "ko"]'),
('3a2e60f6-64eb-4fb1-8cf6-ea73679b3e67', 'ff3b618e-325a-4466-8fcd-a15c24fbd8e0', '3d87ccd5-771d-428f-ad87-61cbdf51eaa7', '1:1 Sync 4', 'Description for 1:1 Sync 4', 'ROOM-acm-3', 'SCHEDULED', 'en', '["vi", "ja", "ko"]'),
('b0632e73-3bca-455f-8258-92f37b3b3992', 'ff3b618e-325a-4466-8fcd-a15c24fbd8e0', '68a25067-fed7-4e4c-a54d-f5c43e7ec824', '1:1 Sync 5', 'Description for 1:1 Sync 5', 'ROOM-acm-4', 'CANCELLED', 'en', '["vi", "ja", "ko"]'),
('3a4f4051-069b-4b85-b4f0-fbdf2d7d3247', 'ff3b618e-325a-4466-8fcd-a15c24fbd8e0', '9cc259a7-eccd-4a75-87ce-1bc62ecc8a7d', 'Design Brainstorm 6', 'Description for Design Brainstorm 6', 'ROOM-acm-5', 'CANCELLED', 'en', '["vi", "ja", "ko"]'),
('ff51d8a3-df58-4671-b2f2-0c131bf66229', 'ff3b618e-325a-4466-8fcd-a15c24fbd8e0', 'f9a12c93-94ed-4f77-94d4-592f9bffc050', 'Design Brainstorm 7', 'Description for Design Brainstorm 7', 'ROOM-acm-6', 'CANCELLED', 'en', '["vi", "ja", "ko"]'),
('d85de16f-2d22-4d6f-b56a-661ae23479c0', 'ff3b618e-325a-4466-8fcd-a15c24fbd8e0', '10e599ef-4914-4d93-9827-691603be9835', 'Product Review 8', 'Description for Product Review 8', 'ROOM-acm-7', 'ENDED', 'en', '["vi", "ja", "ko"]'),
('2efb7596-b348-489f-9c6e-7f7fa478dde6', 'ff3b618e-325a-4466-8fcd-a15c24fbd8e0', '0d26cbe1-191c-4016-a19e-f71602d333bd', 'Standup 9', 'Description for Standup 9', 'ROOM-acm-8', 'SCHEDULED', 'en', '["vi", "ja", "ko"]'),
('a459ba70-ddbd-4a94-8a47-ad19a5eb5d5d', 'ff3b618e-325a-4466-8fcd-a15c24fbd8e0', '46f79eee-5616-45a1-b67b-f1d3b14c693d', 'Board Meeting 10', 'Description for Board Meeting 10', 'ROOM-acm-9', 'IN_PROGRESS', 'en', '["vi", "ja", "ko"]'),
('f96f6b06-aa71-4ab4-bff0-6da40f3c3498', 'ff3b618e-325a-4466-8fcd-a15c24fbd8e0', '148fbd6b-2989-49cd-8e0d-cb25c359a370', 'Standup 11', 'Description for Standup 11', 'ROOM-acm-10', 'CANCELLED', 'en', '["vi", "ja", "ko"]'),
('ae8495c6-9744-4342-9520-2229c8433932', 'ff3b618e-325a-4466-8fcd-a15c24fbd8e0', '4ddec186-4be4-479b-804d-ec1d14c1800d', '1:1 Sync 12', 'Description for 1:1 Sync 12', 'ROOM-acm-11', 'IN_PROGRESS', 'en', '["vi", "ja", "ko"]'),
('621acdbd-8d4b-45b5-9a6b-7ba0e1efdd8d', 'ff3b618e-325a-4466-8fcd-a15c24fbd8e0', '6b59eef9-03ab-46dc-9434-0b1d93be2972', 'Design Brainstorm 13', 'Description for Design Brainstorm 13', 'ROOM-acm-12', 'IN_PROGRESS', 'en', '["vi", "ja", "ko"]'),
('c91a23f2-03d3-4e50-8987-daac1444ad17', 'ff3b618e-325a-4466-8fcd-a15c24fbd8e0', '148fbd6b-2989-49cd-8e0d-cb25c359a370', 'Design Brainstorm 14', 'Description for Design Brainstorm 14', 'ROOM-acm-13', 'ENDED', 'en', '["vi", "ja", "ko"]'),
('7bfc0505-71da-45ad-94fd-92f9bc651ff2', 'ff3b618e-325a-4466-8fcd-a15c24fbd8e0', '9d1b3750-d0b7-421d-ba01-a1a90ebf4f0d', 'Weekly Sync 15', 'Description for Weekly Sync 15', 'ROOM-acm-14', 'IN_PROGRESS', 'en', '["vi", "ja", "ko"]'),
('7e0c7709-a3e4-409c-aca8-11b2625960ec', 'ff3b618e-325a-4466-8fcd-a15c24fbd8e0', 'f3f7d959-1f40-47bc-9e1c-f3186eda5349', 'Product Review 16', 'Description for Product Review 16', 'ROOM-acm-15', 'SCHEDULED', 'en', '["vi", "ja", "ko"]'),
('f1a0e35c-c8f4-4fee-be38-9c292b7c320d', 'ff3b618e-325a-4466-8fcd-a15c24fbd8e0', 'f3f7d959-1f40-47bc-9e1c-f3186eda5349', 'Standup 17', 'Description for Standup 17', 'ROOM-acm-16', 'ENDED', 'en', '["vi", "ja", "ko"]'),
('6f5599f3-1225-4c87-a05e-3474fba072d2', 'ff3b618e-325a-4466-8fcd-a15c24fbd8e0', '46f79eee-5616-45a1-b67b-f1d3b14c693d', 'Standup 18', 'Description for Standup 18', 'ROOM-acm-17', 'ENDED', 'en', '["vi", "ja", "ko"]'),
('d6013fc1-e40a-432d-a93f-5b8e64eb7c65', 'ff3b618e-325a-4466-8fcd-a15c24fbd8e0', '9cc259a7-eccd-4a75-87ce-1bc62ecc8a7d', 'Product Review 19', 'Description for Product Review 19', 'ROOM-acm-18', 'ENDED', 'en', '["vi", "ja", "ko"]'),
('a7b881e3-4be0-4e1d-9cd7-406941f88403', 'ff3b618e-325a-4466-8fcd-a15c24fbd8e0', '148fbd6b-2989-49cd-8e0d-cb25c359a370', 'Weekly Sync 20', 'Description for Weekly Sync 20', 'ROOM-acm-19', 'IN_PROGRESS', 'en', '["vi", "ja", "ko"]'),
('708bb962-9cb1-4879-8598-561443df1712', 'ff3b618e-325a-4466-8fcd-a15c24fbd8e0', '68a25067-fed7-4e4c-a54d-f5c43e7ec824', 'Product Review 21', 'Description for Product Review 21', 'ROOM-acm-20', 'IN_PROGRESS', 'en', '["vi", "ja", "ko"]'),
('a9a58426-0a77-4b78-b25b-1f47297e8ac4', 'ff3b618e-325a-4466-8fcd-a15c24fbd8e0', '646468ed-2c90-4084-a495-1e6c193a886c', 'Standup 22', 'Description for Standup 22', 'ROOM-acm-21', 'CANCELLED', 'en', '["vi", "ja", "ko"]'),
('05acb401-d5e6-4ec7-a26c-ac499d7e34a4', 'ff3b618e-325a-4466-8fcd-a15c24fbd8e0', '5df3e906-e7e9-43a6-a892-7ccd3502486b', 'Client Pitch 23', 'Description for Client Pitch 23', 'ROOM-acm-22', 'ENDED', 'en', '["vi", "ja", "ko"]'),
('1ddc3865-e166-4a0a-b47d-4dd6bf134240', 'ff3b618e-325a-4466-8fcd-a15c24fbd8e0', '68a25067-fed7-4e4c-a54d-f5c43e7ec824', 'Board Meeting 24', 'Description for Board Meeting 24', 'ROOM-acm-23', 'IN_PROGRESS', 'en', '["vi", "ja", "ko"]'),
('17ca6d46-43e3-4f40-a71a-1cea65cc7f21', 'ff3b618e-325a-4466-8fcd-a15c24fbd8e0', '68a25067-fed7-4e4c-a54d-f5c43e7ec824', 'Standup 25', 'Description for Standup 25', 'ROOM-acm-24', 'SCHEDULED', 'en', '["vi", "ja", "ko"]'),
('bf0d553c-9e11-4b34-a2df-5476f49e6037', 'ff3b618e-325a-4466-8fcd-a15c24fbd8e0', '261cd608-415f-4ff7-903b-cb6f0751b2ae', 'Client Pitch 26', 'Description for Client Pitch 26', 'ROOM-acm-25', 'IN_PROGRESS', 'en', '["vi", "ja", "ko"]'),
('21b675bb-6941-4da9-8962-601903623b52', 'ff3b618e-325a-4466-8fcd-a15c24fbd8e0', '5df3e906-e7e9-43a6-a892-7ccd3502486b', 'Client Pitch 27', 'Description for Client Pitch 27', 'ROOM-acm-26', 'IN_PROGRESS', 'en', '["vi", "ja", "ko"]'),
('1879b533-cd32-461f-90a6-e15f48a96434', 'ff3b618e-325a-4466-8fcd-a15c24fbd8e0', '2aa3e4d6-68dc-4351-8b9f-393639073c7c', '1:1 Sync 28', 'Description for 1:1 Sync 28', 'ROOM-acm-27', 'CANCELLED', 'en', '["vi", "ja", "ko"]'),
('895513ff-dcc9-4ad1-b133-b28416b08be7', 'ff3b618e-325a-4466-8fcd-a15c24fbd8e0', '148fbd6b-2989-49cd-8e0d-cb25c359a370', '1:1 Sync 29', 'Description for 1:1 Sync 29', 'ROOM-acm-28', 'ENDED', 'en', '["vi", "ja", "ko"]'),
('1b749f35-9a70-4962-8fbb-0b6d3887e706', 'ff3b618e-325a-4466-8fcd-a15c24fbd8e0', '9d1b3750-d0b7-421d-ba01-a1a90ebf4f0d', 'Product Review 30', 'Description for Product Review 30', 'ROOM-acm-29', 'CANCELLED', 'en', '["vi", "ja", "ko"]'),
('35c23e6d-d56c-424e-8701-cdb7765e9183', '90d53dab-bb88-4f58-8198-5c0ccd643068', 'f9a12c93-94ed-4f77-94d4-592f9bffc050', '1:1 Sync 1', 'Description for 1:1 Sync 1', 'ROOM-sta-0', 'SCHEDULED', 'en', '["vi", "ja", "ko"]'),
('ac60b99b-c06a-4033-a32a-3b35f596cd0b', '90d53dab-bb88-4f58-8198-5c0ccd643068', '3743aa1d-d158-4a5f-8c13-cae15e771708', 'Weekly Sync 2', 'Description for Weekly Sync 2', 'ROOM-sta-1', 'IN_PROGRESS', 'en', '["vi", "ja", "ko"]'),
('936e17d3-a43c-4497-80b7-03b1225d375d', '90d53dab-bb88-4f58-8198-5c0ccd643068', '54b135c0-d958-477a-b534-0456fc77f6ab', 'Product Review 3', 'Description for Product Review 3', 'ROOM-sta-2', 'IN_PROGRESS', 'en', '["vi", "ja", "ko"]'),
('a383faea-762a-42eb-9dc1-edcedf079863', '90d53dab-bb88-4f58-8198-5c0ccd643068', '0d26cbe1-191c-4016-a19e-f71602d333bd', 'Standup 4', 'Description for Standup 4', 'ROOM-sta-3', 'ENDED', 'en', '["vi", "ja", "ko"]'),
('16832087-76c1-4148-a1b2-cf884003186c', '90d53dab-bb88-4f58-8198-5c0ccd643068', '54b135c0-d958-477a-b534-0456fc77f6ab', 'Board Meeting 5', 'Description for Board Meeting 5', 'ROOM-sta-4', 'IN_PROGRESS', 'en', '["vi", "ja", "ko"]'),
('8a5be468-c2da-4452-8e66-c101c2db168a', '90d53dab-bb88-4f58-8198-5c0ccd643068', 'f9a12c93-94ed-4f77-94d4-592f9bffc050', 'Standup 6', 'Description for Standup 6', 'ROOM-sta-5', 'CANCELLED', 'en', '["vi", "ja", "ko"]'),
('6499c9d5-64bd-48bd-987a-d5f716a62d0f', '90d53dab-bb88-4f58-8198-5c0ccd643068', '54b135c0-d958-477a-b534-0456fc77f6ab', 'Board Meeting 7', 'Description for Board Meeting 7', 'ROOM-sta-6', 'ENDED', 'en', '["vi", "ja", "ko"]'),
('a6a268d8-dbce-4bd2-8d2f-3905994ad089', '90d53dab-bb88-4f58-8198-5c0ccd643068', 'f3f7d959-1f40-47bc-9e1c-f3186eda5349', 'Design Brainstorm 8', 'Description for Design Brainstorm 8', 'ROOM-sta-7', 'SCHEDULED', 'en', '["vi", "ja", "ko"]'),
('3a7f9534-4b3b-469b-8230-6518944c5683', '90d53dab-bb88-4f58-8198-5c0ccd643068', 'b6a4e1dd-3fd5-4b27-a0d7-2eef3597913f', 'Design Brainstorm 9', 'Description for Design Brainstorm 9', 'ROOM-sta-8', 'IN_PROGRESS', 'en', '["vi", "ja", "ko"]'),
('de0adc70-b69e-4ba0-be7a-9b8da1593ba7', '90d53dab-bb88-4f58-8198-5c0ccd643068', '9cc259a7-eccd-4a75-87ce-1bc62ecc8a7d', 'Client Pitch 10', 'Description for Client Pitch 10', 'ROOM-sta-9', 'ENDED', 'en', '["vi", "ja", "ko"]'),
('5b3fd444-d8a0-48b3-ba4a-367bfce68b7c', '90d53dab-bb88-4f58-8198-5c0ccd643068', 'f3f7d959-1f40-47bc-9e1c-f3186eda5349', 'Weekly Sync 11', 'Description for Weekly Sync 11', 'ROOM-sta-10', 'IN_PROGRESS', 'en', '["vi", "ja", "ko"]'),
('d1f2e01d-6794-412f-9376-2e7de8cf1b2f', '90d53dab-bb88-4f58-8198-5c0ccd643068', '52903a44-7b57-4454-8c43-641a0fd10600', 'Board Meeting 12', 'Description for Board Meeting 12', 'ROOM-sta-11', 'SCHEDULED', 'en', '["vi", "ja", "ko"]'),
('3ae9079c-0e85-44db-9188-4625aea07b8b', '90d53dab-bb88-4f58-8198-5c0ccd643068', '9cc259a7-eccd-4a75-87ce-1bc62ecc8a7d', '1:1 Sync 13', 'Description for 1:1 Sync 13', 'ROOM-sta-12', 'ENDED', 'en', '["vi", "ja", "ko"]'),
('14a177de-0449-4d66-ae8f-695e7d25f26f', '90d53dab-bb88-4f58-8198-5c0ccd643068', '9d1b3750-d0b7-421d-ba01-a1a90ebf4f0d', '1:1 Sync 14', 'Description for 1:1 Sync 14', 'ROOM-sta-13', 'CANCELLED', 'en', '["vi", "ja", "ko"]'),
('2f78d0dd-ff6c-4271-b9be-bfbededf1776', '90d53dab-bb88-4f58-8198-5c0ccd643068', '9cc259a7-eccd-4a75-87ce-1bc62ecc8a7d', 'Design Brainstorm 15', 'Description for Design Brainstorm 15', 'ROOM-sta-14', 'IN_PROGRESS', 'en', '["vi", "ja", "ko"]'),
('2f0e89de-f628-4488-b498-f7953f3e778f', '90d53dab-bb88-4f58-8198-5c0ccd643068', 'f9a12c93-94ed-4f77-94d4-592f9bffc050', 'Standup 16', 'Description for Standup 16', 'ROOM-sta-15', 'ENDED', 'en', '["vi", "ja", "ko"]'),
('7e096abe-e3ce-46e3-875b-12782d9df2c7', '90d53dab-bb88-4f58-8198-5c0ccd643068', '9cc259a7-eccd-4a75-87ce-1bc62ecc8a7d', '1:1 Sync 17', 'Description for 1:1 Sync 17', 'ROOM-sta-16', 'CANCELLED', 'en', '["vi", "ja", "ko"]'),
('62ecdda7-fb26-4c4f-967c-8cee8674a565', '90d53dab-bb88-4f58-8198-5c0ccd643068', '54b135c0-d958-477a-b534-0456fc77f6ab', 'Design Brainstorm 18', 'Description for Design Brainstorm 18', 'ROOM-sta-17', 'ENDED', 'en', '["vi", "ja", "ko"]'),
('f1d9884b-2e61-4c8a-84ad-9f402371746f', '90d53dab-bb88-4f58-8198-5c0ccd643068', '3743aa1d-d158-4a5f-8c13-cae15e771708', 'Board Meeting 19', 'Description for Board Meeting 19', 'ROOM-sta-18', 'ENDED', 'en', '["vi", "ja", "ko"]'),
('29dc15a0-e40d-48a8-ba8c-44d6f3ca5529', '90d53dab-bb88-4f58-8198-5c0ccd643068', '13e28459-1f97-4c85-abbf-bbee36b5f2eb', 'Client Pitch 20', 'Description for Client Pitch 20', 'ROOM-sta-19', 'SCHEDULED', 'en', '["vi", "ja", "ko"]'),
('1394c97b-a3bc-48c3-ace7-e215c7e35b13', '90d53dab-bb88-4f58-8198-5c0ccd643068', 'c7fce55c-06b8-42bf-8a0b-b78e0e83299d', 'Client Pitch 21', 'Description for Client Pitch 21', 'ROOM-sta-20', 'IN_PROGRESS', 'en', '["vi", "ja", "ko"]'),
('a5fdcf55-6f17-4c50-93b8-c9649c34462b', '90d53dab-bb88-4f58-8198-5c0ccd643068', '9cc259a7-eccd-4a75-87ce-1bc62ecc8a7d', 'Design Brainstorm 22', 'Description for Design Brainstorm 22', 'ROOM-sta-21', 'IN_PROGRESS', 'en', '["vi", "ja", "ko"]'),
('ab4db502-1ebf-4b5d-80eb-9843b5265ab9', '90d53dab-bb88-4f58-8198-5c0ccd643068', 'b6a4e1dd-3fd5-4b27-a0d7-2eef3597913f', 'Weekly Sync 23', 'Description for Weekly Sync 23', 'ROOM-sta-22', 'SCHEDULED', 'en', '["vi", "ja", "ko"]'),
('bfec4413-adeb-478e-ab8e-f8f7528990d6', '90d53dab-bb88-4f58-8198-5c0ccd643068', '54b135c0-d958-477a-b534-0456fc77f6ab', 'Product Review 24', 'Description for Product Review 24', 'ROOM-sta-23', 'ENDED', 'en', '["vi", "ja", "ko"]'),
('7f69cd66-ae3f-41cb-b48d-f029196ad665', '90d53dab-bb88-4f58-8198-5c0ccd643068', '13e28459-1f97-4c85-abbf-bbee36b5f2eb', '1:1 Sync 25', 'Description for 1:1 Sync 25', 'ROOM-sta-24', 'IN_PROGRESS', 'en', '["vi", "ja", "ko"]'),
('148e8915-ba96-49cb-ae0a-cc9b6c7bd0df', '90d53dab-bb88-4f58-8198-5c0ccd643068', '656b92e2-1fcd-47b4-8502-ee4b634fb00d', 'Board Meeting 26', 'Description for Board Meeting 26', 'ROOM-sta-25', 'IN_PROGRESS', 'en', '["vi", "ja", "ko"]'),
('103868e1-39e8-432c-aaa4-cbf055d3e2e8', '90d53dab-bb88-4f58-8198-5c0ccd643068', '656b92e2-1fcd-47b4-8502-ee4b634fb00d', 'Board Meeting 27', 'Description for Board Meeting 27', 'ROOM-sta-26', 'IN_PROGRESS', 'en', '["vi", "ja", "ko"]'),
('e31db8bc-8ef1-4e09-885f-8d6f92edec58', '90d53dab-bb88-4f58-8198-5c0ccd643068', '9f9bbe1b-a69d-4663-96d9-67aca17a892f', 'Product Review 28', 'Description for Product Review 28', 'ROOM-sta-27', 'CANCELLED', 'en', '["vi", "ja", "ko"]'),
('fd326d1b-f428-4d4b-8913-02f740e67c59', '90d53dab-bb88-4f58-8198-5c0ccd643068', '2aa3e4d6-68dc-4351-8b9f-393639073c7c', 'Weekly Sync 29', 'Description for Weekly Sync 29', 'ROOM-sta-28', 'CANCELLED', 'en', '["vi", "ja", "ko"]'),
('193428ad-b3a6-48cb-a3fd-0b0d4e4a04dc', '90d53dab-bb88-4f58-8198-5c0ccd643068', 'f9a12c93-94ed-4f77-94d4-592f9bffc050', 'Weekly Sync 30', 'Description for Weekly Sync 30', 'ROOM-sta-29', 'ENDED', 'en', '["vi", "ja", "ko"]');
INSERT INTO translation_room.translation_room_participants (id, translation_room_id, user_id, display_name, role, listen_language, speak_language, status) VALUES
('348d52f0-2505-490f-87f2-9ce928f76411', 'da1f45e0-eae9-4f1a-885a-79ab90e402e4', '3d87ccd5-771d-428f-ad87-61cbdf51eaa7', 'Takashi Davis', 'participant', 'ko', 'ko', 'LEFT'),
('a056f695-9a49-43ac-961d-abd76ac36529', 'da1f45e0-eae9-4f1a-885a-79ab90e402e4', '10e599ef-4914-4d93-9827-691603be9835', 'Jiwoo Davis', 'participant', 'ja', 'ja', 'LEFT'),
('ef0693a1-e250-4af1-8a79-11b1ea401de7', 'da1f45e0-eae9-4f1a-885a-79ab90e402e4', '895234c3-b387-4597-81b2-b7a5e797db4c', 'Ava Yamamoto', 'participant', 'fr', 'fr', 'LEFT'),
('fa5d77cb-3070-4ad3-aff1-3f74145f053f', 'aa295c40-77ea-4d74-842c-46229db591ed', 'd6745894-ef32-4d18-9b91-2946e954e482', 'Isabella Park', 'participant', 'de', 'de', 'LEFT'),
('83a4e046-4501-463b-b36a-57a436632ce4', 'aa295c40-77ea-4d74-842c-46229db591ed', 'aea00fd0-b56e-45ec-8590-b788b91e1e89', 'Emma Johnson', 'participant', 'de', 'de', 'LEFT'),
('cb91fadb-ed5a-43b6-9ea9-2301abfe9b7a', '2beee471-b74f-4abf-88b9-e11e7840ec93', 'aea00fd0-b56e-45ec-8590-b788b91e1e89', 'Emma Johnson', 'participant', 'de', 'de', 'LEFT'),
('b31570f8-da04-4155-acef-7b55227fcc0c', '2beee471-b74f-4abf-88b9-e11e7840ec93', '0d6e002d-f9e9-40b1-b06f-9d25b202d76e', 'Noah Lopez', 'host', 'en', 'en', 'LEFT'),
('e4eda19d-0c6c-4807-8ec3-31bd48ee7c08', '2beee471-b74f-4abf-88b9-e11e7840ec93', '019ec641-9776-7d50-b2b9-9edb93a46d22', 'Alex CEO', 'participant', 'en', 'en', 'LEFT'),
('43b748c9-b23c-4dd9-9b16-3d62bccaeeb1', '2beee471-b74f-4abf-88b9-e11e7840ec93', '3d8d32e0-c573-49a8-b70f-b7680271b3fc', 'Jiwoo Park', 'participant', 'es', 'es', 'LEFT'),
('4a759ab1-6bb3-4534-9fc2-f3cd80bcdc6f', '2beee471-b74f-4abf-88b9-e11e7840ec93', '9d1b3750-d0b7-421d-ba01-a1a90ebf4f0d', 'Sarah Tran', 'participant', 'de', 'de', 'LEFT'),
('52fc1fbe-df77-4aca-a114-a5c0614bbd88', '2beee471-b74f-4abf-88b9-e11e7840ec93', '6b2741d3-61df-44a1-8c91-115c892156bc', 'Charlotte Brown', 'participant', 'ko', 'ko', 'LEFT'),
('b001156d-883d-4570-937c-73e75d8fca39', '2beee471-b74f-4abf-88b9-e11e7840ec93', '10e599ef-4914-4d93-9827-691603be9835', 'Jiwoo Davis', 'participant', 'ja', 'ja', 'LEFT'),
('2fa89535-2b89-4432-b2ae-53624f9ff7ed', '9d3cadad-ab74-4a27-a7b5-a225eba38d80', '521d1e16-c66a-4e1b-92cb-b52035658c45', 'Jiwoo Gonzalez', 'participant', 'it', 'it', 'CONNECTED'),
('02e7ce7a-0512-44ae-9e0d-36822a79c5c2', '9d3cadad-ab74-4a27-a7b5-a225eba38d80', 'aea00fd0-b56e-45ec-8590-b788b91e1e89', 'Emma Johnson', 'participant', 'de', 'de', 'CONNECTED'),
('0c38c9b3-1052-4b8c-8992-b04ac1b88d3f', '9d3cadad-ab74-4a27-a7b5-a225eba38d80', '895234c3-b387-4597-81b2-b7a5e797db4c', 'Ava Yamamoto', 'participant', 'fr', 'fr', 'CONNECTED'),
('85462e18-2df4-431b-b8f6-e2c7a8626b5e', 'b3cc2cb1-67ab-4b18-8a87-8d0c10927952', '3d8d32e0-c573-49a8-b70f-b7680271b3fc', 'Jiwoo Park', 'participant', 'es', 'es', 'INVITED'),
('e192b267-5d16-435f-ab2e-4038033368e1', 'b3cc2cb1-67ab-4b18-8a87-8d0c10927952', '6b2741d3-61df-44a1-8c91-115c892156bc', 'Charlotte Brown', 'participant', 'ko', 'ko', 'INVITED'),
('9a37fc9e-1dae-4742-abc9-5c3cc0b8eb63', 'b3cc2cb1-67ab-4b18-8a87-8d0c10927952', '46f79eee-5616-45a1-b67b-f1d3b14c693d', 'James Johnson', 'participant', 'fr', 'fr', 'INVITED'),
('2f7ee4e1-1b62-497d-bcd9-5b0918b50d46', 'b3cc2cb1-67ab-4b18-8a87-8d0c10927952', '13e28459-1f97-4c85-abbf-bbee36b5f2eb', 'Elena Yamamoto', 'participant', 'ko', 'ko', 'INVITED'),
('4c941498-37c5-4c0e-9d25-a467ac2daba0', 'b3cc2cb1-67ab-4b18-8a87-8d0c10927952', 'dd593620-5ff9-4048-90b0-ee58668a7ffc', 'Minh Davis', 'participant', 'fr', 'fr', 'INVITED'),
('fbc2e295-4a1b-43e1-a3d8-5eb8ab4bad69', 'b3cc2cb1-67ab-4b18-8a87-8d0c10927952', '4ddec186-4be4-479b-804d-ec1d14c1800d', 'Sophia Yamamoto', 'participant', 'fr', 'fr', 'INVITED'),
('6eeb2b47-daf6-4c48-851c-4a3e5eca3df8', 'b3cc2cb1-67ab-4b18-8a87-8d0c10927952', '10e599ef-4914-4d93-9827-691603be9835', 'Jiwoo Davis', 'host', 'ja', 'ja', 'INVITED'),
('5013b145-4c1c-4c25-ae3b-72ba97805912', '8d6f6d97-8674-4696-99c7-376a107a7e73', 'd6745894-ef32-4d18-9b91-2946e954e482', 'Isabella Park', 'participant', 'de', 'de', 'CONNECTED'),
('c5c167e1-fa38-4bf9-98ce-a4a9adf537d7', '8d6f6d97-8674-4696-99c7-376a107a7e73', '3d8d32e0-c573-49a8-b70f-b7680271b3fc', 'Jiwoo Park', 'participant', 'es', 'es', 'CONNECTED'),
('b74404a3-3661-47a3-a763-0ee83f8ca891', '8d6f6d97-8674-4696-99c7-376a107a7e73', '0d6e002d-f9e9-40b1-b06f-9d25b202d76e', 'Noah Lopez', 'participant', 'en', 'en', 'CONNECTED'),
('83410460-6fa8-4ec4-9e4d-2de8dcc162d1', '43cb4fa6-058f-48d2-a041-03b6ae3df1c9', '6b2741d3-61df-44a1-8c91-115c892156bc', 'Charlotte Brown', 'participant', 'ko', 'ko', 'INVITED'),
('d8381a2b-c213-4012-afc4-33802891a52a', '43cb4fa6-058f-48d2-a041-03b6ae3df1c9', '895234c3-b387-4597-81b2-b7a5e797db4c', 'Ava Yamamoto', 'participant', 'fr', 'fr', 'INVITED'),
('2873664e-5bac-4c70-bf20-3b07346ac52b', '43cb4fa6-058f-48d2-a041-03b6ae3df1c9', 'e3745a78-56ac-494b-afbd-d3b5d796a201', 'Minh Martinez', 'participant', 'es', 'es', 'INVITED'),
('f097b655-6e32-4959-a0d6-f90b27f2050c', '43cb4fa6-058f-48d2-a041-03b6ae3df1c9', 'e1bc958a-871d-4a3e-8448-95f62096ee15', 'Charlotte Davis', 'participant', 'ja', 'ja', 'INVITED'),
('18b1d405-e876-43e5-9b53-dd35c13b4ab8', '37f540fe-97b6-40d8-bd2a-9890b1312263', 'dd593620-5ff9-4048-90b0-ee58668a7ffc', 'Minh Davis', 'participant', 'fr', 'fr', 'CONNECTED'),
('352c94fc-e767-4d3b-b486-1743e7e998bb', '37f540fe-97b6-40d8-bd2a-9890b1312263', '13e28459-1f97-4c85-abbf-bbee36b5f2eb', 'Elena Yamamoto', 'participant', 'ko', 'ko', 'CONNECTED'),
('a57b93fe-8400-46fd-a591-6168b5fa07c1', '37f540fe-97b6-40d8-bd2a-9890b1312263', '3d8d32e0-c573-49a8-b70f-b7680271b3fc', 'Jiwoo Park', 'participant', 'es', 'es', 'CONNECTED'),
('7a1b8ec6-7ab1-4358-8bb9-4b0f8df68f12', '37f540fe-97b6-40d8-bd2a-9890b1312263', 'e1bc958a-871d-4a3e-8448-95f62096ee15', 'Charlotte Davis', 'participant', 'ja', 'ja', 'CONNECTED'),
('0bc1e28c-978c-42ac-9fe3-6e34cff93f8b', '632dd4c8-4f59-4224-85bb-5175f2a94b1b', '9d1b3750-d0b7-421d-ba01-a1a90ebf4f0d', 'Sarah Tran', 'participant', 'de', 'de', 'CONNECTED'),
('825edd41-8d21-4cde-9ef3-7f9fb68e163b', '632dd4c8-4f59-4224-85bb-5175f2a94b1b', '5f9e43b2-1ac3-4a6b-a073-0e26c9b57f1f', 'Benjamin Park', 'participant', 'fr', 'fr', 'CONNECTED'),
('0a9c18e1-a123-4724-b720-d82940960272', '632dd4c8-4f59-4224-85bb-5175f2a94b1b', '46f79eee-5616-45a1-b67b-f1d3b14c693d', 'James Johnson', 'participant', 'fr', 'fr', 'CONNECTED'),
('d6cb0d06-d811-4f55-b8fb-9446a2cada62', '632dd4c8-4f59-4224-85bb-5175f2a94b1b', '019ec641-9776-7d50-b2b9-9edb93a46d22', 'Alex CEO', 'participant', 'en', 'en', 'CONNECTED'),
('a30547a3-14fe-404d-9eeb-4f94602fc78d', '632dd4c8-4f59-4224-85bb-5175f2a94b1b', '0d6e002d-f9e9-40b1-b06f-9d25b202d76e', 'Noah Lopez', 'participant', 'en', 'en', 'CONNECTED'),
('ae8f73a5-1079-4ae8-b91d-d9228997b808', 'e0a04d07-d4b7-4eb9-819c-9aef0362c56a', '6b2741d3-61df-44a1-8c91-115c892156bc', 'Charlotte Brown', 'participant', 'ko', 'ko', 'INVITED'),
('174d2fa2-821a-4fa7-9fac-bf8dfd36d62e', 'e0a04d07-d4b7-4eb9-819c-9aef0362c56a', '5f9e43b2-1ac3-4a6b-a073-0e26c9b57f1f', 'Benjamin Park', 'participant', 'fr', 'fr', 'INVITED'),
('f0899315-d51c-4361-8446-22c3631f5e5b', 'e0a04d07-d4b7-4eb9-819c-9aef0362c56a', '13e28459-1f97-4c85-abbf-bbee36b5f2eb', 'Elena Yamamoto', 'host', 'ko', 'ko', 'INVITED'),
('6960d8c3-a7a5-40e1-b957-3670a93f3308', 'e0a04d07-d4b7-4eb9-819c-9aef0362c56a', 'e1bc958a-871d-4a3e-8448-95f62096ee15', 'Charlotte Davis', 'participant', 'ja', 'ja', 'INVITED'),
('fb2da33d-5f71-4ea2-bb41-b3f9abbad424', 'e0a04d07-d4b7-4eb9-819c-9aef0362c56a', '3d87ccd5-771d-428f-ad87-61cbdf51eaa7', 'Takashi Davis', 'participant', 'ko', 'ko', 'INVITED'),
('13381dc6-fc61-4842-8c66-d37cf1f19315', 'e0a04d07-d4b7-4eb9-819c-9aef0362c56a', 'c7fce55c-06b8-42bf-8a0b-b78e0e83299d', 'Sarah Hernandez', 'participant', 'ja', 'ja', 'INVITED'),
('4652cb2f-adf3-490e-be68-15aae70f82df', 'e0a04d07-d4b7-4eb9-819c-9aef0362c56a', 'aea00fd0-b56e-45ec-8590-b788b91e1e89', 'Emma Johnson', 'participant', 'de', 'de', 'INVITED'),
('d1625d59-2db1-476f-8171-df3faca8035b', '43779b5b-de7b-4aa5-8eb4-ed7ac025c42a', 'e3745a78-56ac-494b-afbd-d3b5d796a201', 'Minh Martinez', 'participant', 'es', 'es', 'INVITED'),
('11897ee1-afb8-40e7-9207-741890d24420', '43779b5b-de7b-4aa5-8eb4-ed7ac025c42a', '019ec641-9776-7d50-b2b9-9edb93a46d22', 'Alex CEO', 'participant', 'en', 'en', 'INVITED'),
('78c40716-bfbf-47a5-b3fd-cdaffbb10563', 'ad887561-2017-476d-89d1-50c4fcd1d617', 'd6745894-ef32-4d18-9b91-2946e954e482', 'Isabella Park', 'participant', 'de', 'de', 'INVITED'),
('13054ce0-4fda-4a91-9eba-429bb214b0e4', 'ad887561-2017-476d-89d1-50c4fcd1d617', '019ec641-9776-7d50-b2b9-9edb93a46d22', 'Alex CEO', 'participant', 'en', 'en', 'INVITED'),
('e301e0f8-e984-4340-b9d1-3fd642e34e25', 'ad887561-2017-476d-89d1-50c4fcd1d617', '5f9e43b2-1ac3-4a6b-a073-0e26c9b57f1f', 'Benjamin Park', 'participant', 'fr', 'fr', 'INVITED'),
('ff20b010-8c94-4f5a-8134-13a234cb7fb8', 'ad887561-2017-476d-89d1-50c4fcd1d617', '46f79eee-5616-45a1-b67b-f1d3b14c693d', 'James Johnson', 'host', 'fr', 'fr', 'INVITED'),
('a82dc002-2783-4680-9e97-84d7322c0164', 'ad887561-2017-476d-89d1-50c4fcd1d617', '10e599ef-4914-4d93-9827-691603be9835', 'Jiwoo Davis', 'participant', 'ja', 'ja', 'INVITED'),
('71abc8a2-9d90-479e-9a56-5c66168d5c9b', 'ad887561-2017-476d-89d1-50c4fcd1d617', 'aea00fd0-b56e-45ec-8590-b788b91e1e89', 'Emma Johnson', 'participant', 'de', 'de', 'INVITED'),
('c9e826da-d93d-4f9f-b7d7-cb62bd4c99aa', 'ad887561-2017-476d-89d1-50c4fcd1d617', '521d1e16-c66a-4e1b-92cb-b52035658c45', 'Jiwoo Gonzalez', 'participant', 'it', 'it', 'INVITED'),
('4f71e240-8aa5-48fe-b9b6-d2b22344e4e7', 'ad887561-2017-476d-89d1-50c4fcd1d617', 'c7fce55c-06b8-42bf-8a0b-b78e0e83299d', 'Sarah Hernandez', 'participant', 'ja', 'ja', 'INVITED'),
('a2132c48-98ef-440b-b8e8-0e185be8c070', 'b2905e36-486a-4d87-a615-36d8d511357f', '0d6e002d-f9e9-40b1-b06f-9d25b202d76e', 'Noah Lopez', 'participant', 'en', 'en', 'LEFT'),
('b75ffc4c-f734-42e7-a433-d6b21c9cef0f', 'b2905e36-486a-4d87-a615-36d8d511357f', '6b2741d3-61df-44a1-8c91-115c892156bc', 'Charlotte Brown', 'participant', 'ko', 'ko', 'LEFT'),
('049792ef-7d08-4d08-bb7f-0f7f015e930c', 'b2905e36-486a-4d87-a615-36d8d511357f', 'aea00fd0-b56e-45ec-8590-b788b91e1e89', 'Emma Johnson', 'participant', 'de', 'de', 'LEFT'),
('57960464-04e4-4c3d-b8aa-a2f72431db5a', 'b2905e36-486a-4d87-a615-36d8d511357f', '4ddec186-4be4-479b-804d-ec1d14c1800d', 'Sophia Yamamoto', 'participant', 'fr', 'fr', 'LEFT'),
('9c83d727-d9fc-43f0-b6cf-61403d2715c7', 'b2905e36-486a-4d87-a615-36d8d511357f', '3d87ccd5-771d-428f-ad87-61cbdf51eaa7', 'Takashi Davis', 'participant', 'ko', 'ko', 'LEFT'),
('b42e4dca-baa4-42d9-9e84-62f864301db1', 'b2905e36-486a-4d87-a615-36d8d511357f', '521d1e16-c66a-4e1b-92cb-b52035658c45', 'Jiwoo Gonzalez', 'participant', 'it', 'it', 'LEFT'),
('6ccd3ed8-7adb-46b1-a800-e41f755b46e3', 'b2905e36-486a-4d87-a615-36d8d511357f', 'd6745894-ef32-4d18-9b91-2946e954e482', 'Isabella Park', 'participant', 'de', 'de', 'LEFT'),
('2c6c9b1c-c649-46f8-a64f-7f2d7652ac1b', 'd2ff4d5a-4d9e-4b2d-97a0-ba1958939a46', '4ddec186-4be4-479b-804d-ec1d14c1800d', 'Sophia Yamamoto', 'participant', 'fr', 'fr', 'CONNECTED'),
('f0552029-6d12-4e8e-ad5b-6720801d907d', 'd2ff4d5a-4d9e-4b2d-97a0-ba1958939a46', 'a7d0b7b3-41f2-4ea9-9652-1f17f1117237', 'Noah Wilson', 'participant', 'ja', 'ja', 'CONNECTED'),
('ddc8402b-9164-4059-8da9-2913f618c6b8', 'd2ff4d5a-4d9e-4b2d-97a0-ba1958939a46', 'e1bc958a-871d-4a3e-8448-95f62096ee15', 'Charlotte Davis', 'participant', 'ja', 'ja', 'CONNECTED'),
('eb605712-7839-4608-9597-5d3aeacb1804', 'd2ff4d5a-4d9e-4b2d-97a0-ba1958939a46', '895234c3-b387-4597-81b2-b7a5e797db4c', 'Ava Yamamoto', 'participant', 'fr', 'fr', 'CONNECTED'),
('5c721e0d-2bd7-4e9b-9095-3966ca358b21', 'd2ff4d5a-4d9e-4b2d-97a0-ba1958939a46', '6b2741d3-61df-44a1-8c91-115c892156bc', 'Charlotte Brown', 'participant', 'ko', 'ko', 'CONNECTED'),
('50e84e6d-b63d-4eff-b418-5a0c8deee680', 'd2ff4d5a-4d9e-4b2d-97a0-ba1958939a46', 'c7fce55c-06b8-42bf-8a0b-b78e0e83299d', 'Sarah Hernandez', 'participant', 'ja', 'ja', 'CONNECTED'),
('8c361385-f979-41dd-82af-5e2c97562ff3', 'd2ff4d5a-4d9e-4b2d-97a0-ba1958939a46', '3d8d32e0-c573-49a8-b70f-b7680271b3fc', 'Jiwoo Park', 'participant', 'es', 'es', 'CONNECTED'),
('9c10c1dd-9e14-4d51-8b6d-4d1b37b51944', 'aff5731f-02ed-4057-9b6c-ac2afbf0eac1', '521d1e16-c66a-4e1b-92cb-b52035658c45', 'Jiwoo Gonzalez', 'participant', 'it', 'it', 'CONNECTED'),
('bad79556-8372-4ddb-8023-5fa5f75bc76a', 'aff5731f-02ed-4057-9b6c-ac2afbf0eac1', 'cdc4c4b9-ef73-4026-a59b-cfff8761c747', 'James Yamamoto', 'participant', 'ja', 'ja', 'CONNECTED'),
('dc0f260a-9091-4919-8ccd-8f829c0ab4a2', 'aff5731f-02ed-4057-9b6c-ac2afbf0eac1', 'd6745894-ef32-4d18-9b91-2946e954e482', 'Isabella Park', 'participant', 'de', 'de', 'CONNECTED'),
('df009cf6-8e62-46cd-808c-562fd464a27e', 'aff5731f-02ed-4057-9b6c-ac2afbf0eac1', '5f9e43b2-1ac3-4a6b-a073-0e26c9b57f1f', 'Benjamin Park', 'participant', 'fr', 'fr', 'CONNECTED'),
('909b169d-1479-4b11-b613-a84a693722be', 'aff5731f-02ed-4057-9b6c-ac2afbf0eac1', '46f79eee-5616-45a1-b67b-f1d3b14c693d', 'James Johnson', 'participant', 'fr', 'fr', 'CONNECTED'),
('59006582-da5b-4e3b-9cde-bfd2aa2c76d3', 'aff5731f-02ed-4057-9b6c-ac2afbf0eac1', 'c7fce55c-06b8-42bf-8a0b-b78e0e83299d', 'Sarah Hernandez', 'participant', 'ja', 'ja', 'CONNECTED'),
('73ee6aff-feee-4c9e-b277-985fe416db45', 'aff5731f-02ed-4057-9b6c-ac2afbf0eac1', '10e599ef-4914-4d93-9827-691603be9835', 'Jiwoo Davis', 'participant', 'ja', 'ja', 'CONNECTED'),
('c6879a8d-edd5-4ca6-9e40-bce5db5ae833', 'aff5731f-02ed-4057-9b6c-ac2afbf0eac1', '4ddec186-4be4-479b-804d-ec1d14c1800d', 'Sophia Yamamoto', 'host', 'fr', 'fr', 'CONNECTED'),
('98fae17a-4261-4d2c-a81c-01bd6fa288e9', 'b1a54456-f1bb-4ae7-a321-5d210bb504cb', '6b2741d3-61df-44a1-8c91-115c892156bc', 'Charlotte Brown', 'participant', 'ko', 'ko', 'INVITED'),
('b3c54304-6fb2-40ad-bdad-5d228f8d4d33', 'b1a54456-f1bb-4ae7-a321-5d210bb504cb', 'cdc4c4b9-ef73-4026-a59b-cfff8761c747', 'James Yamamoto', 'participant', 'ja', 'ja', 'INVITED'),
('d51e8098-dc96-4e8f-87c8-4f04e31fd258', 'b1a54456-f1bb-4ae7-a321-5d210bb504cb', '3d87ccd5-771d-428f-ad87-61cbdf51eaa7', 'Takashi Davis', 'participant', 'ko', 'ko', 'INVITED'),
('65991358-de8d-4d7d-b0ad-6031b5010a15', 'bcbcaa97-5bb8-432d-a946-af18c4b66dd7', '3d87ccd5-771d-428f-ad87-61cbdf51eaa7', 'Takashi Davis', 'participant', 'ko', 'ko', 'CONNECTED'),
('cab46438-6950-481e-9fe5-9c1c1b6b366c', 'bcbcaa97-5bb8-432d-a946-af18c4b66dd7', '6b2741d3-61df-44a1-8c91-115c892156bc', 'Charlotte Brown', 'participant', 'ko', 'ko', 'CONNECTED'),
('9ea41c89-f706-4ed5-87e6-6e5d950b1d5c', 'bcbcaa97-5bb8-432d-a946-af18c4b66dd7', '5f9e43b2-1ac3-4a6b-a073-0e26c9b57f1f', 'Benjamin Park', 'participant', 'fr', 'fr', 'CONNECTED'),
('88dfba0d-9ee0-4f5f-9396-b1b2ac73af25', 'bcbcaa97-5bb8-432d-a946-af18c4b66dd7', '3d8d32e0-c573-49a8-b70f-b7680271b3fc', 'Jiwoo Park', 'participant', 'es', 'es', 'CONNECTED'),
('e3a6ef15-a0dd-493b-a774-9552d3620cad', 'bcbcaa97-5bb8-432d-a946-af18c4b66dd7', '0d6e002d-f9e9-40b1-b06f-9d25b202d76e', 'Noah Lopez', 'participant', 'en', 'en', 'CONNECTED'),
('15c41405-083f-4e04-9e4b-531172aef331', 'bcbcaa97-5bb8-432d-a946-af18c4b66dd7', 'c7fce55c-06b8-42bf-8a0b-b78e0e83299d', 'Sarah Hernandez', 'participant', 'ja', 'ja', 'CONNECTED'),
('cf10d199-ebcc-42a1-8407-e61a77550432', 'bcbcaa97-5bb8-432d-a946-af18c4b66dd7', 'a7d0b7b3-41f2-4ea9-9652-1f17f1117237', 'Noah Wilson', 'participant', 'ja', 'ja', 'CONNECTED'),
('d8622dbd-11e2-410c-af1b-2520909fe7e9', 'bcbcaa97-5bb8-432d-a946-af18c4b66dd7', 'e1bc958a-871d-4a3e-8448-95f62096ee15', 'Charlotte Davis', 'participant', 'ja', 'ja', 'CONNECTED'),
('29348d8c-bfab-4ee2-bd6a-4c99757cd11e', '81a5921b-ef89-4fea-87bc-070c99d1d130', '3d87ccd5-771d-428f-ad87-61cbdf51eaa7', 'Takashi Davis', 'participant', 'ko', 'ko', 'INVITED'),
('e1fefbc8-0c50-4472-9971-1a90c46359f3', '81a5921b-ef89-4fea-87bc-070c99d1d130', '10e599ef-4914-4d93-9827-691603be9835', 'Jiwoo Davis', 'participant', 'ja', 'ja', 'INVITED'),
('32a03ffd-2e98-4e57-8838-29f49bc7f9bb', '81a5921b-ef89-4fea-87bc-070c99d1d130', 'e3745a78-56ac-494b-afbd-d3b5d796a201', 'Minh Martinez', 'participant', 'es', 'es', 'INVITED'),
('8de24590-34c8-4a0c-a9e5-68ba1746c148', '81a5921b-ef89-4fea-87bc-070c99d1d130', '895234c3-b387-4597-81b2-b7a5e797db4c', 'Ava Yamamoto', 'participant', 'fr', 'fr', 'INVITED'),
('291d31a7-5bd9-4239-8bca-9743763b7296', '81a5921b-ef89-4fea-87bc-070c99d1d130', 'a7d0b7b3-41f2-4ea9-9652-1f17f1117237', 'Noah Wilson', 'participant', 'ja', 'ja', 'INVITED'),
('754f9e2f-7612-4fa4-85f7-ee0d2ba3135f', '81a5921b-ef89-4fea-87bc-070c99d1d130', 'd6745894-ef32-4d18-9b91-2946e954e482', 'Isabella Park', 'participant', 'de', 'de', 'INVITED'),
('e183ac4f-a2aa-45fe-90fe-8d2c95fcd276', '81a5921b-ef89-4fea-87bc-070c99d1d130', 'dd593620-5ff9-4048-90b0-ee58668a7ffc', 'Minh Davis', 'participant', 'fr', 'fr', 'INVITED'),
('8cffb32f-1091-4c20-937b-65f7f9a23541', '81a5921b-ef89-4fea-87bc-070c99d1d130', '5f9e43b2-1ac3-4a6b-a073-0e26c9b57f1f', 'Benjamin Park', 'host', 'fr', 'fr', 'INVITED'),
('d4f85700-7430-4584-86e0-f87beb27fae7', '933adfe1-8561-4e60-b3cf-03a28be75450', '895234c3-b387-4597-81b2-b7a5e797db4c', 'Ava Yamamoto', 'participant', 'fr', 'fr', 'INVITED'),
('7c3c4295-6ce5-41fc-afcf-2ac302ee378e', '933adfe1-8561-4e60-b3cf-03a28be75450', 'c7fce55c-06b8-42bf-8a0b-b78e0e83299d', 'Sarah Hernandez', 'participant', 'ja', 'ja', 'INVITED'),
('3a6a7a1a-edc9-4acc-9ca1-2b5a5e2cec29', '933adfe1-8561-4e60-b3cf-03a28be75450', 'e3745a78-56ac-494b-afbd-d3b5d796a201', 'Minh Martinez', 'participant', 'es', 'es', 'INVITED'),
('b2681223-fb36-4d8a-adb0-12f0d13decf1', '933adfe1-8561-4e60-b3cf-03a28be75450', 'dd593620-5ff9-4048-90b0-ee58668a7ffc', 'Minh Davis', 'participant', 'fr', 'fr', 'INVITED'),
('744b1619-86dd-46fe-9968-8f18c1322249', 'f67152ad-e515-4cb5-89e8-44acc59b2487', 'd6745894-ef32-4d18-9b91-2946e954e482', 'Isabella Park', 'participant', 'de', 'de', 'INVITED'),
('c0007431-33cf-4109-8904-80d7c8c32b67', 'f67152ad-e515-4cb5-89e8-44acc59b2487', '3d87ccd5-771d-428f-ad87-61cbdf51eaa7', 'Takashi Davis', 'participant', 'ko', 'ko', 'INVITED'),
('f52145be-3949-4913-a50a-6338c232712e', 'f67152ad-e515-4cb5-89e8-44acc59b2487', '9d1b3750-d0b7-421d-ba01-a1a90ebf4f0d', 'Sarah Tran', 'participant', 'de', 'de', 'INVITED'),
('29571aa2-8cb4-4d26-8434-49a06fb1f3e3', 'f67152ad-e515-4cb5-89e8-44acc59b2487', '0d6e002d-f9e9-40b1-b06f-9d25b202d76e', 'Noah Lopez', 'participant', 'en', 'en', 'INVITED'),
('bb3932aa-8412-4b4b-b5cf-ac5ebd76694f', 'f67152ad-e515-4cb5-89e8-44acc59b2487', 'e3745a78-56ac-494b-afbd-d3b5d796a201', 'Minh Martinez', 'participant', 'es', 'es', 'INVITED'),
('4892c7a1-f8f3-4e4f-af72-745d48ad2277', '7e0dacba-cc6a-43bf-9f43-b0b801283f45', 'aea00fd0-b56e-45ec-8590-b788b91e1e89', 'Emma Johnson', 'participant', 'de', 'de', 'INVITED'),
('1804780a-d433-4d8c-9a02-fbccda459022', '7e0dacba-cc6a-43bf-9f43-b0b801283f45', '3d87ccd5-771d-428f-ad87-61cbdf51eaa7', 'Takashi Davis', 'participant', 'ko', 'ko', 'INVITED'),
('b380b3ee-b670-4c7b-a551-01392f750ca7', '7e0dacba-cc6a-43bf-9f43-b0b801283f45', '10e599ef-4914-4d93-9827-691603be9835', 'Jiwoo Davis', 'participant', 'ja', 'ja', 'INVITED'),
('4d42d71a-1b4b-481e-b7ce-1daa06386590', '7e0dacba-cc6a-43bf-9f43-b0b801283f45', 'd6745894-ef32-4d18-9b91-2946e954e482', 'Isabella Park', 'participant', 'de', 'de', 'INVITED'),
('5f01552e-5c3e-4e04-9cf6-fe8f3ace7839', '3e321b3f-3f67-4ce9-b628-dfc12f566e3c', 'aea00fd0-b56e-45ec-8590-b788b91e1e89', 'Emma Johnson', 'participant', 'de', 'de', 'LEFT'),
('ad644551-3b12-47e1-8813-9145553f499c', '3e321b3f-3f67-4ce9-b628-dfc12f566e3c', 'c7fce55c-06b8-42bf-8a0b-b78e0e83299d', 'Sarah Hernandez', 'participant', 'ja', 'ja', 'LEFT'),
('5e70823e-6475-42e1-9094-5cf6a933e55d', '3e321b3f-3f67-4ce9-b628-dfc12f566e3c', '5f9e43b2-1ac3-4a6b-a073-0e26c9b57f1f', 'Benjamin Park', 'participant', 'fr', 'fr', 'LEFT'),
('74da2e9a-12c6-4a81-8f3b-f7715db6de31', '3e321b3f-3f67-4ce9-b628-dfc12f566e3c', 'e1bc958a-871d-4a3e-8448-95f62096ee15', 'Charlotte Davis', 'participant', 'ja', 'ja', 'LEFT'),
('d7ec5465-c59a-4989-991e-d12f7c098cc9', '3abd9109-46a2-489e-8eae-8e6e2e1e318b', '46f79eee-5616-45a1-b67b-f1d3b14c693d', 'James Johnson', 'participant', 'fr', 'fr', 'INVITED'),
('211f2109-5b28-43a9-a401-e85f8ba20cb4', '3abd9109-46a2-489e-8eae-8e6e2e1e318b', '019ec641-9776-7d50-b2b9-9edb93a46d22', 'Alex CEO', 'participant', 'en', 'en', 'INVITED'),
('e387f3b1-bb16-4316-942d-9de6356072ee', '3abd9109-46a2-489e-8eae-8e6e2e1e318b', '0d6e002d-f9e9-40b1-b06f-9d25b202d76e', 'Noah Lopez', 'participant', 'en', 'en', 'INVITED'),
('261c9ee0-613c-44d8-9ea8-f990f2dc84e9', '3abd9109-46a2-489e-8eae-8e6e2e1e318b', '3d8d32e0-c573-49a8-b70f-b7680271b3fc', 'Jiwoo Park', 'participant', 'es', 'es', 'INVITED'),
('b6d2424f-e92a-4b6c-b6ac-0797a51fc776', '3abd9109-46a2-489e-8eae-8e6e2e1e318b', '10e599ef-4914-4d93-9827-691603be9835', 'Jiwoo Davis', 'participant', 'ja', 'ja', 'INVITED'),
('58ca1430-947c-4f9d-bb80-8b7d521cc3e3', '2fb8988d-d43f-4993-8b52-266936e6d978', '46f79eee-5616-45a1-b67b-f1d3b14c693d', 'James Johnson', 'participant', 'fr', 'fr', 'LEFT'),
('80efff68-d9ff-4bd0-b629-f11ace8b5390', '2fb8988d-d43f-4993-8b52-266936e6d978', '895234c3-b387-4597-81b2-b7a5e797db4c', 'Ava Yamamoto', 'participant', 'fr', 'fr', 'LEFT'),
('58a8f268-3d2f-4791-985e-20dfd1bdb616', '2fb8988d-d43f-4993-8b52-266936e6d978', 'aea00fd0-b56e-45ec-8590-b788b91e1e89', 'Emma Johnson', 'participant', 'de', 'de', 'LEFT'),
('d7487f62-91bd-4414-9cee-b9d41a6fa07c', '2fb8988d-d43f-4993-8b52-266936e6d978', 'a7d0b7b3-41f2-4ea9-9652-1f17f1117237', 'Noah Wilson', 'participant', 'ja', 'ja', 'LEFT'),
('234e50c5-0a38-4ad9-becc-dc827d1ba414', '2fb8988d-d43f-4993-8b52-266936e6d978', 'cdc4c4b9-ef73-4026-a59b-cfff8761c747', 'James Yamamoto', 'participant', 'ja', 'ja', 'LEFT'),
('7be210b5-b6cf-4735-b28e-ba1a9b25610f', '2fb8988d-d43f-4993-8b52-266936e6d978', 'e1bc958a-871d-4a3e-8448-95f62096ee15', 'Charlotte Davis', 'participant', 'ja', 'ja', 'LEFT'),
('c4e9c44b-ddb1-4ab9-b61b-341032f7d441', '2fb8988d-d43f-4993-8b52-266936e6d978', '3d87ccd5-771d-428f-ad87-61cbdf51eaa7', 'Takashi Davis', 'participant', 'ko', 'ko', 'LEFT'),
('39fc93be-3546-453a-b1a2-b31e8af5a40b', 'a5f3cbd1-7a7a-4fd3-8c3b-3a0b4cc99ac3', '895234c3-b387-4597-81b2-b7a5e797db4c', 'Ava Yamamoto', 'participant', 'fr', 'fr', 'INVITED'),
('727f12a6-84d9-4c0b-9abb-38535f15369f', 'a5f3cbd1-7a7a-4fd3-8c3b-3a0b4cc99ac3', 'aea00fd0-b56e-45ec-8590-b788b91e1e89', 'Emma Johnson', 'participant', 'de', 'de', 'INVITED'),
('abc1cf98-b23f-4607-90ea-bbb8a36937a7', 'a5f3cbd1-7a7a-4fd3-8c3b-3a0b4cc99ac3', '0d6e002d-f9e9-40b1-b06f-9d25b202d76e', 'Noah Lopez', 'participant', 'en', 'en', 'INVITED'),
('d45f1e9a-973a-467d-afbc-78eda2ee4aa8', 'a5f3cbd1-7a7a-4fd3-8c3b-3a0b4cc99ac3', '9d1b3750-d0b7-421d-ba01-a1a90ebf4f0d', 'Sarah Tran', 'participant', 'de', 'de', 'INVITED'),
('ba328391-80c2-4640-9aaa-8e02854d4806', 'a5f3cbd1-7a7a-4fd3-8c3b-3a0b4cc99ac3', '5f9e43b2-1ac3-4a6b-a073-0e26c9b57f1f', 'Benjamin Park', 'participant', 'fr', 'fr', 'INVITED'),
('81a7a6f6-dedd-489b-bdb2-b01f7415ca07', '0309e502-d4e4-4286-9953-41836d80345e', '4ddec186-4be4-479b-804d-ec1d14c1800d', 'Sophia Yamamoto', 'participant', 'fr', 'fr', 'INVITED'),
('ccd0179e-f10e-4fab-a866-dc835ddde481', '0309e502-d4e4-4286-9953-41836d80345e', '3d8d32e0-c573-49a8-b70f-b7680271b3fc', 'Jiwoo Park', 'participant', 'es', 'es', 'INVITED'),
('2736eb8b-bb9e-4236-b2d6-ff39a80f5888', '0309e502-d4e4-4286-9953-41836d80345e', '019ec641-9776-7d50-b2b9-9edb93a46d22', 'Alex CEO', 'participant', 'en', 'en', 'INVITED'),
('4bd0c53f-9926-47d7-89fe-66fc3eef4f8f', '0309e502-d4e4-4286-9953-41836d80345e', '5f9e43b2-1ac3-4a6b-a073-0e26c9b57f1f', 'Benjamin Park', 'participant', 'fr', 'fr', 'INVITED'),
('8afe49e1-9478-4deb-9e7e-feba2b34b2cd', '0309e502-d4e4-4286-9953-41836d80345e', '895234c3-b387-4597-81b2-b7a5e797db4c', 'Ava Yamamoto', 'participant', 'fr', 'fr', 'INVITED'),
('a4953099-ddc5-4386-b119-0ac5d3da3c2b', '0309e502-d4e4-4286-9953-41836d80345e', '46f79eee-5616-45a1-b67b-f1d3b14c693d', 'James Johnson', 'participant', 'fr', 'fr', 'INVITED'),
('2c9a3792-ea59-42d8-85af-56e933ced901', '0309e502-d4e4-4286-9953-41836d80345e', 'aea00fd0-b56e-45ec-8590-b788b91e1e89', 'Emma Johnson', 'participant', 'de', 'de', 'INVITED'),
('43b29238-876c-4a0e-a6a7-ec47e9864bde', '02dcb658-d889-412f-87a6-620847a5f6bf', '895234c3-b387-4597-81b2-b7a5e797db4c', 'Ava Yamamoto', 'participant', 'fr', 'fr', 'INVITED'),
('34f256d8-d94c-439a-a096-1e47b97a725f', '02dcb658-d889-412f-87a6-620847a5f6bf', '6b2741d3-61df-44a1-8c91-115c892156bc', 'Charlotte Brown', 'participant', 'ko', 'ko', 'INVITED'),
('e99e1c75-ef57-4040-8576-815a41262f90', '02dcb658-d889-412f-87a6-620847a5f6bf', 'dd593620-5ff9-4048-90b0-ee58668a7ffc', 'Minh Davis', 'participant', 'fr', 'fr', 'INVITED'),
('96833f1c-84b6-446c-a237-d8245c404b65', '02dcb658-d889-412f-87a6-620847a5f6bf', '521d1e16-c66a-4e1b-92cb-b52035658c45', 'Jiwoo Gonzalez', 'participant', 'it', 'it', 'INVITED'),
('828de50c-a8a1-40b4-a86e-5eadb682ba5a', '02dcb658-d889-412f-87a6-620847a5f6bf', '0d6e002d-f9e9-40b1-b06f-9d25b202d76e', 'Noah Lopez', 'participant', 'en', 'en', 'INVITED'),
('e9e3c9eb-73a2-484c-bf5c-ff9b200a4faf', '02dcb658-d889-412f-87a6-620847a5f6bf', '4ddec186-4be4-479b-804d-ec1d14c1800d', 'Sophia Yamamoto', 'participant', 'fr', 'fr', 'INVITED'),
('6029d713-4b7a-4ca7-9d73-534d4570152a', 'a2ffc196-42f6-4a57-92a4-98031fba42d1', '4ddec186-4be4-479b-804d-ec1d14c1800d', 'Sophia Yamamoto', 'participant', 'fr', 'fr', 'INVITED'),
('c57d0e4a-b75f-40f2-86ec-632f58f509cf', 'a2ffc196-42f6-4a57-92a4-98031fba42d1', 'a7d0b7b3-41f2-4ea9-9652-1f17f1117237', 'Noah Wilson', 'participant', 'ja', 'ja', 'INVITED'),
('b3ae3415-cfc0-4249-a197-ac01f971daef', 'a2ffc196-42f6-4a57-92a4-98031fba42d1', 'e3745a78-56ac-494b-afbd-d3b5d796a201', 'Minh Martinez', 'participant', 'es', 'es', 'INVITED'),
('bf866da7-e48b-407b-a9f1-ec9d3a46059a', 'a2ffc196-42f6-4a57-92a4-98031fba42d1', '019ec641-9776-7d50-b2b9-9edb93a46d22', 'Alex CEO', 'participant', 'en', 'en', 'INVITED'),
('a5033d1d-8c1c-410b-b32c-38468ba475e6', 'a2ffc196-42f6-4a57-92a4-98031fba42d1', '521d1e16-c66a-4e1b-92cb-b52035658c45', 'Jiwoo Gonzalez', 'participant', 'it', 'it', 'INVITED'),
('894a7729-29bc-43ea-a772-b4fee4c60536', 'a2ffc196-42f6-4a57-92a4-98031fba42d1', 'c7fce55c-06b8-42bf-8a0b-b78e0e83299d', 'Sarah Hernandez', 'participant', 'ja', 'ja', 'INVITED'),
('47be6691-64f6-46a1-8cdf-d2c4d46a3704', 'a2ffc196-42f6-4a57-92a4-98031fba42d1', '3d87ccd5-771d-428f-ad87-61cbdf51eaa7', 'Takashi Davis', 'participant', 'ko', 'ko', 'INVITED'),
('7f5839d8-b3d2-412d-ae42-36fb2d5fe812', 'a2ffc196-42f6-4a57-92a4-98031fba42d1', 'e1bc958a-871d-4a3e-8448-95f62096ee15', 'Charlotte Davis', 'participant', 'ja', 'ja', 'INVITED'),
('f69c4eba-8cef-4e21-9f2e-19b456f9d3aa', 'dacba524-c362-48b9-97b5-69872f416f3a', 'c7fce55c-06b8-42bf-8a0b-b78e0e83299d', 'Sarah Hernandez', 'participant', 'ja', 'ja', 'LEFT'),
('87b05f3c-93a9-4a5e-a402-8c5cab5e84bb', 'dacba524-c362-48b9-97b5-69872f416f3a', 'a7d0b7b3-41f2-4ea9-9652-1f17f1117237', 'Noah Wilson', 'participant', 'ja', 'ja', 'LEFT'),
('80c57a8f-1ac8-481b-83a1-ff98b8c230af', 'dacba524-c362-48b9-97b5-69872f416f3a', 'aea00fd0-b56e-45ec-8590-b788b91e1e89', 'Emma Johnson', 'participant', 'de', 'de', 'LEFT'),
('83d07a6c-92d8-4464-af09-264969de7e93', 'dacba524-c362-48b9-97b5-69872f416f3a', '9d1b3750-d0b7-421d-ba01-a1a90ebf4f0d', 'Sarah Tran', 'participant', 'de', 'de', 'LEFT'),
('ec4ac5cc-4868-4bde-96f3-50ae2f4b6a34', 'dacba524-c362-48b9-97b5-69872f416f3a', '521d1e16-c66a-4e1b-92cb-b52035658c45', 'Jiwoo Gonzalez', 'participant', 'it', 'it', 'LEFT'),
('eaa85369-5d13-4c6a-9505-261f3b187978', 'dacba524-c362-48b9-97b5-69872f416f3a', '6b2741d3-61df-44a1-8c91-115c892156bc', 'Charlotte Brown', 'participant', 'ko', 'ko', 'LEFT'),
('098d2826-e1bf-4342-a457-94aec6f8ef2a', 'dacba524-c362-48b9-97b5-69872f416f3a', '13e28459-1f97-4c85-abbf-bbee36b5f2eb', 'Elena Yamamoto', 'participant', 'ko', 'ko', 'LEFT'),
('26b0e7fd-0f0d-4620-92a5-9c4b1dc5d0f9', 'b0148d38-397f-4f2c-bd8f-85241605f749', '019ec641-9776-7d50-b2b9-9edb93a46d22', 'Alex CEO', 'participant', 'en', 'en', 'INVITED'),
('c12e1894-bd1c-4c7e-927f-6edaf655d00e', 'b0148d38-397f-4f2c-bd8f-85241605f749', '13e28459-1f97-4c85-abbf-bbee36b5f2eb', 'Elena Yamamoto', 'participant', 'ko', 'ko', 'INVITED'),
('e592f673-2149-46fb-86e3-848e40a77abc', 'b0148d38-397f-4f2c-bd8f-85241605f749', '3d8d32e0-c573-49a8-b70f-b7680271b3fc', 'Jiwoo Park', 'participant', 'es', 'es', 'INVITED'),
('7b164759-99fa-4a94-97d8-b501413ddef2', 'b0148d38-397f-4f2c-bd8f-85241605f749', '0d6e002d-f9e9-40b1-b06f-9d25b202d76e', 'Noah Lopez', 'participant', 'en', 'en', 'INVITED'),
('3763dae2-dbc5-45a5-8a7f-e5c5926523d0', '19d3cd37-d9e3-47bd-8244-e777e1dc9e76', '50442bf2-6e64-4504-aa84-7a944810f406', 'John Davis', 'participant', 'vi', 'vi', 'CONNECTED'),
('f4087873-7964-4d1f-8742-294658f81a28', '19d3cd37-d9e3-47bd-8244-e777e1dc9e76', '4ddec186-4be4-479b-804d-ec1d14c1800d', 'Sophia Yamamoto', 'participant', 'fr', 'fr', 'CONNECTED'),
('3c86ef97-828a-4739-b35c-321c32d29cdb', '19d3cd37-d9e3-47bd-8244-e777e1dc9e76', 'f3f7d959-1f40-47bc-9e1c-f3186eda5349', 'Olivia Rossi', 'participant', 'de', 'de', 'CONNECTED'),
('6c46b540-4813-4312-95f4-c8bac678ebdd', '19d3cd37-d9e3-47bd-8244-e777e1dc9e76', 'd56fe135-787f-43a4-96ef-e4142a12e4c6', 'William Williams', 'participant', 'it', 'it', 'CONNECTED'),
('06e7d886-41d8-4d1c-b40f-5c6aac18bb9e', '19d3cd37-d9e3-47bd-8244-e777e1dc9e76', '148fbd6b-2989-49cd-8e0d-cb25c359a370', 'Elena Rossi', 'participant', 'vi', 'vi', 'CONNECTED'),
('27bea70a-d813-477f-ab39-df9d67823d8c', '19d3cd37-d9e3-47bd-8244-e777e1dc9e76', '261cd608-415f-4ff7-903b-cb6f0751b2ae', 'Sophia Hernandez', 'host', 'fr', 'fr', 'CONNECTED'),
('89af48bb-8618-44be-923d-41d22b7bdf98', '252d812b-a0d0-43c9-b638-bf21eb515e40', '148fbd6b-2989-49cd-8e0d-cb25c359a370', 'Elena Rossi', 'participant', 'vi', 'vi', 'INVITED'),
('5ce3b6c1-b683-4a78-9c97-6cd15b2359c3', '252d812b-a0d0-43c9-b638-bf21eb515e40', '261cd608-415f-4ff7-903b-cb6f0751b2ae', 'Sophia Hernandez', 'participant', 'fr', 'fr', 'INVITED'),
('3fc6d1c8-e429-4474-946f-715b857f2246', '252d812b-a0d0-43c9-b638-bf21eb515e40', '5df3e906-e7e9-43a6-a892-7ccd3502486b', 'Noah Yamamoto', 'participant', 'fr', 'fr', 'INVITED'),
('a11a485e-b7f5-48e9-bb02-a708806aa674', '252d812b-a0d0-43c9-b638-bf21eb515e40', '2aa3e4d6-68dc-4351-8b9f-393639073c7c', 'James Rodriguez', 'participant', 'ja', 'ja', 'INVITED'),
('590f9356-7d59-4b47-ad19-d9dee0d00e74', '252d812b-a0d0-43c9-b638-bf21eb515e40', '6b59eef9-03ab-46dc-9434-0b1d93be2972', 'Charlotte Miller', 'participant', 'fr', 'fr', 'INVITED'),
('12f19184-e401-421e-bacc-c5c313566d32', '252d812b-a0d0-43c9-b638-bf21eb515e40', '9cc259a7-eccd-4a75-87ce-1bc62ecc8a7d', 'Olivia Park', 'participant', 'ja', 'ja', 'INVITED'),
('5d0d4c28-8bcf-45f1-a4ad-c0de9b7de5eb', '252d812b-a0d0-43c9-b638-bf21eb515e40', '10e599ef-4914-4d93-9827-691603be9835', 'Jiwoo Davis', 'participant', 'ja', 'ja', 'INVITED'),
('43f954cd-7969-45ac-909c-162ce4828009', 'b96c90e7-d0d2-40ef-92a1-b3c0f745cd3b', '0d26cbe1-191c-4016-a19e-f71602d333bd', 'William Johnson', 'participant', 'fr', 'fr', 'INVITED'),
('c5d13295-ba90-4f4f-8269-2507332d7dad', 'b96c90e7-d0d2-40ef-92a1-b3c0f745cd3b', '9d1b3750-d0b7-421d-ba01-a1a90ebf4f0d', 'Sarah Tran', 'participant', 'de', 'de', 'INVITED'),
('6fd610dd-d12e-45c5-9c5e-12888cceea86', 'b96c90e7-d0d2-40ef-92a1-b3c0f745cd3b', 'f3f7d959-1f40-47bc-9e1c-f3186eda5349', 'Olivia Rossi', 'participant', 'de', 'de', 'INVITED'),
('87461a26-8ac7-4a16-ada9-d134d5826c8e', 'b96c90e7-d0d2-40ef-92a1-b3c0f745cd3b', '148fbd6b-2989-49cd-8e0d-cb25c359a370', 'Elena Rossi', 'participant', 'vi', 'vi', 'INVITED'),
('a96316b9-5224-4c97-bf6f-9e000134eac5', '3a2e60f6-64eb-4fb1-8cf6-ea73679b3e67', '3d87ccd5-771d-428f-ad87-61cbdf51eaa7', 'Takashi Davis', 'host', 'ko', 'ko', 'INVITED'),
('c48558cd-6e32-4bcd-bc19-0fcd52cf1985', '3a2e60f6-64eb-4fb1-8cf6-ea73679b3e67', '10e599ef-4914-4d93-9827-691603be9835', 'Jiwoo Davis', 'participant', 'ja', 'ja', 'INVITED'),
('58f52f7b-7f9b-4e05-8b3e-fdb3ca87b128', '3a2e60f6-64eb-4fb1-8cf6-ea73679b3e67', 'f3f7d959-1f40-47bc-9e1c-f3186eda5349', 'Olivia Rossi', 'participant', 'de', 'de', 'INVITED'),
('0f431062-a1ed-4c97-b5c4-3c09bb8c53ae', '3a2e60f6-64eb-4fb1-8cf6-ea73679b3e67', '148fbd6b-2989-49cd-8e0d-cb25c359a370', 'Elena Rossi', 'participant', 'vi', 'vi', 'INVITED'),
('b22e12ab-e407-41d7-b6b9-d00602cf0705', '3a2e60f6-64eb-4fb1-8cf6-ea73679b3e67', '656b92e2-1fcd-47b4-8502-ee4b634fb00d', 'Isabella Hernandez', 'participant', 'ja', 'ja', 'INVITED'),
('9bbe2f7b-7c2a-4234-b996-b821b2b42e7e', '3a2e60f6-64eb-4fb1-8cf6-ea73679b3e67', '68a25067-fed7-4e4c-a54d-f5c43e7ec824', 'Liam Chen', 'participant', 'vi', 'vi', 'INVITED'),
('4f19caba-2291-4949-85ee-9a9996ec27a0', '3a2e60f6-64eb-4fb1-8cf6-ea73679b3e67', '646468ed-2c90-4084-a495-1e6c193a886c', 'James Williams', 'participant', 'it', 'it', 'INVITED'),
('3e1c0951-ae00-48f8-bac4-e63fcb3f4362', '3a2e60f6-64eb-4fb1-8cf6-ea73679b3e67', '5df3e906-e7e9-43a6-a892-7ccd3502486b', 'Noah Yamamoto', 'participant', 'fr', 'fr', 'INVITED'),
('181ddd30-b152-4d43-916f-735eed0134bd', 'b0632e73-3bca-455f-8258-92f37b3b3992', '46f79eee-5616-45a1-b67b-f1d3b14c693d', 'James Johnson', 'participant', 'fr', 'fr', 'INVITED'),
('05546ef8-d1de-4212-857a-4b46b346d8e4', 'b0632e73-3bca-455f-8258-92f37b3b3992', 'f3f7d959-1f40-47bc-9e1c-f3186eda5349', 'Olivia Rossi', 'participant', 'de', 'de', 'INVITED'),
('e3fe79ff-8198-4896-89c1-27862d6e15ae', '3a4f4051-069b-4b85-b4f0-fbdf2d7d3247', '261cd608-415f-4ff7-903b-cb6f0751b2ae', 'Sophia Hernandez', 'participant', 'fr', 'fr', 'INVITED'),
('9df1e07e-3030-416c-b1a5-dc92179bd794', '3a4f4051-069b-4b85-b4f0-fbdf2d7d3247', '6b59eef9-03ab-46dc-9434-0b1d93be2972', 'Charlotte Miller', 'participant', 'fr', 'fr', 'INVITED'),
('4d37c65d-5b70-4be0-ba14-890b927a860b', '3a4f4051-069b-4b85-b4f0-fbdf2d7d3247', '5df3e906-e7e9-43a6-a892-7ccd3502486b', 'Noah Yamamoto', 'participant', 'fr', 'fr', 'INVITED'),
('db1b1d5c-449b-4638-bec8-e60e5e88a169', 'ff51d8a3-df58-4671-b2f2-0c131bf66229', '10e599ef-4914-4d93-9827-691603be9835', 'Jiwoo Davis', 'participant', 'ja', 'ja', 'INVITED'),
('3fe547ed-74e6-4642-8e4b-ccdedbce165c', 'ff51d8a3-df58-4671-b2f2-0c131bf66229', '6b59eef9-03ab-46dc-9434-0b1d93be2972', 'Charlotte Miller', 'participant', 'fr', 'fr', 'INVITED'),
('b480d138-bd3b-46f0-9e1d-aba15fe4fefa', 'ff51d8a3-df58-4671-b2f2-0c131bf66229', '3d87ccd5-771d-428f-ad87-61cbdf51eaa7', 'Takashi Davis', 'participant', 'ko', 'ko', 'INVITED'),
('86198801-0461-436f-a6e5-e0360b7aed5d', 'ff51d8a3-df58-4671-b2f2-0c131bf66229', '68a25067-fed7-4e4c-a54d-f5c43e7ec824', 'Liam Chen', 'participant', 'vi', 'vi', 'INVITED'),
('7adf093e-a58a-4572-8b73-660d5b3eb7af', 'ff51d8a3-df58-4671-b2f2-0c131bf66229', 'd56fe135-787f-43a4-96ef-e4142a12e4c6', 'William Williams', 'participant', 'it', 'it', 'INVITED'),
('fc4e48c6-c4ab-4731-b6ce-dc2c4bcfb150', 'ff51d8a3-df58-4671-b2f2-0c131bf66229', '646468ed-2c90-4084-a495-1e6c193a886c', 'James Williams', 'participant', 'it', 'it', 'INVITED'),
('044b10a5-865a-46e4-b918-a58fd23c0408', 'ff51d8a3-df58-4671-b2f2-0c131bf66229', '261cd608-415f-4ff7-903b-cb6f0751b2ae', 'Sophia Hernandez', 'participant', 'fr', 'fr', 'INVITED'),
('f232a16e-c8a5-413a-8146-fbf6540852cc', 'd85de16f-2d22-4d6f-b56a-661ae23479c0', '9cc259a7-eccd-4a75-87ce-1bc62ecc8a7d', 'Olivia Park', 'participant', 'ja', 'ja', 'LEFT'),
('a0ab1e04-d370-4602-98bd-9a91534f4832', 'd85de16f-2d22-4d6f-b56a-661ae23479c0', '9d1b3750-d0b7-421d-ba01-a1a90ebf4f0d', 'Sarah Tran', 'participant', 'de', 'de', 'LEFT'),
('a76dc842-f6e5-4ad1-9bd6-e7b8cbe7dfb8', 'd85de16f-2d22-4d6f-b56a-661ae23479c0', '0d26cbe1-191c-4016-a19e-f71602d333bd', 'William Johnson', 'participant', 'fr', 'fr', 'LEFT'),
('2382886b-5eac-4106-b8de-ba539cb8cb48', 'd85de16f-2d22-4d6f-b56a-661ae23479c0', '46f79eee-5616-45a1-b67b-f1d3b14c693d', 'James Johnson', 'participant', 'fr', 'fr', 'LEFT'),
('07d3e3ef-dfdf-4d5c-a1ba-362ac82083bd', '2efb7596-b348-489f-9c6e-7f7fa478dde6', '50442bf2-6e64-4504-aa84-7a944810f406', 'John Davis', 'participant', 'vi', 'vi', 'INVITED'),
('fd650345-b7ba-48d8-ae33-0e210a75a7b4', '2efb7596-b348-489f-9c6e-7f7fa478dde6', '68a25067-fed7-4e4c-a54d-f5c43e7ec824', 'Liam Chen', 'participant', 'vi', 'vi', 'INVITED'),
('b19db806-fd20-44bb-8630-5b59ffc6681d', '2efb7596-b348-489f-9c6e-7f7fa478dde6', '3d87ccd5-771d-428f-ad87-61cbdf51eaa7', 'Takashi Davis', 'participant', 'ko', 'ko', 'INVITED'),
('864bf638-aee1-453e-a2d5-be9b61174643', '2efb7596-b348-489f-9c6e-7f7fa478dde6', 'f3f7d959-1f40-47bc-9e1c-f3186eda5349', 'Olivia Rossi', 'participant', 'de', 'de', 'INVITED'),
('18c8c93f-889d-448d-9039-7530920ad3f8', '2efb7596-b348-489f-9c6e-7f7fa478dde6', '5df3e906-e7e9-43a6-a892-7ccd3502486b', 'Noah Yamamoto', 'participant', 'fr', 'fr', 'INVITED'),
('cdc12335-787e-4d1b-a1d5-429ba012d534', '2efb7596-b348-489f-9c6e-7f7fa478dde6', '46f79eee-5616-45a1-b67b-f1d3b14c693d', 'James Johnson', 'participant', 'fr', 'fr', 'INVITED'),
('da1b7630-2603-4c9f-9aed-670b032b9fed', '2efb7596-b348-489f-9c6e-7f7fa478dde6', '261cd608-415f-4ff7-903b-cb6f0751b2ae', 'Sophia Hernandez', 'participant', 'fr', 'fr', 'INVITED'),
('039d7e1c-8fba-4ff5-9440-fae08efbe25c', '2efb7596-b348-489f-9c6e-7f7fa478dde6', 'f9a12c93-94ed-4f77-94d4-592f9bffc050', 'Noah Hernandez', 'participant', 'it', 'it', 'INVITED'),
('8626ca48-b590-4ea3-a781-e4b734c7c146', 'a459ba70-ddbd-4a94-8a47-ad19a5eb5d5d', '9d1b3750-d0b7-421d-ba01-a1a90ebf4f0d', 'Sarah Tran', 'participant', 'de', 'de', 'CONNECTED'),
('3d29d053-6386-4135-a82c-0bd5bf4f41f4', 'a459ba70-ddbd-4a94-8a47-ad19a5eb5d5d', '10e599ef-4914-4d93-9827-691603be9835', 'Jiwoo Davis', 'participant', 'ja', 'ja', 'CONNECTED'),
('1df40e29-9dee-4c37-856b-cd939af74e23', 'a459ba70-ddbd-4a94-8a47-ad19a5eb5d5d', '656b92e2-1fcd-47b4-8502-ee4b634fb00d', 'Isabella Hernandez', 'participant', 'ja', 'ja', 'CONNECTED'),
('6e772dcf-2a03-4bf9-86b9-8a029b7a0ae1', 'a459ba70-ddbd-4a94-8a47-ad19a5eb5d5d', '2aa3e4d6-68dc-4351-8b9f-393639073c7c', 'James Rodriguez', 'participant', 'ja', 'ja', 'CONNECTED'),
('fcb684e2-d7b8-4c7f-8e66-5a73df6aa261', 'a459ba70-ddbd-4a94-8a47-ad19a5eb5d5d', '9cc259a7-eccd-4a75-87ce-1bc62ecc8a7d', 'Olivia Park', 'participant', 'ja', 'ja', 'CONNECTED'),
('03c3c1a6-f422-48ed-891b-218b1015ac84', 'a459ba70-ddbd-4a94-8a47-ad19a5eb5d5d', 'f9a12c93-94ed-4f77-94d4-592f9bffc050', 'Noah Hernandez', 'participant', 'it', 'it', 'CONNECTED'),
('8de525e6-0e83-4ff9-bc98-05cba38a74a3', 'a459ba70-ddbd-4a94-8a47-ad19a5eb5d5d', '68a25067-fed7-4e4c-a54d-f5c43e7ec824', 'Liam Chen', 'participant', 'vi', 'vi', 'CONNECTED'),
('cb9f76f7-e947-4daa-a8b0-e7710ff824a9', 'f96f6b06-aa71-4ab4-bff0-6da40f3c3498', '9d1b3750-d0b7-421d-ba01-a1a90ebf4f0d', 'Sarah Tran', 'participant', 'de', 'de', 'INVITED'),
('a168b311-ab7d-4a90-970f-ee2391eb30f9', 'f96f6b06-aa71-4ab4-bff0-6da40f3c3498', '5df3e906-e7e9-43a6-a892-7ccd3502486b', 'Noah Yamamoto', 'participant', 'fr', 'fr', 'INVITED'),
('2c450537-23d7-4249-ac56-4ed9784632ef', 'f96f6b06-aa71-4ab4-bff0-6da40f3c3498', '148fbd6b-2989-49cd-8e0d-cb25c359a370', 'Elena Rossi', 'host', 'vi', 'vi', 'INVITED'),
('4604a6c3-c275-479b-8bd6-f46030f9afcb', 'f96f6b06-aa71-4ab4-bff0-6da40f3c3498', '10e599ef-4914-4d93-9827-691603be9835', 'Jiwoo Davis', 'participant', 'ja', 'ja', 'INVITED'),
('deedb609-3a83-46ce-8c1b-890229f89b2e', 'f96f6b06-aa71-4ab4-bff0-6da40f3c3498', '646468ed-2c90-4084-a495-1e6c193a886c', 'James Williams', 'participant', 'it', 'it', 'INVITED'),
('134c07a6-4255-4650-891c-ccf81e003ac8', 'f96f6b06-aa71-4ab4-bff0-6da40f3c3498', '656b92e2-1fcd-47b4-8502-ee4b634fb00d', 'Isabella Hernandez', 'participant', 'ja', 'ja', 'INVITED'),
('8c445807-f433-4bb4-bb87-f7474847ab90', 'ae8495c6-9744-4342-9520-2229c8433932', '6b59eef9-03ab-46dc-9434-0b1d93be2972', 'Charlotte Miller', 'participant', 'fr', 'fr', 'CONNECTED'),
('aac91a60-e305-4fa5-9d26-fe52ed1144ec', 'ae8495c6-9744-4342-9520-2229c8433932', '5df3e906-e7e9-43a6-a892-7ccd3502486b', 'Noah Yamamoto', 'participant', 'fr', 'fr', 'CONNECTED'),
('ea3960e0-6c7a-4e30-83ab-c374a2a3d867', 'ae8495c6-9744-4342-9520-2229c8433932', '0d26cbe1-191c-4016-a19e-f71602d333bd', 'William Johnson', 'participant', 'fr', 'fr', 'CONNECTED'),
('4f7aeea5-9d26-4d93-b869-7f355ed97422', 'ae8495c6-9744-4342-9520-2229c8433932', 'd56fe135-787f-43a4-96ef-e4142a12e4c6', 'William Williams', 'participant', 'it', 'it', 'CONNECTED'),
('aa962465-57b3-4c38-ad3a-d86520da9425', 'ae8495c6-9744-4342-9520-2229c8433932', '2aa3e4d6-68dc-4351-8b9f-393639073c7c', 'James Rodriguez', 'participant', 'ja', 'ja', 'CONNECTED'),
('432ace7a-ecab-48ad-9f92-0ee737d9c986', 'ae8495c6-9744-4342-9520-2229c8433932', '148fbd6b-2989-49cd-8e0d-cb25c359a370', 'Elena Rossi', 'participant', 'vi', 'vi', 'CONNECTED'),
('dbb70308-3695-4308-b9c0-3357dce5c223', 'ae8495c6-9744-4342-9520-2229c8433932', '68a25067-fed7-4e4c-a54d-f5c43e7ec824', 'Liam Chen', 'participant', 'vi', 'vi', 'CONNECTED'),
('7981858a-d179-4ee3-b951-f6e01ddb6405', 'ae8495c6-9744-4342-9520-2229c8433932', '9d1b3750-d0b7-421d-ba01-a1a90ebf4f0d', 'Sarah Tran', 'participant', 'de', 'de', 'CONNECTED'),
('f9ba30d2-9fbc-4eab-9fd4-6fdab741961d', '621acdbd-8d4b-45b5-9a6b-7ba0e1efdd8d', '9d1b3750-d0b7-421d-ba01-a1a90ebf4f0d', 'Sarah Tran', 'participant', 'de', 'de', 'CONNECTED'),
('1fb39c8a-e448-4d7c-88e0-5654157260ca', '621acdbd-8d4b-45b5-9a6b-7ba0e1efdd8d', '656b92e2-1fcd-47b4-8502-ee4b634fb00d', 'Isabella Hernandez', 'participant', 'ja', 'ja', 'CONNECTED'),
('aa4263cc-98a5-4e6f-bd2c-23b1a88df7d7', 'c91a23f2-03d3-4e50-8987-daac1444ad17', '261cd608-415f-4ff7-903b-cb6f0751b2ae', 'Sophia Hernandez', 'participant', 'fr', 'fr', 'LEFT'),
('d7855d07-6cc9-44e7-a64c-38ad5c606fd9', 'c91a23f2-03d3-4e50-8987-daac1444ad17', '3d87ccd5-771d-428f-ad87-61cbdf51eaa7', 'Takashi Davis', 'participant', 'ko', 'ko', 'LEFT'),
('c4eb1add-2a2e-40f3-873b-0b4ec39471f7', 'c91a23f2-03d3-4e50-8987-daac1444ad17', 'f3f7d959-1f40-47bc-9e1c-f3186eda5349', 'Olivia Rossi', 'participant', 'de', 'de', 'LEFT'),
('08dbd89b-541a-4866-9fc6-c3d52f16f878', 'c91a23f2-03d3-4e50-8987-daac1444ad17', '646468ed-2c90-4084-a495-1e6c193a886c', 'James Williams', 'participant', 'it', 'it', 'LEFT'),
('6cae15d1-c601-4cd0-9623-5435e7a2c607', 'c91a23f2-03d3-4e50-8987-daac1444ad17', '4ddec186-4be4-479b-804d-ec1d14c1800d', 'Sophia Yamamoto', 'participant', 'fr', 'fr', 'LEFT'),
('43a318f0-fc3f-4fb1-b3cf-c12fc7f2a170', 'c91a23f2-03d3-4e50-8987-daac1444ad17', '10e599ef-4914-4d93-9827-691603be9835', 'Jiwoo Davis', 'participant', 'ja', 'ja', 'LEFT'),
('0a9f2ca8-221c-41af-896e-3956edf0578b', 'c91a23f2-03d3-4e50-8987-daac1444ad17', '6b59eef9-03ab-46dc-9434-0b1d93be2972', 'Charlotte Miller', 'participant', 'fr', 'fr', 'LEFT'),
('88d83b1b-aa3a-4032-8e22-e145e663ad81', 'c91a23f2-03d3-4e50-8987-daac1444ad17', '656b92e2-1fcd-47b4-8502-ee4b634fb00d', 'Isabella Hernandez', 'participant', 'ja', 'ja', 'LEFT'),
('d6a1d1b1-7328-45a0-a76b-39cf199fae61', '7bfc0505-71da-45ad-94fd-92f9bc651ff2', '261cd608-415f-4ff7-903b-cb6f0751b2ae', 'Sophia Hernandez', 'participant', 'fr', 'fr', 'CONNECTED'),
('a2a2cceb-7714-4ed6-bb0e-6c9c5d35acc7', '7bfc0505-71da-45ad-94fd-92f9bc651ff2', '148fbd6b-2989-49cd-8e0d-cb25c359a370', 'Elena Rossi', 'participant', 'vi', 'vi', 'CONNECTED'),
('5fd1170f-fe8e-49fd-b5fa-93f993556003', '7bfc0505-71da-45ad-94fd-92f9bc651ff2', '646468ed-2c90-4084-a495-1e6c193a886c', 'James Williams', 'participant', 'it', 'it', 'CONNECTED'),
('78920790-85c5-4c7d-bb0f-9b35a9577207', '7bfc0505-71da-45ad-94fd-92f9bc651ff2', '6b59eef9-03ab-46dc-9434-0b1d93be2972', 'Charlotte Miller', 'participant', 'fr', 'fr', 'CONNECTED'),
('ea60b94b-9d71-470b-9726-7d2478c1b9fe', '7bfc0505-71da-45ad-94fd-92f9bc651ff2', '656b92e2-1fcd-47b4-8502-ee4b634fb00d', 'Isabella Hernandez', 'participant', 'ja', 'ja', 'CONNECTED'),
('01222c67-92ab-469b-a586-89ae7c63f50c', '7bfc0505-71da-45ad-94fd-92f9bc651ff2', '50442bf2-6e64-4504-aa84-7a944810f406', 'John Davis', 'participant', 'vi', 'vi', 'CONNECTED'),
('ff36540f-3f15-43dd-b1a4-17507a7e126e', '7bfc0505-71da-45ad-94fd-92f9bc651ff2', '4ddec186-4be4-479b-804d-ec1d14c1800d', 'Sophia Yamamoto', 'participant', 'fr', 'fr', 'CONNECTED'),
('0e486d19-ad78-43b0-96b4-a8112b876e0d', '7e0c7709-a3e4-409c-aca8-11b2625960ec', '646468ed-2c90-4084-a495-1e6c193a886c', 'James Williams', 'participant', 'it', 'it', 'INVITED'),
('344b473b-32a8-46f8-8fc7-7e7c7cbb03cb', '7e0c7709-a3e4-409c-aca8-11b2625960ec', '10e599ef-4914-4d93-9827-691603be9835', 'Jiwoo Davis', 'participant', 'ja', 'ja', 'INVITED'),
('0b3f3136-f16b-471e-a9b8-5326a1393185', 'f1a0e35c-c8f4-4fee-be38-9c292b7c320d', '4ddec186-4be4-479b-804d-ec1d14c1800d', 'Sophia Yamamoto', 'participant', 'fr', 'fr', 'LEFT'),
('568b513f-f718-4828-8663-3daf8074c8f7', 'f1a0e35c-c8f4-4fee-be38-9c292b7c320d', '9cc259a7-eccd-4a75-87ce-1bc62ecc8a7d', 'Olivia Park', 'participant', 'ja', 'ja', 'LEFT'),
('420081f3-4166-426e-8b5b-2df4e6a74cf4', '6f5599f3-1225-4c87-a05e-3474fba072d2', '5df3e906-e7e9-43a6-a892-7ccd3502486b', 'Noah Yamamoto', 'participant', 'fr', 'fr', 'LEFT'),
('4285db88-6258-454a-9716-269cdff7fec3', '6f5599f3-1225-4c87-a05e-3474fba072d2', '68a25067-fed7-4e4c-a54d-f5c43e7ec824', 'Liam Chen', 'participant', 'vi', 'vi', 'LEFT'),
('ac6ae1f7-cb41-42d3-bbc4-26877f28a1f7', '6f5599f3-1225-4c87-a05e-3474fba072d2', '148fbd6b-2989-49cd-8e0d-cb25c359a370', 'Elena Rossi', 'participant', 'vi', 'vi', 'LEFT'),
('77e22128-11f6-4e44-adb2-9773aabf9110', '6f5599f3-1225-4c87-a05e-3474fba072d2', '656b92e2-1fcd-47b4-8502-ee4b634fb00d', 'Isabella Hernandez', 'participant', 'ja', 'ja', 'LEFT'),
('c893118e-245c-4d90-a298-119cfa41690f', '6f5599f3-1225-4c87-a05e-3474fba072d2', '10e599ef-4914-4d93-9827-691603be9835', 'Jiwoo Davis', 'participant', 'ja', 'ja', 'LEFT'),
('0dc52f43-61a0-4a98-adbe-0c5133916a5e', '6f5599f3-1225-4c87-a05e-3474fba072d2', '4ddec186-4be4-479b-804d-ec1d14c1800d', 'Sophia Yamamoto', 'participant', 'fr', 'fr', 'LEFT'),
('cb394519-b6e1-4061-b692-9257020266cc', 'd6013fc1-e40a-432d-a93f-5b8e64eb7c65', '46f79eee-5616-45a1-b67b-f1d3b14c693d', 'James Johnson', 'participant', 'fr', 'fr', 'LEFT'),
('b5ee738d-d5b0-4e22-8d22-caea45ea3f0d', 'd6013fc1-e40a-432d-a93f-5b8e64eb7c65', '3d87ccd5-771d-428f-ad87-61cbdf51eaa7', 'Takashi Davis', 'participant', 'ko', 'ko', 'LEFT'),
('2f2347e4-40a3-4946-a712-7f7db3d8eee0', 'd6013fc1-e40a-432d-a93f-5b8e64eb7c65', '2aa3e4d6-68dc-4351-8b9f-393639073c7c', 'James Rodriguez', 'participant', 'ja', 'ja', 'LEFT'),
('11f08c60-5dbf-44af-af6f-bd1843b01a86', 'd6013fc1-e40a-432d-a93f-5b8e64eb7c65', '5df3e906-e7e9-43a6-a892-7ccd3502486b', 'Noah Yamamoto', 'participant', 'fr', 'fr', 'LEFT'),
('18f352bd-ff04-404e-9964-59573bba8c89', 'd6013fc1-e40a-432d-a93f-5b8e64eb7c65', '4ddec186-4be4-479b-804d-ec1d14c1800d', 'Sophia Yamamoto', 'participant', 'fr', 'fr', 'LEFT'),
('3d1507a1-9f45-4b75-9731-e405d3c40df2', 'd6013fc1-e40a-432d-a93f-5b8e64eb7c65', '148fbd6b-2989-49cd-8e0d-cb25c359a370', 'Elena Rossi', 'participant', 'vi', 'vi', 'LEFT'),
('300f3cc1-dd66-4439-be95-76fb972c1b17', 'd6013fc1-e40a-432d-a93f-5b8e64eb7c65', '0d26cbe1-191c-4016-a19e-f71602d333bd', 'William Johnson', 'participant', 'fr', 'fr', 'LEFT'),
('9b7fd461-b582-4bb2-82ae-06f0e9d37fa3', 'd6013fc1-e40a-432d-a93f-5b8e64eb7c65', '68a25067-fed7-4e4c-a54d-f5c43e7ec824', 'Liam Chen', 'participant', 'vi', 'vi', 'LEFT'),
('3bfa65d2-3a9c-4119-b2e4-12f9f255cc63', 'a7b881e3-4be0-4e1d-9cd7-406941f88403', '10e599ef-4914-4d93-9827-691603be9835', 'Jiwoo Davis', 'participant', 'ja', 'ja', 'CONNECTED'),
('04bd7d64-22a3-4ccb-94f4-653093f8f6cc', 'a7b881e3-4be0-4e1d-9cd7-406941f88403', '261cd608-415f-4ff7-903b-cb6f0751b2ae', 'Sophia Hernandez', 'participant', 'fr', 'fr', 'CONNECTED'),
('d6c67edd-b6ef-4ddc-b029-eb97a34ea07b', 'a7b881e3-4be0-4e1d-9cd7-406941f88403', 'd56fe135-787f-43a4-96ef-e4142a12e4c6', 'William Williams', 'participant', 'it', 'it', 'CONNECTED'),
('714a0cfe-2f45-4ab5-bf0f-370075994293', 'a7b881e3-4be0-4e1d-9cd7-406941f88403', '50442bf2-6e64-4504-aa84-7a944810f406', 'John Davis', 'participant', 'vi', 'vi', 'CONNECTED'),
('2be35896-3ed7-4aa1-a133-972eaf4f12ce', '708bb962-9cb1-4879-8598-561443df1712', '5df3e906-e7e9-43a6-a892-7ccd3502486b', 'Noah Yamamoto', 'participant', 'fr', 'fr', 'CONNECTED'),
('5e236411-9cc1-4e04-8f1e-ff2a80898802', '708bb962-9cb1-4879-8598-561443df1712', '6b59eef9-03ab-46dc-9434-0b1d93be2972', 'Charlotte Miller', 'participant', 'fr', 'fr', 'CONNECTED'),
('bdd17edc-928e-4e29-82f6-04c9a1b65fb2', '708bb962-9cb1-4879-8598-561443df1712', '9cc259a7-eccd-4a75-87ce-1bc62ecc8a7d', 'Olivia Park', 'participant', 'ja', 'ja', 'CONNECTED'),
('fca98099-d665-4118-9394-98fedbf0cc54', '708bb962-9cb1-4879-8598-561443df1712', 'f3f7d959-1f40-47bc-9e1c-f3186eda5349', 'Olivia Rossi', 'participant', 'de', 'de', 'CONNECTED'),
('02f760e0-d2d9-4c92-81c4-2ab12bc7debf', '708bb962-9cb1-4879-8598-561443df1712', '10e599ef-4914-4d93-9827-691603be9835', 'Jiwoo Davis', 'participant', 'ja', 'ja', 'CONNECTED'),
('05a22105-bd1b-46be-83b5-cb39d273451e', '708bb962-9cb1-4879-8598-561443df1712', '68a25067-fed7-4e4c-a54d-f5c43e7ec824', 'Liam Chen', 'host', 'vi', 'vi', 'CONNECTED'),
('639e13cc-3cd3-4f48-9ecd-8e0e02ede1e9', '708bb962-9cb1-4879-8598-561443df1712', '3d87ccd5-771d-428f-ad87-61cbdf51eaa7', 'Takashi Davis', 'participant', 'ko', 'ko', 'CONNECTED'),
('f89125d2-bcaa-4392-a15e-8f11f612b643', '708bb962-9cb1-4879-8598-561443df1712', '9d1b3750-d0b7-421d-ba01-a1a90ebf4f0d', 'Sarah Tran', 'participant', 'de', 'de', 'CONNECTED'),
('26bf2000-d3d3-49cb-93bd-75043b4b103e', 'a9a58426-0a77-4b78-b25b-1f47297e8ac4', 'd56fe135-787f-43a4-96ef-e4142a12e4c6', 'William Williams', 'participant', 'it', 'it', 'INVITED'),
('f4b5e1d8-9960-40c0-a35a-16d9129d367e', 'a9a58426-0a77-4b78-b25b-1f47297e8ac4', 'f9a12c93-94ed-4f77-94d4-592f9bffc050', 'Noah Hernandez', 'participant', 'it', 'it', 'INVITED'),
('897d0a41-64f3-4072-b747-0126dfb81674', '05acb401-d5e6-4ec7-a26c-ac499d7e34a4', '646468ed-2c90-4084-a495-1e6c193a886c', 'James Williams', 'participant', 'it', 'it', 'LEFT'),
('5c08a151-487f-4928-a529-ad66e8a1384f', '05acb401-d5e6-4ec7-a26c-ac499d7e34a4', '3d87ccd5-771d-428f-ad87-61cbdf51eaa7', 'Takashi Davis', 'participant', 'ko', 'ko', 'LEFT'),
('c92f1f27-1bb7-4ca9-87cc-0d8359908e7e', '05acb401-d5e6-4ec7-a26c-ac499d7e34a4', 'f9a12c93-94ed-4f77-94d4-592f9bffc050', 'Noah Hernandez', 'participant', 'it', 'it', 'LEFT'),
('f07f339c-3c53-474d-91ba-c95c97ed6d62', '1ddc3865-e166-4a0a-b47d-4dd6bf134240', '68a25067-fed7-4e4c-a54d-f5c43e7ec824', 'Liam Chen', 'host', 'vi', 'vi', 'CONNECTED'),
('2e90da03-8f43-4024-8ce8-8b4927a8c6ee', '1ddc3865-e166-4a0a-b47d-4dd6bf134240', '9cc259a7-eccd-4a75-87ce-1bc62ecc8a7d', 'Olivia Park', 'participant', 'ja', 'ja', 'CONNECTED'),
('acbc9670-4396-4670-9d7d-f833edbf11b2', '1ddc3865-e166-4a0a-b47d-4dd6bf134240', '5df3e906-e7e9-43a6-a892-7ccd3502486b', 'Noah Yamamoto', 'participant', 'fr', 'fr', 'CONNECTED'),
('7b0eef16-d12e-4909-9d3f-3b2401851667', '1ddc3865-e166-4a0a-b47d-4dd6bf134240', '148fbd6b-2989-49cd-8e0d-cb25c359a370', 'Elena Rossi', 'participant', 'vi', 'vi', 'CONNECTED'),
('50a5bedf-5557-430c-83ba-f5c4beb24082', '1ddc3865-e166-4a0a-b47d-4dd6bf134240', '0d26cbe1-191c-4016-a19e-f71602d333bd', 'William Johnson', 'participant', 'fr', 'fr', 'CONNECTED'),
('4d699a22-db96-4f45-9bcb-fe882cc77983', '1ddc3865-e166-4a0a-b47d-4dd6bf134240', '646468ed-2c90-4084-a495-1e6c193a886c', 'James Williams', 'participant', 'it', 'it', 'CONNECTED'),
('798e50f4-d624-41b3-a548-8707e8db984a', '1ddc3865-e166-4a0a-b47d-4dd6bf134240', '4ddec186-4be4-479b-804d-ec1d14c1800d', 'Sophia Yamamoto', 'participant', 'fr', 'fr', 'CONNECTED'),
('a5b5a5fc-7e26-4ab6-913a-3ffbc03d0fca', '17ca6d46-43e3-4f40-a71a-1cea65cc7f21', 'd56fe135-787f-43a4-96ef-e4142a12e4c6', 'William Williams', 'participant', 'it', 'it', 'INVITED'),
('1333bdd4-1a97-456d-8792-08bda12ea1f4', '17ca6d46-43e3-4f40-a71a-1cea65cc7f21', 'f9a12c93-94ed-4f77-94d4-592f9bffc050', 'Noah Hernandez', 'participant', 'it', 'it', 'INVITED'),
('bc5cb603-d941-4b70-bc86-59999be0abfe', '17ca6d46-43e3-4f40-a71a-1cea65cc7f21', '4ddec186-4be4-479b-804d-ec1d14c1800d', 'Sophia Yamamoto', 'participant', 'fr', 'fr', 'INVITED'),
('8df0fa48-8369-4bb1-9682-dca79570deeb', '17ca6d46-43e3-4f40-a71a-1cea65cc7f21', '9d1b3750-d0b7-421d-ba01-a1a90ebf4f0d', 'Sarah Tran', 'participant', 'de', 'de', 'INVITED'),
('4e6bf521-4f04-47ac-b1bd-c9e96347c253', '17ca6d46-43e3-4f40-a71a-1cea65cc7f21', 'f3f7d959-1f40-47bc-9e1c-f3186eda5349', 'Olivia Rossi', 'participant', 'de', 'de', 'INVITED'),
('78438d5a-5cc1-44aa-b915-78895723493f', '17ca6d46-43e3-4f40-a71a-1cea65cc7f21', '148fbd6b-2989-49cd-8e0d-cb25c359a370', 'Elena Rossi', 'participant', 'vi', 'vi', 'INVITED'),
('70e30e7a-2b99-40cc-8e6a-242d5ee0195d', '17ca6d46-43e3-4f40-a71a-1cea65cc7f21', '9cc259a7-eccd-4a75-87ce-1bc62ecc8a7d', 'Olivia Park', 'participant', 'ja', 'ja', 'INVITED'),
('8147b367-3b73-4593-b11d-d2380606151b', 'bf0d553c-9e11-4b34-a2df-5476f49e6037', '9d1b3750-d0b7-421d-ba01-a1a90ebf4f0d', 'Sarah Tran', 'participant', 'de', 'de', 'CONNECTED'),
('d02b89b2-f0a6-4099-a0e7-cefd9721d6ce', 'bf0d553c-9e11-4b34-a2df-5476f49e6037', 'f3f7d959-1f40-47bc-9e1c-f3186eda5349', 'Olivia Rossi', 'participant', 'de', 'de', 'CONNECTED'),
('d2d2d2f2-306e-4466-b36c-f14fb052d003', 'bf0d553c-9e11-4b34-a2df-5476f49e6037', '0d26cbe1-191c-4016-a19e-f71602d333bd', 'William Johnson', 'participant', 'fr', 'fr', 'CONNECTED'),
('38b4bb5f-f8b2-46bb-ad1f-935408e2fde1', '21b675bb-6941-4da9-8962-601903623b52', '4ddec186-4be4-479b-804d-ec1d14c1800d', 'Sophia Yamamoto', 'participant', 'fr', 'fr', 'CONNECTED'),
('c3bf6633-797a-4602-b90d-4039678be0a4', '21b675bb-6941-4da9-8962-601903623b52', '68a25067-fed7-4e4c-a54d-f5c43e7ec824', 'Liam Chen', 'participant', 'vi', 'vi', 'CONNECTED'),
('21d53c06-9f97-4e3c-8f5d-7e47b6810b8b', '21b675bb-6941-4da9-8962-601903623b52', '5df3e906-e7e9-43a6-a892-7ccd3502486b', 'Noah Yamamoto', 'host', 'fr', 'fr', 'CONNECTED'),
('9f912f24-5d96-4143-aa1a-698aa18bdda8', '21b675bb-6941-4da9-8962-601903623b52', '148fbd6b-2989-49cd-8e0d-cb25c359a370', 'Elena Rossi', 'participant', 'vi', 'vi', 'CONNECTED'),
('dcee77fc-8be6-4d3b-b458-3a1c245d2987', '1879b533-cd32-461f-90a6-e15f48a96434', '46f79eee-5616-45a1-b67b-f1d3b14c693d', 'James Johnson', 'participant', 'fr', 'fr', 'INVITED'),
('5564e998-81af-49b5-bb58-7b97ff4b8c0b', '1879b533-cd32-461f-90a6-e15f48a96434', '5df3e906-e7e9-43a6-a892-7ccd3502486b', 'Noah Yamamoto', 'participant', 'fr', 'fr', 'INVITED'),
('254ac492-65d9-4c11-98e6-fc51e625aa96', '1879b533-cd32-461f-90a6-e15f48a96434', '261cd608-415f-4ff7-903b-cb6f0751b2ae', 'Sophia Hernandez', 'participant', 'fr', 'fr', 'INVITED'),
('f0b7f5d0-3024-47fe-9f4e-ffc2abd6dbf6', '1879b533-cd32-461f-90a6-e15f48a96434', '4ddec186-4be4-479b-804d-ec1d14c1800d', 'Sophia Yamamoto', 'participant', 'fr', 'fr', 'INVITED'),
('26de02c1-aff6-4f80-b3bf-758375529d25', '1879b533-cd32-461f-90a6-e15f48a96434', 'f9a12c93-94ed-4f77-94d4-592f9bffc050', 'Noah Hernandez', 'participant', 'it', 'it', 'INVITED'),
('364de478-0a79-4a30-8fce-af7a1616945d', '1879b533-cd32-461f-90a6-e15f48a96434', '9d1b3750-d0b7-421d-ba01-a1a90ebf4f0d', 'Sarah Tran', 'participant', 'de', 'de', 'INVITED'),
('bc0fa056-0954-421f-8657-6ea106aeadc3', '895513ff-dcc9-4ad1-b133-b28416b08be7', '656b92e2-1fcd-47b4-8502-ee4b634fb00d', 'Isabella Hernandez', 'participant', 'ja', 'ja', 'LEFT'),
('d5b0b830-0c0b-4424-a1b9-2f85989dd238', '895513ff-dcc9-4ad1-b133-b28416b08be7', '646468ed-2c90-4084-a495-1e6c193a886c', 'James Williams', 'participant', 'it', 'it', 'LEFT'),
('03b009e2-d182-4042-bd62-89cf14ac520c', '895513ff-dcc9-4ad1-b133-b28416b08be7', 'f3f7d959-1f40-47bc-9e1c-f3186eda5349', 'Olivia Rossi', 'participant', 'de', 'de', 'LEFT'),
('9456a525-2777-4645-8250-e23d53b821ae', '895513ff-dcc9-4ad1-b133-b28416b08be7', '46f79eee-5616-45a1-b67b-f1d3b14c693d', 'James Johnson', 'participant', 'fr', 'fr', 'LEFT'),
('9f90d4de-b655-41cc-9b2b-b1ee62e3d786', '1b749f35-9a70-4962-8fbb-0b6d3887e706', '10e599ef-4914-4d93-9827-691603be9835', 'Jiwoo Davis', 'participant', 'ja', 'ja', 'INVITED'),
('220bf594-8c45-4ec7-ade3-6bd76ad12c21', '1b749f35-9a70-4962-8fbb-0b6d3887e706', '261cd608-415f-4ff7-903b-cb6f0751b2ae', 'Sophia Hernandez', 'participant', 'fr', 'fr', 'INVITED'),
('26a565ea-3162-449e-b24d-69bbe1318b4b', '1b749f35-9a70-4962-8fbb-0b6d3887e706', '46f79eee-5616-45a1-b67b-f1d3b14c693d', 'James Johnson', 'participant', 'fr', 'fr', 'INVITED'),
('f570dc69-fcdf-4dbe-a569-dbf2d91f0dc4', '35c23e6d-d56c-424e-8701-cdb7765e9183', 'b6a4e1dd-3fd5-4b27-a0d7-2eef3597913f', 'Alex Rossi', 'participant', 'ko', 'ko', 'INVITED'),
('ba5fdfad-0dcf-48db-a3c6-1e52a491bbdc', '35c23e6d-d56c-424e-8701-cdb7765e9183', '0d26cbe1-191c-4016-a19e-f71602d333bd', 'William Johnson', 'participant', 'fr', 'fr', 'INVITED'),
('21d8ba53-5de5-43b2-82af-16fb902e6d8c', '35c23e6d-d56c-424e-8701-cdb7765e9183', 'c7fce55c-06b8-42bf-8a0b-b78e0e83299d', 'Sarah Hernandez', 'participant', 'ja', 'ja', 'INVITED'),
('719231bb-a6d5-4a7e-9423-aa601e81724d', '35c23e6d-d56c-424e-8701-cdb7765e9183', '9cc259a7-eccd-4a75-87ce-1bc62ecc8a7d', 'Olivia Park', 'participant', 'ja', 'ja', 'INVITED'),
('8eec3206-baf7-452e-a1c4-38ce0e549486', '35c23e6d-d56c-424e-8701-cdb7765e9183', '3743aa1d-d158-4a5f-8c13-cae15e771708', 'James Lopez', 'participant', 'ko', 'ko', 'INVITED'),
('72c68291-84fd-4120-8802-f833f7547965', 'ac60b99b-c06a-4033-a32a-3b35f596cd0b', '54b135c0-d958-477a-b534-0456fc77f6ab', 'James Garcia', 'participant', 'es', 'es', 'CONNECTED'),
('d05b7faf-85fe-48ca-82d2-d23b519658e2', 'ac60b99b-c06a-4033-a32a-3b35f596cd0b', 'b6a4e1dd-3fd5-4b27-a0d7-2eef3597913f', 'Alex Rossi', 'participant', 'ko', 'ko', 'CONNECTED'),
('676034be-8175-4b30-8413-9aaaf66f7cfc', 'ac60b99b-c06a-4033-a32a-3b35f596cd0b', '656b92e2-1fcd-47b4-8502-ee4b634fb00d', 'Isabella Hernandez', 'participant', 'ja', 'ja', 'CONNECTED'),
('8b50984f-b5ee-49bd-b4e8-d7e86ca498e6', 'ac60b99b-c06a-4033-a32a-3b35f596cd0b', '3743aa1d-d158-4a5f-8c13-cae15e771708', 'James Lopez', 'host', 'ko', 'ko', 'CONNECTED'),
('aaa7b031-39b5-401a-91ff-66010aaab953', 'ac60b99b-c06a-4033-a32a-3b35f596cd0b', '52903a44-7b57-4454-8c43-641a0fd10600', 'John Jones', 'participant', 'vi', 'vi', 'CONNECTED'),
('1d3d77ab-7d81-4d1b-9881-258c6a5753b0', 'ac60b99b-c06a-4033-a32a-3b35f596cd0b', 'c7fce55c-06b8-42bf-8a0b-b78e0e83299d', 'Sarah Hernandez', 'participant', 'ja', 'ja', 'CONNECTED'),
('60d9005d-b45e-4006-b9a4-1c0fe5bdb4f0', 'ac60b99b-c06a-4033-a32a-3b35f596cd0b', '13e28459-1f97-4c85-abbf-bbee36b5f2eb', 'Elena Yamamoto', 'participant', 'ko', 'ko', 'CONNECTED'),
('e1e4c766-a017-416e-b896-0937519eed14', '936e17d3-a43c-4497-80b7-03b1225d375d', 'f9a12c93-94ed-4f77-94d4-592f9bffc050', 'Noah Hernandez', 'participant', 'it', 'it', 'CONNECTED'),
('b7b84807-b3bd-4acd-bff0-1d2792df4fa4', '936e17d3-a43c-4497-80b7-03b1225d375d', 'b6a4e1dd-3fd5-4b27-a0d7-2eef3597913f', 'Alex Rossi', 'participant', 'ko', 'ko', 'CONNECTED'),
('c9692e33-0231-498b-8ab9-730dfb461135', '936e17d3-a43c-4497-80b7-03b1225d375d', '54b135c0-d958-477a-b534-0456fc77f6ab', 'James Garcia', 'host', 'es', 'es', 'CONNECTED'),
('41c3ef7d-bfef-4351-9d54-9272e0c053b1', '936e17d3-a43c-4497-80b7-03b1225d375d', 'aea00fd0-b56e-45ec-8590-b788b91e1e89', 'Emma Johnson', 'participant', 'de', 'de', 'CONNECTED'),
('fe0e33cc-f450-40cf-b008-edf4d26c56b6', '936e17d3-a43c-4497-80b7-03b1225d375d', '9cc259a7-eccd-4a75-87ce-1bc62ecc8a7d', 'Olivia Park', 'participant', 'ja', 'ja', 'CONNECTED'),
('8bcbd994-fa86-4e6f-b65a-03af3779449e', 'a383faea-762a-42eb-9dc1-edcedf079863', '54b135c0-d958-477a-b534-0456fc77f6ab', 'James Garcia', 'participant', 'es', 'es', 'LEFT'),
('b02b0a1c-f32b-4713-b13a-2c22e972b8b7', 'a383faea-762a-42eb-9dc1-edcedf079863', '0d26cbe1-191c-4016-a19e-f71602d333bd', 'William Johnson', 'host', 'fr', 'fr', 'LEFT'),
('38b22e67-d027-4ed7-a510-f62fb35dfac3', 'a383faea-762a-42eb-9dc1-edcedf079863', '9f9bbe1b-a69d-4663-96d9-67aca17a892f', 'Lucas Hernandez', 'participant', 'it', 'it', 'LEFT'),
('bd0d0fac-dc54-4ca1-90f2-8d2d9aad6672', 'a383faea-762a-42eb-9dc1-edcedf079863', '13e28459-1f97-4c85-abbf-bbee36b5f2eb', 'Elena Yamamoto', 'participant', 'ko', 'ko', 'LEFT'),
('4695c0ab-35b7-490f-9fbf-6063bd023b6c', 'a383faea-762a-42eb-9dc1-edcedf079863', 'f3f7d959-1f40-47bc-9e1c-f3186eda5349', 'Olivia Rossi', 'participant', 'de', 'de', 'LEFT'),
('9848d750-a4ab-41b0-92c9-c5b670c17855', 'a383faea-762a-42eb-9dc1-edcedf079863', '9cc259a7-eccd-4a75-87ce-1bc62ecc8a7d', 'Olivia Park', 'participant', 'ja', 'ja', 'LEFT'),
('4c2b0b4c-0f60-4feb-befa-c0b9074e9a9e', 'a383faea-762a-42eb-9dc1-edcedf079863', 'c7fce55c-06b8-42bf-8a0b-b78e0e83299d', 'Sarah Hernandez', 'participant', 'ja', 'ja', 'LEFT'),
('799830da-6a43-4508-ae02-9947ab8b936e', '16832087-76c1-4148-a1b2-cf884003186c', 'f3f7d959-1f40-47bc-9e1c-f3186eda5349', 'Olivia Rossi', 'participant', 'de', 'de', 'CONNECTED'),
('ed9f8129-f029-42f3-9331-384e65789369', '16832087-76c1-4148-a1b2-cf884003186c', '9cc259a7-eccd-4a75-87ce-1bc62ecc8a7d', 'Olivia Park', 'participant', 'ja', 'ja', 'CONNECTED'),
('0c1ae294-abf0-458a-80c9-a791ad4fcd92', '16832087-76c1-4148-a1b2-cf884003186c', 'c7fce55c-06b8-42bf-8a0b-b78e0e83299d', 'Sarah Hernandez', 'participant', 'ja', 'ja', 'CONNECTED'),
('48907aa2-71d0-4830-a5e2-66b35597a448', '16832087-76c1-4148-a1b2-cf884003186c', '0d26cbe1-191c-4016-a19e-f71602d333bd', 'William Johnson', 'participant', 'fr', 'fr', 'CONNECTED'),
('90afa546-a344-4c88-b1c3-6a64e03a7527', '16832087-76c1-4148-a1b2-cf884003186c', 'f9a12c93-94ed-4f77-94d4-592f9bffc050', 'Noah Hernandez', 'participant', 'it', 'it', 'CONNECTED'),
('e03b515e-ce1a-42e9-8bab-57fc6ff16ad0', '8a5be468-c2da-4452-8e66-c101c2db168a', '9f9bbe1b-a69d-4663-96d9-67aca17a892f', 'Lucas Hernandez', 'participant', 'it', 'it', 'INVITED'),
('0c40ec9d-d31e-48af-bd85-bd00ab64307c', '8a5be468-c2da-4452-8e66-c101c2db168a', '3743aa1d-d158-4a5f-8c13-cae15e771708', 'James Lopez', 'participant', 'ko', 'ko', 'INVITED'),
('bce879f4-e332-4d8d-b5e6-236f25a5f062', '8a5be468-c2da-4452-8e66-c101c2db168a', 'b6a4e1dd-3fd5-4b27-a0d7-2eef3597913f', 'Alex Rossi', 'participant', 'ko', 'ko', 'INVITED'),
('be63405f-514d-4fe0-9b5d-8ad512525444', '6499c9d5-64bd-48bd-987a-d5f716a62d0f', '52903a44-7b57-4454-8c43-641a0fd10600', 'John Jones', 'participant', 'vi', 'vi', 'LEFT'),
('2b1b2225-12c0-4c73-b88a-2c44084c84ac', '6499c9d5-64bd-48bd-987a-d5f716a62d0f', 'f9a12c93-94ed-4f77-94d4-592f9bffc050', 'Noah Hernandez', 'participant', 'it', 'it', 'LEFT'),
('09162cb8-192c-4e9d-983c-23f43e556645', '6499c9d5-64bd-48bd-987a-d5f716a62d0f', '9d1b3750-d0b7-421d-ba01-a1a90ebf4f0d', 'Sarah Tran', 'participant', 'de', 'de', 'LEFT'),
('01750a5a-02fb-4523-8217-8eb461eda4df', 'a6a268d8-dbce-4bd2-8d2f-3905994ad089', '9d1b3750-d0b7-421d-ba01-a1a90ebf4f0d', 'Sarah Tran', 'participant', 'de', 'de', 'INVITED'),
('f1f950fc-b373-44b0-b534-92c56ea5e5a3', 'a6a268d8-dbce-4bd2-8d2f-3905994ad089', '13e28459-1f97-4c85-abbf-bbee36b5f2eb', 'Elena Yamamoto', 'participant', 'ko', 'ko', 'INVITED'),
('e1f0b91e-aa02-4df9-9d20-008114d93538', 'a6a268d8-dbce-4bd2-8d2f-3905994ad089', '656b92e2-1fcd-47b4-8502-ee4b634fb00d', 'Isabella Hernandez', 'participant', 'ja', 'ja', 'INVITED'),
('196d6941-9b09-4000-812a-2302cb9aba24', 'a6a268d8-dbce-4bd2-8d2f-3905994ad089', '3743aa1d-d158-4a5f-8c13-cae15e771708', 'James Lopez', 'participant', 'ko', 'ko', 'INVITED'),
('4d08db72-39db-4c69-be69-9ae18b1df2bc', 'a6a268d8-dbce-4bd2-8d2f-3905994ad089', 'aea00fd0-b56e-45ec-8590-b788b91e1e89', 'Emma Johnson', 'participant', 'de', 'de', 'INVITED'),
('a529f5c1-dcbe-4781-9a63-519541ff4c37', 'a6a268d8-dbce-4bd2-8d2f-3905994ad089', 'f9a12c93-94ed-4f77-94d4-592f9bffc050', 'Noah Hernandez', 'participant', 'it', 'it', 'INVITED'),
('ed9c0be6-febd-4fdd-80ac-8a3747da0be0', 'a6a268d8-dbce-4bd2-8d2f-3905994ad089', '0d26cbe1-191c-4016-a19e-f71602d333bd', 'William Johnson', 'participant', 'fr', 'fr', 'INVITED'),
('3251f61a-b1a5-4b29-a1b1-62a4328749ae', '3a7f9534-4b3b-469b-8230-6518944c5683', '2aa3e4d6-68dc-4351-8b9f-393639073c7c', 'James Rodriguez', 'participant', 'ja', 'ja', 'CONNECTED'),
('05549fe7-2696-4a6d-acce-0a1d55871e09', '3a7f9534-4b3b-469b-8230-6518944c5683', '9cc259a7-eccd-4a75-87ce-1bc62ecc8a7d', 'Olivia Park', 'participant', 'ja', 'ja', 'CONNECTED'),
('5bde0466-d54b-4dff-a621-5116b88119d4', '3a7f9534-4b3b-469b-8230-6518944c5683', 'aea00fd0-b56e-45ec-8590-b788b91e1e89', 'Emma Johnson', 'participant', 'de', 'de', 'CONNECTED'),
('c3c6240d-37a9-4a9e-8190-0569b89741b0', '3a7f9534-4b3b-469b-8230-6518944c5683', 'f9a12c93-94ed-4f77-94d4-592f9bffc050', 'Noah Hernandez', 'participant', 'it', 'it', 'CONNECTED'),
('5ab92aed-6e0a-4647-b75a-130fb626207e', '3a7f9534-4b3b-469b-8230-6518944c5683', '656b92e2-1fcd-47b4-8502-ee4b634fb00d', 'Isabella Hernandez', 'participant', 'ja', 'ja', 'CONNECTED'),
('e02e4ef6-1daf-482f-b5d5-a7cfc23fec57', '3a7f9534-4b3b-469b-8230-6518944c5683', 'f3f7d959-1f40-47bc-9e1c-f3186eda5349', 'Olivia Rossi', 'participant', 'de', 'de', 'CONNECTED'),
('26cba52c-0749-4701-be35-024de919b9de', '3a7f9534-4b3b-469b-8230-6518944c5683', '9f9bbe1b-a69d-4663-96d9-67aca17a892f', 'Lucas Hernandez', 'participant', 'it', 'it', 'CONNECTED'),
('5206b692-a6cd-43d9-b252-00320d03a2bf', 'de0adc70-b69e-4ba0-be7a-9b8da1593ba7', '2aa3e4d6-68dc-4351-8b9f-393639073c7c', 'James Rodriguez', 'participant', 'ja', 'ja', 'LEFT'),
('b5be4e0b-9bd6-48c4-9290-43af63eb0afd', 'de0adc70-b69e-4ba0-be7a-9b8da1593ba7', '54b135c0-d958-477a-b534-0456fc77f6ab', 'James Garcia', 'participant', 'es', 'es', 'LEFT'),
('ad6b372b-9d69-41e5-9c87-760f7bdd05a1', 'de0adc70-b69e-4ba0-be7a-9b8da1593ba7', '656b92e2-1fcd-47b4-8502-ee4b634fb00d', 'Isabella Hernandez', 'participant', 'ja', 'ja', 'LEFT'),
('a55cb220-e5f4-4933-9ead-3e457c2007db', 'de0adc70-b69e-4ba0-be7a-9b8da1593ba7', '52903a44-7b57-4454-8c43-641a0fd10600', 'John Jones', 'participant', 'vi', 'vi', 'LEFT'),
('f8d53d1d-976e-4954-a981-86d1c54fd144', 'de0adc70-b69e-4ba0-be7a-9b8da1593ba7', 'f3f7d959-1f40-47bc-9e1c-f3186eda5349', 'Olivia Rossi', 'participant', 'de', 'de', 'LEFT'),
('38a5ee56-1bea-4488-ad5b-649e7ef9952f', '5b3fd444-d8a0-48b3-ba4a-367bfce68b7c', 'c7fce55c-06b8-42bf-8a0b-b78e0e83299d', 'Sarah Hernandez', 'participant', 'ja', 'ja', 'CONNECTED'),
('f523de3d-3fb7-4190-a380-6ef99409aef9', '5b3fd444-d8a0-48b3-ba4a-367bfce68b7c', '9d1b3750-d0b7-421d-ba01-a1a90ebf4f0d', 'Sarah Tran', 'participant', 'de', 'de', 'CONNECTED'),
('c582280d-667d-4c1b-9a82-2de2a7793029', '5b3fd444-d8a0-48b3-ba4a-367bfce68b7c', 'f9a12c93-94ed-4f77-94d4-592f9bffc050', 'Noah Hernandez', 'participant', 'it', 'it', 'CONNECTED'),
('ce8e3a2e-2ea7-48cf-a90d-5aad76c85b96', '5b3fd444-d8a0-48b3-ba4a-367bfce68b7c', '656b92e2-1fcd-47b4-8502-ee4b634fb00d', 'Isabella Hernandez', 'participant', 'ja', 'ja', 'CONNECTED'),
('586f5f21-07cf-46a7-8f1b-88e34924dca1', '5b3fd444-d8a0-48b3-ba4a-367bfce68b7c', '9f9bbe1b-a69d-4663-96d9-67aca17a892f', 'Lucas Hernandez', 'participant', 'it', 'it', 'CONNECTED'),
('085e96da-7d82-49e4-84af-27bc9f9f7f3c', '5b3fd444-d8a0-48b3-ba4a-367bfce68b7c', '3743aa1d-d158-4a5f-8c13-cae15e771708', 'James Lopez', 'participant', 'ko', 'ko', 'CONNECTED'),
('b35fa747-bcc8-471b-9e5b-f4870395073e', 'd1f2e01d-6794-412f-9376-2e7de8cf1b2f', 'f9a12c93-94ed-4f77-94d4-592f9bffc050', 'Noah Hernandez', 'participant', 'it', 'it', 'INVITED'),
('f09995c9-99cb-43a5-860d-88961f0fba56', 'd1f2e01d-6794-412f-9376-2e7de8cf1b2f', '54b135c0-d958-477a-b534-0456fc77f6ab', 'James Garcia', 'participant', 'es', 'es', 'INVITED'),
('6ad0742b-fb8d-4f24-b0a4-23836c969948', 'd1f2e01d-6794-412f-9376-2e7de8cf1b2f', '0d26cbe1-191c-4016-a19e-f71602d333bd', 'William Johnson', 'participant', 'fr', 'fr', 'INVITED'),
('be487861-8e69-4d2b-ba57-77e0095b8de9', 'd1f2e01d-6794-412f-9376-2e7de8cf1b2f', '656b92e2-1fcd-47b4-8502-ee4b634fb00d', 'Isabella Hernandez', 'participant', 'ja', 'ja', 'INVITED'),
('370d7145-591c-4ed5-8a90-3f2889a46534', 'd1f2e01d-6794-412f-9376-2e7de8cf1b2f', '52903a44-7b57-4454-8c43-641a0fd10600', 'John Jones', 'host', 'vi', 'vi', 'INVITED'),
('c82e938b-0aee-4130-8d8a-a95ec6b943d2', 'd1f2e01d-6794-412f-9376-2e7de8cf1b2f', '9f9bbe1b-a69d-4663-96d9-67aca17a892f', 'Lucas Hernandez', 'participant', 'it', 'it', 'INVITED'),
('ce72b1b2-e3cb-452b-9fbe-8972e8df4944', 'd1f2e01d-6794-412f-9376-2e7de8cf1b2f', '13e28459-1f97-4c85-abbf-bbee36b5f2eb', 'Elena Yamamoto', 'participant', 'ko', 'ko', 'INVITED'),
('8e58b781-5db1-4187-8570-d21223f4333d', 'd1f2e01d-6794-412f-9376-2e7de8cf1b2f', 'b6a4e1dd-3fd5-4b27-a0d7-2eef3597913f', 'Alex Rossi', 'participant', 'ko', 'ko', 'INVITED'),
('a46e1aa1-63f7-47c4-9a65-df5a3ce074eb', '3ae9079c-0e85-44db-9188-4625aea07b8b', '9d1b3750-d0b7-421d-ba01-a1a90ebf4f0d', 'Sarah Tran', 'participant', 'de', 'de', 'LEFT'),
('4167d694-f6c4-46ea-9e67-4b2793cfa8c0', '3ae9079c-0e85-44db-9188-4625aea07b8b', '13e28459-1f97-4c85-abbf-bbee36b5f2eb', 'Elena Yamamoto', 'participant', 'ko', 'ko', 'LEFT'),
('4eea1af3-9c44-41e8-bffb-6fa7b08d2375', '3ae9079c-0e85-44db-9188-4625aea07b8b', 'f9a12c93-94ed-4f77-94d4-592f9bffc050', 'Noah Hernandez', 'participant', 'it', 'it', 'LEFT'),
('9a0480d6-c46a-4d8c-977a-360c336e72f4', '3ae9079c-0e85-44db-9188-4625aea07b8b', '0d26cbe1-191c-4016-a19e-f71602d333bd', 'William Johnson', 'participant', 'fr', 'fr', 'LEFT'),
('18a49bc1-94ed-4111-8873-1c8ed4d97c75', '3ae9079c-0e85-44db-9188-4625aea07b8b', '656b92e2-1fcd-47b4-8502-ee4b634fb00d', 'Isabella Hernandez', 'participant', 'ja', 'ja', 'LEFT'),
('a4999e1a-19c6-49fe-9a13-caa93cf3ba7d', '3ae9079c-0e85-44db-9188-4625aea07b8b', 'c7fce55c-06b8-42bf-8a0b-b78e0e83299d', 'Sarah Hernandez', 'participant', 'ja', 'ja', 'LEFT'),
('10eed5ab-8092-491c-af2b-aaa73296afeb', '3ae9079c-0e85-44db-9188-4625aea07b8b', 'b6a4e1dd-3fd5-4b27-a0d7-2eef3597913f', 'Alex Rossi', 'participant', 'ko', 'ko', 'LEFT'),
('4fc9bab1-2555-489e-9422-0411b7948466', '3ae9079c-0e85-44db-9188-4625aea07b8b', '54b135c0-d958-477a-b534-0456fc77f6ab', 'James Garcia', 'participant', 'es', 'es', 'LEFT'),
('b731b5e1-9994-43d3-b336-32c2888bc697', '14a177de-0449-4d66-ae8f-695e7d25f26f', '13e28459-1f97-4c85-abbf-bbee36b5f2eb', 'Elena Yamamoto', 'participant', 'ko', 'ko', 'INVITED'),
('7a1e091c-52b0-41a8-b447-1ed93a33205e', '14a177de-0449-4d66-ae8f-695e7d25f26f', 'aea00fd0-b56e-45ec-8590-b788b91e1e89', 'Emma Johnson', 'participant', 'de', 'de', 'INVITED'),
('849e94ec-d94a-4960-9581-9a63fd251f6d', '14a177de-0449-4d66-ae8f-695e7d25f26f', '9f9bbe1b-a69d-4663-96d9-67aca17a892f', 'Lucas Hernandez', 'participant', 'it', 'it', 'INVITED'),
('a66dad81-0df0-45bf-a808-01b0c07fb84f', '14a177de-0449-4d66-ae8f-695e7d25f26f', 'f9a12c93-94ed-4f77-94d4-592f9bffc050', 'Noah Hernandez', 'participant', 'it', 'it', 'INVITED'),
('a2518111-fc98-46e9-ab40-a1742ff8a5c3', '14a177de-0449-4d66-ae8f-695e7d25f26f', '54b135c0-d958-477a-b534-0456fc77f6ab', 'James Garcia', 'participant', 'es', 'es', 'INVITED'),
('99a8b368-7a70-4258-a4ac-24225276b421', '14a177de-0449-4d66-ae8f-695e7d25f26f', '3743aa1d-d158-4a5f-8c13-cae15e771708', 'James Lopez', 'participant', 'ko', 'ko', 'INVITED'),
('39e7fa19-da75-4f78-95df-585a6e5b0c08', '2f78d0dd-ff6c-4271-b9be-bfbededf1776', 'b6a4e1dd-3fd5-4b27-a0d7-2eef3597913f', 'Alex Rossi', 'participant', 'ko', 'ko', 'CONNECTED'),
('5eced7eb-3756-45ad-9157-6c567b99cab6', '2f78d0dd-ff6c-4271-b9be-bfbededf1776', 'aea00fd0-b56e-45ec-8590-b788b91e1e89', 'Emma Johnson', 'participant', 'de', 'de', 'CONNECTED'),
('4593d4a3-c8af-4de5-866a-13ebafbdac79', '2f78d0dd-ff6c-4271-b9be-bfbededf1776', '2aa3e4d6-68dc-4351-8b9f-393639073c7c', 'James Rodriguez', 'participant', 'ja', 'ja', 'CONNECTED'),
('1dbb602a-28ee-4b82-8db4-1667e7d0b5db', '2f0e89de-f628-4488-b498-f7953f3e778f', 'f3f7d959-1f40-47bc-9e1c-f3186eda5349', 'Olivia Rossi', 'participant', 'de', 'de', 'LEFT'),
('c976f0c3-720d-4131-8b38-051ef40d988b', '2f0e89de-f628-4488-b498-f7953f3e778f', '9d1b3750-d0b7-421d-ba01-a1a90ebf4f0d', 'Sarah Tran', 'participant', 'de', 'de', 'LEFT'),
('dd7b044a-ac9d-4e35-a6c6-666b1db76c95', '2f0e89de-f628-4488-b498-f7953f3e778f', '9cc259a7-eccd-4a75-87ce-1bc62ecc8a7d', 'Olivia Park', 'participant', 'ja', 'ja', 'LEFT'),
('4269b0c0-8ebf-4538-88f2-4bbd15b5e5a2', '2f0e89de-f628-4488-b498-f7953f3e778f', '656b92e2-1fcd-47b4-8502-ee4b634fb00d', 'Isabella Hernandez', 'participant', 'ja', 'ja', 'LEFT'),
('cdc2aac9-53fe-43ea-b813-c48814797c8f', '2f0e89de-f628-4488-b498-f7953f3e778f', '0d26cbe1-191c-4016-a19e-f71602d333bd', 'William Johnson', 'participant', 'fr', 'fr', 'LEFT'),
('c1d049ad-2d8f-419e-ac0c-46958d225e7a', '2f0e89de-f628-4488-b498-f7953f3e778f', 'c7fce55c-06b8-42bf-8a0b-b78e0e83299d', 'Sarah Hernandez', 'participant', 'ja', 'ja', 'LEFT'),
('580c1715-c7b0-46c0-94b6-ad7abe975657', '2f0e89de-f628-4488-b498-f7953f3e778f', '9f9bbe1b-a69d-4663-96d9-67aca17a892f', 'Lucas Hernandez', 'participant', 'it', 'it', 'LEFT'),
('3e7c6ec0-aa4c-4a52-b1eb-6f45be80d1e1', '7e096abe-e3ce-46e3-875b-12782d9df2c7', 'f9a12c93-94ed-4f77-94d4-592f9bffc050', 'Noah Hernandez', 'participant', 'it', 'it', 'INVITED'),
('3867197d-bdab-4029-a4fd-7ad9b31fd618', '7e096abe-e3ce-46e3-875b-12782d9df2c7', '656b92e2-1fcd-47b4-8502-ee4b634fb00d', 'Isabella Hernandez', 'participant', 'ja', 'ja', 'INVITED'),
('dc3ee0eb-6c01-4309-a918-3eff64ce6c59', '7e096abe-e3ce-46e3-875b-12782d9df2c7', '3743aa1d-d158-4a5f-8c13-cae15e771708', 'James Lopez', 'participant', 'ko', 'ko', 'INVITED'),
('2736612d-5275-49c1-9ffd-9d9b27f6715a', '7e096abe-e3ce-46e3-875b-12782d9df2c7', 'b6a4e1dd-3fd5-4b27-a0d7-2eef3597913f', 'Alex Rossi', 'participant', 'ko', 'ko', 'INVITED'),
('a384d9d4-0620-4d4e-8533-2c4518554cd8', '62ecdda7-fb26-4c4f-967c-8cee8674a565', 'aea00fd0-b56e-45ec-8590-b788b91e1e89', 'Emma Johnson', 'participant', 'de', 'de', 'LEFT'),
('349dfbbf-3e73-4964-8956-d721a5753860', '62ecdda7-fb26-4c4f-967c-8cee8674a565', '656b92e2-1fcd-47b4-8502-ee4b634fb00d', 'Isabella Hernandez', 'participant', 'ja', 'ja', 'LEFT'),
('4fd1c049-2a06-4b85-89c2-e6df797655a5', '62ecdda7-fb26-4c4f-967c-8cee8674a565', '9d1b3750-d0b7-421d-ba01-a1a90ebf4f0d', 'Sarah Tran', 'participant', 'de', 'de', 'LEFT'),
('c62340db-eff2-49cf-8ea9-9df72cca0333', 'f1d9884b-2e61-4c8a-84ad-9f402371746f', '52903a44-7b57-4454-8c43-641a0fd10600', 'John Jones', 'participant', 'vi', 'vi', 'LEFT'),
('48a862c6-4369-43b1-a5bb-e2ecb2f8c6ca', 'f1d9884b-2e61-4c8a-84ad-9f402371746f', 'c7fce55c-06b8-42bf-8a0b-b78e0e83299d', 'Sarah Hernandez', 'participant', 'ja', 'ja', 'LEFT'),
('22a5bd33-7912-44b7-8ab6-d867f4b5682e', 'f1d9884b-2e61-4c8a-84ad-9f402371746f', 'aea00fd0-b56e-45ec-8590-b788b91e1e89', 'Emma Johnson', 'participant', 'de', 'de', 'LEFT'),
('026470de-9236-4e85-8b44-a1f70ce336a0', '29dc15a0-e40d-48a8-ba8c-44d6f3ca5529', '52903a44-7b57-4454-8c43-641a0fd10600', 'John Jones', 'participant', 'vi', 'vi', 'INVITED'),
('435b03b7-d2a0-49b9-91b2-09b23cff433c', '29dc15a0-e40d-48a8-ba8c-44d6f3ca5529', 'f9a12c93-94ed-4f77-94d4-592f9bffc050', 'Noah Hernandez', 'participant', 'it', 'it', 'INVITED'),
('84a86f0f-1475-4b98-b3ea-1bd5d6770657', '1394c97b-a3bc-48c3-ace7-e215c7e35b13', 'c7fce55c-06b8-42bf-8a0b-b78e0e83299d', 'Sarah Hernandez', 'host', 'ja', 'ja', 'CONNECTED'),
('d51aab45-8a5e-47d6-b968-391ac9feeef3', '1394c97b-a3bc-48c3-ace7-e215c7e35b13', '9f9bbe1b-a69d-4663-96d9-67aca17a892f', 'Lucas Hernandez', 'participant', 'it', 'it', 'CONNECTED'),
('ffb7d2c9-aff7-4ef1-9343-342ef6d66c61', '1394c97b-a3bc-48c3-ace7-e215c7e35b13', '656b92e2-1fcd-47b4-8502-ee4b634fb00d', 'Isabella Hernandez', 'participant', 'ja', 'ja', 'CONNECTED'),
('8079ed1a-94af-432b-98d8-e80ef4376421', '1394c97b-a3bc-48c3-ace7-e215c7e35b13', '3743aa1d-d158-4a5f-8c13-cae15e771708', 'James Lopez', 'participant', 'ko', 'ko', 'CONNECTED'),
('0d4866c8-a188-4399-b791-71448925e4d3', 'a5fdcf55-6f17-4c50-93b8-c9649c34462b', '9d1b3750-d0b7-421d-ba01-a1a90ebf4f0d', 'Sarah Tran', 'participant', 'de', 'de', 'CONNECTED'),
('a83ab69c-e502-4afc-86d1-a95f91124f33', 'a5fdcf55-6f17-4c50-93b8-c9649c34462b', 'aea00fd0-b56e-45ec-8590-b788b91e1e89', 'Emma Johnson', 'participant', 'de', 'de', 'CONNECTED'),
('239a6ef3-cf7f-4872-b81f-c40dd5df6dcd', 'a5fdcf55-6f17-4c50-93b8-c9649c34462b', 'f9a12c93-94ed-4f77-94d4-592f9bffc050', 'Noah Hernandez', 'participant', 'it', 'it', 'CONNECTED'),
('9e734013-474f-4f5b-a011-f705d08b8f67', 'a5fdcf55-6f17-4c50-93b8-c9649c34462b', 'f3f7d959-1f40-47bc-9e1c-f3186eda5349', 'Olivia Rossi', 'participant', 'de', 'de', 'CONNECTED'),
('e23fb6b6-2401-4677-af3b-7e38bdc077ed', 'a5fdcf55-6f17-4c50-93b8-c9649c34462b', '52903a44-7b57-4454-8c43-641a0fd10600', 'John Jones', 'participant', 'vi', 'vi', 'CONNECTED'),
('8f0f0270-5508-4ce9-8d0e-ac69cac55cb4', 'ab4db502-1ebf-4b5d-80eb-9843b5265ab9', '9d1b3750-d0b7-421d-ba01-a1a90ebf4f0d', 'Sarah Tran', 'participant', 'de', 'de', 'INVITED'),
('71a6375f-5f1a-4dce-90e3-242c4bcb1f67', 'ab4db502-1ebf-4b5d-80eb-9843b5265ab9', '656b92e2-1fcd-47b4-8502-ee4b634fb00d', 'Isabella Hernandez', 'participant', 'ja', 'ja', 'INVITED'),
('afab883b-d155-415f-b933-d2f4e01872c1', 'bfec4413-adeb-478e-ab8e-f8f7528990d6', 'c7fce55c-06b8-42bf-8a0b-b78e0e83299d', 'Sarah Hernandez', 'participant', 'ja', 'ja', 'LEFT'),
('77a6d485-6d7d-424e-8b40-83c0b60a4d33', 'bfec4413-adeb-478e-ab8e-f8f7528990d6', 'b6a4e1dd-3fd5-4b27-a0d7-2eef3597913f', 'Alex Rossi', 'participant', 'ko', 'ko', 'LEFT'),
('07ab818a-7ad2-48f1-a0b4-6ed4aa209592', 'bfec4413-adeb-478e-ab8e-f8f7528990d6', '9cc259a7-eccd-4a75-87ce-1bc62ecc8a7d', 'Olivia Park', 'participant', 'ja', 'ja', 'LEFT'),
('442d7827-87f6-4891-864c-f8aa6a1ebe0d', 'bfec4413-adeb-478e-ab8e-f8f7528990d6', '3743aa1d-d158-4a5f-8c13-cae15e771708', 'James Lopez', 'participant', 'ko', 'ko', 'LEFT'),
('f51b2029-d079-465e-8006-8982349d39b6', 'bfec4413-adeb-478e-ab8e-f8f7528990d6', '9d1b3750-d0b7-421d-ba01-a1a90ebf4f0d', 'Sarah Tran', 'participant', 'de', 'de', 'LEFT'),
('af2dd08b-98a9-4d21-869c-2a35445b4886', 'bfec4413-adeb-478e-ab8e-f8f7528990d6', 'aea00fd0-b56e-45ec-8590-b788b91e1e89', 'Emma Johnson', 'participant', 'de', 'de', 'LEFT'),
('edfe191d-0e75-4972-8e34-969dc1d2d26a', '7f69cd66-ae3f-41cb-b48d-f029196ad665', '3743aa1d-d158-4a5f-8c13-cae15e771708', 'James Lopez', 'participant', 'ko', 'ko', 'CONNECTED'),
('66eeea3c-c5ef-496d-858c-3715faf38fac', '7f69cd66-ae3f-41cb-b48d-f029196ad665', '2aa3e4d6-68dc-4351-8b9f-393639073c7c', 'James Rodriguez', 'participant', 'ja', 'ja', 'CONNECTED'),
('b7c715d0-806b-471c-b217-6fa86478c7ca', '148e8915-ba96-49cb-ae0a-cc9b6c7bd0df', '13e28459-1f97-4c85-abbf-bbee36b5f2eb', 'Elena Yamamoto', 'participant', 'ko', 'ko', 'CONNECTED'),
('83013c42-100a-40f2-8194-97c58b6c04eb', '148e8915-ba96-49cb-ae0a-cc9b6c7bd0df', '3743aa1d-d158-4a5f-8c13-cae15e771708', 'James Lopez', 'participant', 'ko', 'ko', 'CONNECTED'),
('b5bc73ab-716a-40db-9c8b-4f471d4e3de7', '103868e1-39e8-432c-aaa4-cbf055d3e2e8', 'c7fce55c-06b8-42bf-8a0b-b78e0e83299d', 'Sarah Hernandez', 'participant', 'ja', 'ja', 'CONNECTED'),
('bc90b437-df8d-4a4d-9cc0-730a15fc741e', '103868e1-39e8-432c-aaa4-cbf055d3e2e8', '9f9bbe1b-a69d-4663-96d9-67aca17a892f', 'Lucas Hernandez', 'participant', 'it', 'it', 'CONNECTED'),
('1244d98b-38cc-4025-8fac-401523e1cad9', '103868e1-39e8-432c-aaa4-cbf055d3e2e8', '13e28459-1f97-4c85-abbf-bbee36b5f2eb', 'Elena Yamamoto', 'participant', 'ko', 'ko', 'CONNECTED'),
('53255449-c89c-4914-a6d7-a5dad039bd49', '103868e1-39e8-432c-aaa4-cbf055d3e2e8', '52903a44-7b57-4454-8c43-641a0fd10600', 'John Jones', 'participant', 'vi', 'vi', 'CONNECTED'),
('37b130ee-a801-4c82-944d-9c2e062a2152', '103868e1-39e8-432c-aaa4-cbf055d3e2e8', '0d26cbe1-191c-4016-a19e-f71602d333bd', 'William Johnson', 'participant', 'fr', 'fr', 'CONNECTED'),
('759caea1-65d5-4c59-ba69-d313d722cc21', '103868e1-39e8-432c-aaa4-cbf055d3e2e8', '9cc259a7-eccd-4a75-87ce-1bc62ecc8a7d', 'Olivia Park', 'participant', 'ja', 'ja', 'CONNECTED'),
('77127adb-f0ed-4e9b-9a3b-1016fef5fe9a', 'e31db8bc-8ef1-4e09-885f-8d6f92edec58', 'c7fce55c-06b8-42bf-8a0b-b78e0e83299d', 'Sarah Hernandez', 'participant', 'ja', 'ja', 'INVITED'),
('7b01e766-2b18-47e7-9966-3acede33574c', 'e31db8bc-8ef1-4e09-885f-8d6f92edec58', '0d26cbe1-191c-4016-a19e-f71602d333bd', 'William Johnson', 'participant', 'fr', 'fr', 'INVITED'),
('ee81fbab-5670-4f2a-83f4-61b33d479f81', 'e31db8bc-8ef1-4e09-885f-8d6f92edec58', 'b6a4e1dd-3fd5-4b27-a0d7-2eef3597913f', 'Alex Rossi', 'participant', 'ko', 'ko', 'INVITED'),
('50f2c6b1-eca6-4276-abba-a70233afe53f', 'e31db8bc-8ef1-4e09-885f-8d6f92edec58', '3743aa1d-d158-4a5f-8c13-cae15e771708', 'James Lopez', 'participant', 'ko', 'ko', 'INVITED'),
('b25fcb79-e794-45ac-a9a9-0c1fda150b1e', 'fd326d1b-f428-4d4b-8913-02f740e67c59', '54b135c0-d958-477a-b534-0456fc77f6ab', 'James Garcia', 'participant', 'es', 'es', 'INVITED'),
('3235cd4b-f438-480f-afe0-14c6eaa55054', 'fd326d1b-f428-4d4b-8913-02f740e67c59', 'b6a4e1dd-3fd5-4b27-a0d7-2eef3597913f', 'Alex Rossi', 'participant', 'ko', 'ko', 'INVITED'),
('60643488-a36a-41de-921d-1882a3ddc5aa', 'fd326d1b-f428-4d4b-8913-02f740e67c59', '3743aa1d-d158-4a5f-8c13-cae15e771708', 'James Lopez', 'participant', 'ko', 'ko', 'INVITED'),
('3930c10a-dda7-4d5c-8b5c-0eb83c630e49', 'fd326d1b-f428-4d4b-8913-02f740e67c59', '9d1b3750-d0b7-421d-ba01-a1a90ebf4f0d', 'Sarah Tran', 'participant', 'de', 'de', 'INVITED'),
('8977316d-d044-4170-b71f-223917ec7eaf', 'fd326d1b-f428-4d4b-8913-02f740e67c59', 'aea00fd0-b56e-45ec-8590-b788b91e1e89', 'Emma Johnson', 'participant', 'de', 'de', 'INVITED'),
('bf6de850-a776-41c0-8ab4-a78a66e7fb97', '193428ad-b3a6-48cb-a3fd-0b0d4e4a04dc', '9f9bbe1b-a69d-4663-96d9-67aca17a892f', 'Lucas Hernandez', 'participant', 'it', 'it', 'LEFT'),
('3c968496-0cb3-4d43-84f4-947bb69fd3ba', '193428ad-b3a6-48cb-a3fd-0b0d4e4a04dc', '9d1b3750-d0b7-421d-ba01-a1a90ebf4f0d', 'Sarah Tran', 'participant', 'de', 'de', 'LEFT'),
('34c18707-5a79-408b-8480-ed1a4b175235', '193428ad-b3a6-48cb-a3fd-0b0d4e4a04dc', '2aa3e4d6-68dc-4351-8b9f-393639073c7c', 'James Rodriguez', 'participant', 'ja', 'ja', 'LEFT'),
('0e43c721-b260-4d7d-89b9-191a7eb50fb1', '193428ad-b3a6-48cb-a3fd-0b0d4e4a04dc', 'aea00fd0-b56e-45ec-8590-b788b91e1e89', 'Emma Johnson', 'participant', 'de', 'de', 'LEFT');
INSERT INTO meeting.meeting_rooms (id, translation_room_id, provider_room_name, status) VALUES
('f5091973-cbc8-468e-9ff7-108922585f5a', 'da1f45e0-eae9-4f1a-885a-79ab90e402e4', 'livekit-da1f45e0-eae9-4f1a-885a-79ab90e402e4', 'FINISHED'),
('b8c96222-9eb0-43a2-ac94-b7fbc0d13d43', 'aa295c40-77ea-4d74-842c-46229db591ed', 'livekit-aa295c40-77ea-4d74-842c-46229db591ed', 'FINISHED'),
('467f2a95-ae12-41b6-9e5e-04409b68b74e', '2beee471-b74f-4abf-88b9-e11e7840ec93', 'livekit-2beee471-b74f-4abf-88b9-e11e7840ec93', 'FINISHED'),
('4ffceae8-b6b6-4a51-a8c9-d1b7cd73b4f1', '9d3cadad-ab74-4a27-a7b5-a225eba38d80', 'livekit-9d3cadad-ab74-4a27-a7b5-a225eba38d80', 'ACTIVE'),
('98533c57-8dbc-4fdb-9d8f-60536c6e0942', '8d6f6d97-8674-4696-99c7-376a107a7e73', 'livekit-8d6f6d97-8674-4696-99c7-376a107a7e73', 'ACTIVE'),
('91f38e7b-3231-4cf7-b015-d9a28624253a', '37f540fe-97b6-40d8-bd2a-9890b1312263', 'livekit-37f540fe-97b6-40d8-bd2a-9890b1312263', 'ACTIVE'),
('a901361b-4473-445e-be8f-3fd529943ff5', '632dd4c8-4f59-4224-85bb-5175f2a94b1b', 'livekit-632dd4c8-4f59-4224-85bb-5175f2a94b1b', 'ACTIVE'),
('d6c50794-0712-448b-a37c-6f733afad5d6', 'b2905e36-486a-4d87-a615-36d8d511357f', 'livekit-b2905e36-486a-4d87-a615-36d8d511357f', 'FINISHED'),
('ffee6ce7-1450-4d79-a7ad-db48b53ea79f', 'd2ff4d5a-4d9e-4b2d-97a0-ba1958939a46', 'livekit-d2ff4d5a-4d9e-4b2d-97a0-ba1958939a46', 'ACTIVE'),
('31abf27d-8624-490f-8586-f5843dc6ec27', 'aff5731f-02ed-4057-9b6c-ac2afbf0eac1', 'livekit-aff5731f-02ed-4057-9b6c-ac2afbf0eac1', 'ACTIVE'),
('70e375c5-4132-4aff-b718-8d88ff8195cf', 'bcbcaa97-5bb8-432d-a946-af18c4b66dd7', 'livekit-bcbcaa97-5bb8-432d-a946-af18c4b66dd7', 'ACTIVE'),
('0e97a9a7-98f8-4092-b6db-5f01cce84525', '3e321b3f-3f67-4ce9-b628-dfc12f566e3c', 'livekit-3e321b3f-3f67-4ce9-b628-dfc12f566e3c', 'FINISHED'),
('bae309d2-3665-473d-bad6-0b3c68a19f76', '2fb8988d-d43f-4993-8b52-266936e6d978', 'livekit-2fb8988d-d43f-4993-8b52-266936e6d978', 'FINISHED'),
('b53a73fa-ce48-483e-a411-5cd86a98919d', 'dacba524-c362-48b9-97b5-69872f416f3a', 'livekit-dacba524-c362-48b9-97b5-69872f416f3a', 'FINISHED'),
('3915050f-e51d-4aa8-a014-fe9637d1958b', '19d3cd37-d9e3-47bd-8244-e777e1dc9e76', 'livekit-19d3cd37-d9e3-47bd-8244-e777e1dc9e76', 'ACTIVE'),
('848f40b3-10fe-4d8a-9a6b-a51a1590c270', 'd85de16f-2d22-4d6f-b56a-661ae23479c0', 'livekit-d85de16f-2d22-4d6f-b56a-661ae23479c0', 'FINISHED'),
('dca4ab3d-2ed6-4e6a-833e-ac6af16c78e5', 'a459ba70-ddbd-4a94-8a47-ad19a5eb5d5d', 'livekit-a459ba70-ddbd-4a94-8a47-ad19a5eb5d5d', 'ACTIVE'),
('0b6612dc-6140-475e-a0bb-e9aa3f718c8c', 'ae8495c6-9744-4342-9520-2229c8433932', 'livekit-ae8495c6-9744-4342-9520-2229c8433932', 'ACTIVE'),
('aa89c05b-fbd1-4582-ac80-b4495be46fbc', '621acdbd-8d4b-45b5-9a6b-7ba0e1efdd8d', 'livekit-621acdbd-8d4b-45b5-9a6b-7ba0e1efdd8d', 'ACTIVE'),
('e812e839-a068-4cb5-85a9-e50e6ce2c5cb', 'c91a23f2-03d3-4e50-8987-daac1444ad17', 'livekit-c91a23f2-03d3-4e50-8987-daac1444ad17', 'FINISHED'),
('8ddd0f60-a679-4592-8640-993f8ca9e43a', '7bfc0505-71da-45ad-94fd-92f9bc651ff2', 'livekit-7bfc0505-71da-45ad-94fd-92f9bc651ff2', 'ACTIVE'),
('b5d3ecc6-35f7-4934-b578-56a2f6fade0c', 'f1a0e35c-c8f4-4fee-be38-9c292b7c320d', 'livekit-f1a0e35c-c8f4-4fee-be38-9c292b7c320d', 'FINISHED'),
('2c2448f4-7795-494e-ad6e-32ef959481fa', '6f5599f3-1225-4c87-a05e-3474fba072d2', 'livekit-6f5599f3-1225-4c87-a05e-3474fba072d2', 'FINISHED'),
('485e57d7-3f34-4d31-b360-5a933dd60f70', 'd6013fc1-e40a-432d-a93f-5b8e64eb7c65', 'livekit-d6013fc1-e40a-432d-a93f-5b8e64eb7c65', 'FINISHED'),
('15b65f88-b862-400a-87ab-4559da0b7e80', 'a7b881e3-4be0-4e1d-9cd7-406941f88403', 'livekit-a7b881e3-4be0-4e1d-9cd7-406941f88403', 'ACTIVE'),
('48528951-2c90-4539-b52a-efde977c3770', '708bb962-9cb1-4879-8598-561443df1712', 'livekit-708bb962-9cb1-4879-8598-561443df1712', 'ACTIVE'),
('5d195235-a6b8-4647-a2de-4a813944f630', '05acb401-d5e6-4ec7-a26c-ac499d7e34a4', 'livekit-05acb401-d5e6-4ec7-a26c-ac499d7e34a4', 'FINISHED'),
('5a5f23a3-0d8a-4506-a628-6236a8fc966e', '1ddc3865-e166-4a0a-b47d-4dd6bf134240', 'livekit-1ddc3865-e166-4a0a-b47d-4dd6bf134240', 'ACTIVE'),
('4d7803b5-5e7d-4255-96b8-2c7bca38b264', 'bf0d553c-9e11-4b34-a2df-5476f49e6037', 'livekit-bf0d553c-9e11-4b34-a2df-5476f49e6037', 'ACTIVE'),
('ed268cf4-a6b9-4163-a910-f900227a318e', '21b675bb-6941-4da9-8962-601903623b52', 'livekit-21b675bb-6941-4da9-8962-601903623b52', 'ACTIVE'),
('ec1c90ac-8427-45aa-b415-77c62583bc8e', '895513ff-dcc9-4ad1-b133-b28416b08be7', 'livekit-895513ff-dcc9-4ad1-b133-b28416b08be7', 'FINISHED'),
('7b81217c-cc28-49cd-b490-f3bdc70dc792', 'ac60b99b-c06a-4033-a32a-3b35f596cd0b', 'livekit-ac60b99b-c06a-4033-a32a-3b35f596cd0b', 'ACTIVE'),
('31febf14-fd2f-486c-b37d-6b6958ec0f6c', '936e17d3-a43c-4497-80b7-03b1225d375d', 'livekit-936e17d3-a43c-4497-80b7-03b1225d375d', 'ACTIVE'),
('bf1dcc1b-ec9a-44e2-b9a7-69917935a969', 'a383faea-762a-42eb-9dc1-edcedf079863', 'livekit-a383faea-762a-42eb-9dc1-edcedf079863', 'FINISHED'),
('cbb3d3de-66d4-4191-a515-2056bde23737', '16832087-76c1-4148-a1b2-cf884003186c', 'livekit-16832087-76c1-4148-a1b2-cf884003186c', 'ACTIVE'),
('15c95781-e782-4104-89d5-53a43c5730ef', '6499c9d5-64bd-48bd-987a-d5f716a62d0f', 'livekit-6499c9d5-64bd-48bd-987a-d5f716a62d0f', 'FINISHED'),
('1ae82943-e437-4108-b2ef-027b5c1527a6', '3a7f9534-4b3b-469b-8230-6518944c5683', 'livekit-3a7f9534-4b3b-469b-8230-6518944c5683', 'ACTIVE'),
('94f77741-f79a-4bcb-8260-298d9a5807df', 'de0adc70-b69e-4ba0-be7a-9b8da1593ba7', 'livekit-de0adc70-b69e-4ba0-be7a-9b8da1593ba7', 'FINISHED'),
('e1218adb-2728-4e4a-bcf9-2e700c9feaf2', '5b3fd444-d8a0-48b3-ba4a-367bfce68b7c', 'livekit-5b3fd444-d8a0-48b3-ba4a-367bfce68b7c', 'ACTIVE'),
('275ab4ba-9ffb-4a03-a572-98e195fa49cd', '3ae9079c-0e85-44db-9188-4625aea07b8b', 'livekit-3ae9079c-0e85-44db-9188-4625aea07b8b', 'FINISHED'),
('f32f4fc8-2b1e-45a5-a7b0-7e4cddea93bb', '2f78d0dd-ff6c-4271-b9be-bfbededf1776', 'livekit-2f78d0dd-ff6c-4271-b9be-bfbededf1776', 'ACTIVE'),
('9a8f6417-cded-43c6-9ab1-8c783ef7e41e', '2f0e89de-f628-4488-b498-f7953f3e778f', 'livekit-2f0e89de-f628-4488-b498-f7953f3e778f', 'FINISHED'),
('06ce12a5-9140-4da4-b510-1a375984a513', '62ecdda7-fb26-4c4f-967c-8cee8674a565', 'livekit-62ecdda7-fb26-4c4f-967c-8cee8674a565', 'FINISHED'),
('c7e67d11-6523-4847-97af-5fa7c7f7b746', 'f1d9884b-2e61-4c8a-84ad-9f402371746f', 'livekit-f1d9884b-2e61-4c8a-84ad-9f402371746f', 'FINISHED'),
('3a7c8959-443e-40b7-8723-d12a30b3fb9f', '1394c97b-a3bc-48c3-ace7-e215c7e35b13', 'livekit-1394c97b-a3bc-48c3-ace7-e215c7e35b13', 'ACTIVE'),
('075c4533-b69a-4752-8d7f-608680c01959', 'a5fdcf55-6f17-4c50-93b8-c9649c34462b', 'livekit-a5fdcf55-6f17-4c50-93b8-c9649c34462b', 'ACTIVE'),
('a8853bac-db9a-4094-b31e-1eb526657bf4', 'bfec4413-adeb-478e-ab8e-f8f7528990d6', 'livekit-bfec4413-adeb-478e-ab8e-f8f7528990d6', 'FINISHED'),
('54d23563-67b5-46ee-a0b9-42ec2a4a043a', '7f69cd66-ae3f-41cb-b48d-f029196ad665', 'livekit-7f69cd66-ae3f-41cb-b48d-f029196ad665', 'ACTIVE'),
('c997533a-be93-4600-b7e0-0449d53da129', '148e8915-ba96-49cb-ae0a-cc9b6c7bd0df', 'livekit-148e8915-ba96-49cb-ae0a-cc9b6c7bd0df', 'ACTIVE'),
('7ce0409d-5aae-4ff6-9ba9-e505027db2f8', '103868e1-39e8-432c-aaa4-cbf055d3e2e8', 'livekit-103868e1-39e8-432c-aaa4-cbf055d3e2e8', 'ACTIVE'),
('8645775c-d755-47a9-b267-e37dbbd21d6e', '193428ad-b3a6-48cb-a3fd-0b0d4e4a04dc', 'livekit-193428ad-b3a6-48cb-a3fd-0b0d4e4a04dc', 'FINISHED');
INSERT INTO meeting.meeting_participants (id, meeting_room_id, user_id, provider_identity, is_active) VALUES
('348d52f0-2505-490f-87f2-9ce928f76411', 'f5091973-cbc8-468e-9ff7-108922585f5a', '3d87ccd5-771d-428f-ad87-61cbdf51eaa7', '3d87ccd5-771d-428f-ad87-61cbdf51eaa7', true),
('a056f695-9a49-43ac-961d-abd76ac36529', 'f5091973-cbc8-468e-9ff7-108922585f5a', '10e599ef-4914-4d93-9827-691603be9835', '10e599ef-4914-4d93-9827-691603be9835', true),
('ef0693a1-e250-4af1-8a79-11b1ea401de7', 'f5091973-cbc8-468e-9ff7-108922585f5a', '895234c3-b387-4597-81b2-b7a5e797db4c', '895234c3-b387-4597-81b2-b7a5e797db4c', true),
('fa5d77cb-3070-4ad3-aff1-3f74145f053f', 'b8c96222-9eb0-43a2-ac94-b7fbc0d13d43', 'd6745894-ef32-4d18-9b91-2946e954e482', 'd6745894-ef32-4d18-9b91-2946e954e482', true),
('83a4e046-4501-463b-b36a-57a436632ce4', 'b8c96222-9eb0-43a2-ac94-b7fbc0d13d43', 'aea00fd0-b56e-45ec-8590-b788b91e1e89', 'aea00fd0-b56e-45ec-8590-b788b91e1e89', true),
('cb91fadb-ed5a-43b6-9ea9-2301abfe9b7a', '467f2a95-ae12-41b6-9e5e-04409b68b74e', 'aea00fd0-b56e-45ec-8590-b788b91e1e89', 'aea00fd0-b56e-45ec-8590-b788b91e1e89', true),
('b31570f8-da04-4155-acef-7b55227fcc0c', '467f2a95-ae12-41b6-9e5e-04409b68b74e', '0d6e002d-f9e9-40b1-b06f-9d25b202d76e', '0d6e002d-f9e9-40b1-b06f-9d25b202d76e', true),
('e4eda19d-0c6c-4807-8ec3-31bd48ee7c08', '467f2a95-ae12-41b6-9e5e-04409b68b74e', '019ec641-9776-7d50-b2b9-9edb93a46d22', '019ec641-9776-7d50-b2b9-9edb93a46d22', true),
('43b748c9-b23c-4dd9-9b16-3d62bccaeeb1', '467f2a95-ae12-41b6-9e5e-04409b68b74e', '3d8d32e0-c573-49a8-b70f-b7680271b3fc', '3d8d32e0-c573-49a8-b70f-b7680271b3fc', true),
('4a759ab1-6bb3-4534-9fc2-f3cd80bcdc6f', '467f2a95-ae12-41b6-9e5e-04409b68b74e', '9d1b3750-d0b7-421d-ba01-a1a90ebf4f0d', '9d1b3750-d0b7-421d-ba01-a1a90ebf4f0d', true),
('52fc1fbe-df77-4aca-a114-a5c0614bbd88', '467f2a95-ae12-41b6-9e5e-04409b68b74e', '6b2741d3-61df-44a1-8c91-115c892156bc', '6b2741d3-61df-44a1-8c91-115c892156bc', true),
('b001156d-883d-4570-937c-73e75d8fca39', '467f2a95-ae12-41b6-9e5e-04409b68b74e', '10e599ef-4914-4d93-9827-691603be9835', '10e599ef-4914-4d93-9827-691603be9835', true),
('2fa89535-2b89-4432-b2ae-53624f9ff7ed', '4ffceae8-b6b6-4a51-a8c9-d1b7cd73b4f1', '521d1e16-c66a-4e1b-92cb-b52035658c45', '521d1e16-c66a-4e1b-92cb-b52035658c45', true),
('02e7ce7a-0512-44ae-9e0d-36822a79c5c2', '4ffceae8-b6b6-4a51-a8c9-d1b7cd73b4f1', 'aea00fd0-b56e-45ec-8590-b788b91e1e89', 'aea00fd0-b56e-45ec-8590-b788b91e1e89', true),
('0c38c9b3-1052-4b8c-8992-b04ac1b88d3f', '4ffceae8-b6b6-4a51-a8c9-d1b7cd73b4f1', '895234c3-b387-4597-81b2-b7a5e797db4c', '895234c3-b387-4597-81b2-b7a5e797db4c', true),
('5013b145-4c1c-4c25-ae3b-72ba97805912', '98533c57-8dbc-4fdb-9d8f-60536c6e0942', 'd6745894-ef32-4d18-9b91-2946e954e482', 'd6745894-ef32-4d18-9b91-2946e954e482', true),
('c5c167e1-fa38-4bf9-98ce-a4a9adf537d7', '98533c57-8dbc-4fdb-9d8f-60536c6e0942', '3d8d32e0-c573-49a8-b70f-b7680271b3fc', '3d8d32e0-c573-49a8-b70f-b7680271b3fc', true),
('b74404a3-3661-47a3-a763-0ee83f8ca891', '98533c57-8dbc-4fdb-9d8f-60536c6e0942', '0d6e002d-f9e9-40b1-b06f-9d25b202d76e', '0d6e002d-f9e9-40b1-b06f-9d25b202d76e', true),
('18b1d405-e876-43e5-9b53-dd35c13b4ab8', '91f38e7b-3231-4cf7-b015-d9a28624253a', 'dd593620-5ff9-4048-90b0-ee58668a7ffc', 'dd593620-5ff9-4048-90b0-ee58668a7ffc', true),
('352c94fc-e767-4d3b-b486-1743e7e998bb', '91f38e7b-3231-4cf7-b015-d9a28624253a', '13e28459-1f97-4c85-abbf-bbee36b5f2eb', '13e28459-1f97-4c85-abbf-bbee36b5f2eb', true),
('a57b93fe-8400-46fd-a591-6168b5fa07c1', '91f38e7b-3231-4cf7-b015-d9a28624253a', '3d8d32e0-c573-49a8-b70f-b7680271b3fc', '3d8d32e0-c573-49a8-b70f-b7680271b3fc', true),
('7a1b8ec6-7ab1-4358-8bb9-4b0f8df68f12', '91f38e7b-3231-4cf7-b015-d9a28624253a', 'e1bc958a-871d-4a3e-8448-95f62096ee15', 'e1bc958a-871d-4a3e-8448-95f62096ee15', true),
('0bc1e28c-978c-42ac-9fe3-6e34cff93f8b', 'a901361b-4473-445e-be8f-3fd529943ff5', '9d1b3750-d0b7-421d-ba01-a1a90ebf4f0d', '9d1b3750-d0b7-421d-ba01-a1a90ebf4f0d', true),
('825edd41-8d21-4cde-9ef3-7f9fb68e163b', 'a901361b-4473-445e-be8f-3fd529943ff5', '5f9e43b2-1ac3-4a6b-a073-0e26c9b57f1f', '5f9e43b2-1ac3-4a6b-a073-0e26c9b57f1f', true),
('0a9c18e1-a123-4724-b720-d82940960272', 'a901361b-4473-445e-be8f-3fd529943ff5', '46f79eee-5616-45a1-b67b-f1d3b14c693d', '46f79eee-5616-45a1-b67b-f1d3b14c693d', true),
('d6cb0d06-d811-4f55-b8fb-9446a2cada62', 'a901361b-4473-445e-be8f-3fd529943ff5', '019ec641-9776-7d50-b2b9-9edb93a46d22', '019ec641-9776-7d50-b2b9-9edb93a46d22', true),
('a30547a3-14fe-404d-9eeb-4f94602fc78d', 'a901361b-4473-445e-be8f-3fd529943ff5', '0d6e002d-f9e9-40b1-b06f-9d25b202d76e', '0d6e002d-f9e9-40b1-b06f-9d25b202d76e', true),
('a2132c48-98ef-440b-b8e8-0e185be8c070', 'd6c50794-0712-448b-a37c-6f733afad5d6', '0d6e002d-f9e9-40b1-b06f-9d25b202d76e', '0d6e002d-f9e9-40b1-b06f-9d25b202d76e', true),
('b75ffc4c-f734-42e7-a433-d6b21c9cef0f', 'd6c50794-0712-448b-a37c-6f733afad5d6', '6b2741d3-61df-44a1-8c91-115c892156bc', '6b2741d3-61df-44a1-8c91-115c892156bc', true),
('049792ef-7d08-4d08-bb7f-0f7f015e930c', 'd6c50794-0712-448b-a37c-6f733afad5d6', 'aea00fd0-b56e-45ec-8590-b788b91e1e89', 'aea00fd0-b56e-45ec-8590-b788b91e1e89', true),
('57960464-04e4-4c3d-b8aa-a2f72431db5a', 'd6c50794-0712-448b-a37c-6f733afad5d6', '4ddec186-4be4-479b-804d-ec1d14c1800d', '4ddec186-4be4-479b-804d-ec1d14c1800d', true),
('9c83d727-d9fc-43f0-b6cf-61403d2715c7', 'd6c50794-0712-448b-a37c-6f733afad5d6', '3d87ccd5-771d-428f-ad87-61cbdf51eaa7', '3d87ccd5-771d-428f-ad87-61cbdf51eaa7', true),
('b42e4dca-baa4-42d9-9e84-62f864301db1', 'd6c50794-0712-448b-a37c-6f733afad5d6', '521d1e16-c66a-4e1b-92cb-b52035658c45', '521d1e16-c66a-4e1b-92cb-b52035658c45', true),
('6ccd3ed8-7adb-46b1-a800-e41f755b46e3', 'd6c50794-0712-448b-a37c-6f733afad5d6', 'd6745894-ef32-4d18-9b91-2946e954e482', 'd6745894-ef32-4d18-9b91-2946e954e482', true),
('2c6c9b1c-c649-46f8-a64f-7f2d7652ac1b', 'ffee6ce7-1450-4d79-a7ad-db48b53ea79f', '4ddec186-4be4-479b-804d-ec1d14c1800d', '4ddec186-4be4-479b-804d-ec1d14c1800d', true),
('f0552029-6d12-4e8e-ad5b-6720801d907d', 'ffee6ce7-1450-4d79-a7ad-db48b53ea79f', 'a7d0b7b3-41f2-4ea9-9652-1f17f1117237', 'a7d0b7b3-41f2-4ea9-9652-1f17f1117237', true),
('ddc8402b-9164-4059-8da9-2913f618c6b8', 'ffee6ce7-1450-4d79-a7ad-db48b53ea79f', 'e1bc958a-871d-4a3e-8448-95f62096ee15', 'e1bc958a-871d-4a3e-8448-95f62096ee15', true),
('eb605712-7839-4608-9597-5d3aeacb1804', 'ffee6ce7-1450-4d79-a7ad-db48b53ea79f', '895234c3-b387-4597-81b2-b7a5e797db4c', '895234c3-b387-4597-81b2-b7a5e797db4c', true),
('5c721e0d-2bd7-4e9b-9095-3966ca358b21', 'ffee6ce7-1450-4d79-a7ad-db48b53ea79f', '6b2741d3-61df-44a1-8c91-115c892156bc', '6b2741d3-61df-44a1-8c91-115c892156bc', true),
('50e84e6d-b63d-4eff-b418-5a0c8deee680', 'ffee6ce7-1450-4d79-a7ad-db48b53ea79f', 'c7fce55c-06b8-42bf-8a0b-b78e0e83299d', 'c7fce55c-06b8-42bf-8a0b-b78e0e83299d', true),
('8c361385-f979-41dd-82af-5e2c97562ff3', 'ffee6ce7-1450-4d79-a7ad-db48b53ea79f', '3d8d32e0-c573-49a8-b70f-b7680271b3fc', '3d8d32e0-c573-49a8-b70f-b7680271b3fc', true),
('9c10c1dd-9e14-4d51-8b6d-4d1b37b51944', '31abf27d-8624-490f-8586-f5843dc6ec27', '521d1e16-c66a-4e1b-92cb-b52035658c45', '521d1e16-c66a-4e1b-92cb-b52035658c45', true),
('bad79556-8372-4ddb-8023-5fa5f75bc76a', '31abf27d-8624-490f-8586-f5843dc6ec27', 'cdc4c4b9-ef73-4026-a59b-cfff8761c747', 'cdc4c4b9-ef73-4026-a59b-cfff8761c747', true),
('dc0f260a-9091-4919-8ccd-8f829c0ab4a2', '31abf27d-8624-490f-8586-f5843dc6ec27', 'd6745894-ef32-4d18-9b91-2946e954e482', 'd6745894-ef32-4d18-9b91-2946e954e482', true),
('df009cf6-8e62-46cd-808c-562fd464a27e', '31abf27d-8624-490f-8586-f5843dc6ec27', '5f9e43b2-1ac3-4a6b-a073-0e26c9b57f1f', '5f9e43b2-1ac3-4a6b-a073-0e26c9b57f1f', true),
('909b169d-1479-4b11-b613-a84a693722be', '31abf27d-8624-490f-8586-f5843dc6ec27', '46f79eee-5616-45a1-b67b-f1d3b14c693d', '46f79eee-5616-45a1-b67b-f1d3b14c693d', true),
('59006582-da5b-4e3b-9cde-bfd2aa2c76d3', '31abf27d-8624-490f-8586-f5843dc6ec27', 'c7fce55c-06b8-42bf-8a0b-b78e0e83299d', 'c7fce55c-06b8-42bf-8a0b-b78e0e83299d', true),
('73ee6aff-feee-4c9e-b277-985fe416db45', '31abf27d-8624-490f-8586-f5843dc6ec27', '10e599ef-4914-4d93-9827-691603be9835', '10e599ef-4914-4d93-9827-691603be9835', true),
('c6879a8d-edd5-4ca6-9e40-bce5db5ae833', '31abf27d-8624-490f-8586-f5843dc6ec27', '4ddec186-4be4-479b-804d-ec1d14c1800d', '4ddec186-4be4-479b-804d-ec1d14c1800d', true),
('65991358-de8d-4d7d-b0ad-6031b5010a15', '70e375c5-4132-4aff-b718-8d88ff8195cf', '3d87ccd5-771d-428f-ad87-61cbdf51eaa7', '3d87ccd5-771d-428f-ad87-61cbdf51eaa7', true),
('cab46438-6950-481e-9fe5-9c1c1b6b366c', '70e375c5-4132-4aff-b718-8d88ff8195cf', '6b2741d3-61df-44a1-8c91-115c892156bc', '6b2741d3-61df-44a1-8c91-115c892156bc', true),
('9ea41c89-f706-4ed5-87e6-6e5d950b1d5c', '70e375c5-4132-4aff-b718-8d88ff8195cf', '5f9e43b2-1ac3-4a6b-a073-0e26c9b57f1f', '5f9e43b2-1ac3-4a6b-a073-0e26c9b57f1f', true),
('88dfba0d-9ee0-4f5f-9396-b1b2ac73af25', '70e375c5-4132-4aff-b718-8d88ff8195cf', '3d8d32e0-c573-49a8-b70f-b7680271b3fc', '3d8d32e0-c573-49a8-b70f-b7680271b3fc', true),
('e3a6ef15-a0dd-493b-a774-9552d3620cad', '70e375c5-4132-4aff-b718-8d88ff8195cf', '0d6e002d-f9e9-40b1-b06f-9d25b202d76e', '0d6e002d-f9e9-40b1-b06f-9d25b202d76e', true),
('15c41405-083f-4e04-9e4b-531172aef331', '70e375c5-4132-4aff-b718-8d88ff8195cf', 'c7fce55c-06b8-42bf-8a0b-b78e0e83299d', 'c7fce55c-06b8-42bf-8a0b-b78e0e83299d', true),
('cf10d199-ebcc-42a1-8407-e61a77550432', '70e375c5-4132-4aff-b718-8d88ff8195cf', 'a7d0b7b3-41f2-4ea9-9652-1f17f1117237', 'a7d0b7b3-41f2-4ea9-9652-1f17f1117237', true),
('d8622dbd-11e2-410c-af1b-2520909fe7e9', '70e375c5-4132-4aff-b718-8d88ff8195cf', 'e1bc958a-871d-4a3e-8448-95f62096ee15', 'e1bc958a-871d-4a3e-8448-95f62096ee15', true),
('5f01552e-5c3e-4e04-9cf6-fe8f3ace7839', '0e97a9a7-98f8-4092-b6db-5f01cce84525', 'aea00fd0-b56e-45ec-8590-b788b91e1e89', 'aea00fd0-b56e-45ec-8590-b788b91e1e89', true),
('ad644551-3b12-47e1-8813-9145553f499c', '0e97a9a7-98f8-4092-b6db-5f01cce84525', 'c7fce55c-06b8-42bf-8a0b-b78e0e83299d', 'c7fce55c-06b8-42bf-8a0b-b78e0e83299d', true),
('5e70823e-6475-42e1-9094-5cf6a933e55d', '0e97a9a7-98f8-4092-b6db-5f01cce84525', '5f9e43b2-1ac3-4a6b-a073-0e26c9b57f1f', '5f9e43b2-1ac3-4a6b-a073-0e26c9b57f1f', true),
('74da2e9a-12c6-4a81-8f3b-f7715db6de31', '0e97a9a7-98f8-4092-b6db-5f01cce84525', 'e1bc958a-871d-4a3e-8448-95f62096ee15', 'e1bc958a-871d-4a3e-8448-95f62096ee15', true),
('58ca1430-947c-4f9d-bb80-8b7d521cc3e3', 'bae309d2-3665-473d-bad6-0b3c68a19f76', '46f79eee-5616-45a1-b67b-f1d3b14c693d', '46f79eee-5616-45a1-b67b-f1d3b14c693d', true),
('80efff68-d9ff-4bd0-b629-f11ace8b5390', 'bae309d2-3665-473d-bad6-0b3c68a19f76', '895234c3-b387-4597-81b2-b7a5e797db4c', '895234c3-b387-4597-81b2-b7a5e797db4c', true),
('58a8f268-3d2f-4791-985e-20dfd1bdb616', 'bae309d2-3665-473d-bad6-0b3c68a19f76', 'aea00fd0-b56e-45ec-8590-b788b91e1e89', 'aea00fd0-b56e-45ec-8590-b788b91e1e89', true),
('d7487f62-91bd-4414-9cee-b9d41a6fa07c', 'bae309d2-3665-473d-bad6-0b3c68a19f76', 'a7d0b7b3-41f2-4ea9-9652-1f17f1117237', 'a7d0b7b3-41f2-4ea9-9652-1f17f1117237', true),
('234e50c5-0a38-4ad9-becc-dc827d1ba414', 'bae309d2-3665-473d-bad6-0b3c68a19f76', 'cdc4c4b9-ef73-4026-a59b-cfff8761c747', 'cdc4c4b9-ef73-4026-a59b-cfff8761c747', true),
('7be210b5-b6cf-4735-b28e-ba1a9b25610f', 'bae309d2-3665-473d-bad6-0b3c68a19f76', 'e1bc958a-871d-4a3e-8448-95f62096ee15', 'e1bc958a-871d-4a3e-8448-95f62096ee15', true),
('c4e9c44b-ddb1-4ab9-b61b-341032f7d441', 'bae309d2-3665-473d-bad6-0b3c68a19f76', '3d87ccd5-771d-428f-ad87-61cbdf51eaa7', '3d87ccd5-771d-428f-ad87-61cbdf51eaa7', true),
('f69c4eba-8cef-4e21-9f2e-19b456f9d3aa', 'b53a73fa-ce48-483e-a411-5cd86a98919d', 'c7fce55c-06b8-42bf-8a0b-b78e0e83299d', 'c7fce55c-06b8-42bf-8a0b-b78e0e83299d', true),
('87b05f3c-93a9-4a5e-a402-8c5cab5e84bb', 'b53a73fa-ce48-483e-a411-5cd86a98919d', 'a7d0b7b3-41f2-4ea9-9652-1f17f1117237', 'a7d0b7b3-41f2-4ea9-9652-1f17f1117237', true),
('80c57a8f-1ac8-481b-83a1-ff98b8c230af', 'b53a73fa-ce48-483e-a411-5cd86a98919d', 'aea00fd0-b56e-45ec-8590-b788b91e1e89', 'aea00fd0-b56e-45ec-8590-b788b91e1e89', true),
('83d07a6c-92d8-4464-af09-264969de7e93', 'b53a73fa-ce48-483e-a411-5cd86a98919d', '9d1b3750-d0b7-421d-ba01-a1a90ebf4f0d', '9d1b3750-d0b7-421d-ba01-a1a90ebf4f0d', true),
('ec4ac5cc-4868-4bde-96f3-50ae2f4b6a34', 'b53a73fa-ce48-483e-a411-5cd86a98919d', '521d1e16-c66a-4e1b-92cb-b52035658c45', '521d1e16-c66a-4e1b-92cb-b52035658c45', true),
('eaa85369-5d13-4c6a-9505-261f3b187978', 'b53a73fa-ce48-483e-a411-5cd86a98919d', '6b2741d3-61df-44a1-8c91-115c892156bc', '6b2741d3-61df-44a1-8c91-115c892156bc', true),
('098d2826-e1bf-4342-a457-94aec6f8ef2a', 'b53a73fa-ce48-483e-a411-5cd86a98919d', '13e28459-1f97-4c85-abbf-bbee36b5f2eb', '13e28459-1f97-4c85-abbf-bbee36b5f2eb', true),
('3763dae2-dbc5-45a5-8a7f-e5c5926523d0', '3915050f-e51d-4aa8-a014-fe9637d1958b', '50442bf2-6e64-4504-aa84-7a944810f406', '50442bf2-6e64-4504-aa84-7a944810f406', true),
('f4087873-7964-4d1f-8742-294658f81a28', '3915050f-e51d-4aa8-a014-fe9637d1958b', '4ddec186-4be4-479b-804d-ec1d14c1800d', '4ddec186-4be4-479b-804d-ec1d14c1800d', true),
('3c86ef97-828a-4739-b35c-321c32d29cdb', '3915050f-e51d-4aa8-a014-fe9637d1958b', 'f3f7d959-1f40-47bc-9e1c-f3186eda5349', 'f3f7d959-1f40-47bc-9e1c-f3186eda5349', true),
('6c46b540-4813-4312-95f4-c8bac678ebdd', '3915050f-e51d-4aa8-a014-fe9637d1958b', 'd56fe135-787f-43a4-96ef-e4142a12e4c6', 'd56fe135-787f-43a4-96ef-e4142a12e4c6', true),
('06e7d886-41d8-4d1c-b40f-5c6aac18bb9e', '3915050f-e51d-4aa8-a014-fe9637d1958b', '148fbd6b-2989-49cd-8e0d-cb25c359a370', '148fbd6b-2989-49cd-8e0d-cb25c359a370', true),
('27bea70a-d813-477f-ab39-df9d67823d8c', '3915050f-e51d-4aa8-a014-fe9637d1958b', '261cd608-415f-4ff7-903b-cb6f0751b2ae', '261cd608-415f-4ff7-903b-cb6f0751b2ae', true),
('f232a16e-c8a5-413a-8146-fbf6540852cc', '848f40b3-10fe-4d8a-9a6b-a51a1590c270', '9cc259a7-eccd-4a75-87ce-1bc62ecc8a7d', '9cc259a7-eccd-4a75-87ce-1bc62ecc8a7d', true),
('a0ab1e04-d370-4602-98bd-9a91534f4832', '848f40b3-10fe-4d8a-9a6b-a51a1590c270', '9d1b3750-d0b7-421d-ba01-a1a90ebf4f0d', '9d1b3750-d0b7-421d-ba01-a1a90ebf4f0d', true),
('a76dc842-f6e5-4ad1-9bd6-e7b8cbe7dfb8', '848f40b3-10fe-4d8a-9a6b-a51a1590c270', '0d26cbe1-191c-4016-a19e-f71602d333bd', '0d26cbe1-191c-4016-a19e-f71602d333bd', true),
('2382886b-5eac-4106-b8de-ba539cb8cb48', '848f40b3-10fe-4d8a-9a6b-a51a1590c270', '46f79eee-5616-45a1-b67b-f1d3b14c693d', '46f79eee-5616-45a1-b67b-f1d3b14c693d', true),
('8626ca48-b590-4ea3-a781-e4b734c7c146', 'dca4ab3d-2ed6-4e6a-833e-ac6af16c78e5', '9d1b3750-d0b7-421d-ba01-a1a90ebf4f0d', '9d1b3750-d0b7-421d-ba01-a1a90ebf4f0d', true),
('3d29d053-6386-4135-a82c-0bd5bf4f41f4', 'dca4ab3d-2ed6-4e6a-833e-ac6af16c78e5', '10e599ef-4914-4d93-9827-691603be9835', '10e599ef-4914-4d93-9827-691603be9835', true),
('1df40e29-9dee-4c37-856b-cd939af74e23', 'dca4ab3d-2ed6-4e6a-833e-ac6af16c78e5', '656b92e2-1fcd-47b4-8502-ee4b634fb00d', '656b92e2-1fcd-47b4-8502-ee4b634fb00d', true),
('6e772dcf-2a03-4bf9-86b9-8a029b7a0ae1', 'dca4ab3d-2ed6-4e6a-833e-ac6af16c78e5', '2aa3e4d6-68dc-4351-8b9f-393639073c7c', '2aa3e4d6-68dc-4351-8b9f-393639073c7c', true),
('fcb684e2-d7b8-4c7f-8e66-5a73df6aa261', 'dca4ab3d-2ed6-4e6a-833e-ac6af16c78e5', '9cc259a7-eccd-4a75-87ce-1bc62ecc8a7d', '9cc259a7-eccd-4a75-87ce-1bc62ecc8a7d', true),
('03c3c1a6-f422-48ed-891b-218b1015ac84', 'dca4ab3d-2ed6-4e6a-833e-ac6af16c78e5', 'f9a12c93-94ed-4f77-94d4-592f9bffc050', 'f9a12c93-94ed-4f77-94d4-592f9bffc050', true),
('8de525e6-0e83-4ff9-bc98-05cba38a74a3', 'dca4ab3d-2ed6-4e6a-833e-ac6af16c78e5', '68a25067-fed7-4e4c-a54d-f5c43e7ec824', '68a25067-fed7-4e4c-a54d-f5c43e7ec824', true),
('8c445807-f433-4bb4-bb87-f7474847ab90', '0b6612dc-6140-475e-a0bb-e9aa3f718c8c', '6b59eef9-03ab-46dc-9434-0b1d93be2972', '6b59eef9-03ab-46dc-9434-0b1d93be2972', true),
('aac91a60-e305-4fa5-9d26-fe52ed1144ec', '0b6612dc-6140-475e-a0bb-e9aa3f718c8c', '5df3e906-e7e9-43a6-a892-7ccd3502486b', '5df3e906-e7e9-43a6-a892-7ccd3502486b', true),
('ea3960e0-6c7a-4e30-83ab-c374a2a3d867', '0b6612dc-6140-475e-a0bb-e9aa3f718c8c', '0d26cbe1-191c-4016-a19e-f71602d333bd', '0d26cbe1-191c-4016-a19e-f71602d333bd', true),
('4f7aeea5-9d26-4d93-b869-7f355ed97422', '0b6612dc-6140-475e-a0bb-e9aa3f718c8c', 'd56fe135-787f-43a4-96ef-e4142a12e4c6', 'd56fe135-787f-43a4-96ef-e4142a12e4c6', true),
('aa962465-57b3-4c38-ad3a-d86520da9425', '0b6612dc-6140-475e-a0bb-e9aa3f718c8c', '2aa3e4d6-68dc-4351-8b9f-393639073c7c', '2aa3e4d6-68dc-4351-8b9f-393639073c7c', true),
('432ace7a-ecab-48ad-9f92-0ee737d9c986', '0b6612dc-6140-475e-a0bb-e9aa3f718c8c', '148fbd6b-2989-49cd-8e0d-cb25c359a370', '148fbd6b-2989-49cd-8e0d-cb25c359a370', true),
('dbb70308-3695-4308-b9c0-3357dce5c223', '0b6612dc-6140-475e-a0bb-e9aa3f718c8c', '68a25067-fed7-4e4c-a54d-f5c43e7ec824', '68a25067-fed7-4e4c-a54d-f5c43e7ec824', true),
('7981858a-d179-4ee3-b951-f6e01ddb6405', '0b6612dc-6140-475e-a0bb-e9aa3f718c8c', '9d1b3750-d0b7-421d-ba01-a1a90ebf4f0d', '9d1b3750-d0b7-421d-ba01-a1a90ebf4f0d', true),
('f9ba30d2-9fbc-4eab-9fd4-6fdab741961d', 'aa89c05b-fbd1-4582-ac80-b4495be46fbc', '9d1b3750-d0b7-421d-ba01-a1a90ebf4f0d', '9d1b3750-d0b7-421d-ba01-a1a90ebf4f0d', true),
('1fb39c8a-e448-4d7c-88e0-5654157260ca', 'aa89c05b-fbd1-4582-ac80-b4495be46fbc', '656b92e2-1fcd-47b4-8502-ee4b634fb00d', '656b92e2-1fcd-47b4-8502-ee4b634fb00d', true),
('aa4263cc-98a5-4e6f-bd2c-23b1a88df7d7', 'e812e839-a068-4cb5-85a9-e50e6ce2c5cb', '261cd608-415f-4ff7-903b-cb6f0751b2ae', '261cd608-415f-4ff7-903b-cb6f0751b2ae', true),
('d7855d07-6cc9-44e7-a64c-38ad5c606fd9', 'e812e839-a068-4cb5-85a9-e50e6ce2c5cb', '3d87ccd5-771d-428f-ad87-61cbdf51eaa7', '3d87ccd5-771d-428f-ad87-61cbdf51eaa7', true),
('c4eb1add-2a2e-40f3-873b-0b4ec39471f7', 'e812e839-a068-4cb5-85a9-e50e6ce2c5cb', 'f3f7d959-1f40-47bc-9e1c-f3186eda5349', 'f3f7d959-1f40-47bc-9e1c-f3186eda5349', true),
('08dbd89b-541a-4866-9fc6-c3d52f16f878', 'e812e839-a068-4cb5-85a9-e50e6ce2c5cb', '646468ed-2c90-4084-a495-1e6c193a886c', '646468ed-2c90-4084-a495-1e6c193a886c', true),
('6cae15d1-c601-4cd0-9623-5435e7a2c607', 'e812e839-a068-4cb5-85a9-e50e6ce2c5cb', '4ddec186-4be4-479b-804d-ec1d14c1800d', '4ddec186-4be4-479b-804d-ec1d14c1800d', true),
('43a318f0-fc3f-4fb1-b3cf-c12fc7f2a170', 'e812e839-a068-4cb5-85a9-e50e6ce2c5cb', '10e599ef-4914-4d93-9827-691603be9835', '10e599ef-4914-4d93-9827-691603be9835', true),
('0a9f2ca8-221c-41af-896e-3956edf0578b', 'e812e839-a068-4cb5-85a9-e50e6ce2c5cb', '6b59eef9-03ab-46dc-9434-0b1d93be2972', '6b59eef9-03ab-46dc-9434-0b1d93be2972', true),
('88d83b1b-aa3a-4032-8e22-e145e663ad81', 'e812e839-a068-4cb5-85a9-e50e6ce2c5cb', '656b92e2-1fcd-47b4-8502-ee4b634fb00d', '656b92e2-1fcd-47b4-8502-ee4b634fb00d', true),
('d6a1d1b1-7328-45a0-a76b-39cf199fae61', '8ddd0f60-a679-4592-8640-993f8ca9e43a', '261cd608-415f-4ff7-903b-cb6f0751b2ae', '261cd608-415f-4ff7-903b-cb6f0751b2ae', true),
('a2a2cceb-7714-4ed6-bb0e-6c9c5d35acc7', '8ddd0f60-a679-4592-8640-993f8ca9e43a', '148fbd6b-2989-49cd-8e0d-cb25c359a370', '148fbd6b-2989-49cd-8e0d-cb25c359a370', true),
('5fd1170f-fe8e-49fd-b5fa-93f993556003', '8ddd0f60-a679-4592-8640-993f8ca9e43a', '646468ed-2c90-4084-a495-1e6c193a886c', '646468ed-2c90-4084-a495-1e6c193a886c', true),
('78920790-85c5-4c7d-bb0f-9b35a9577207', '8ddd0f60-a679-4592-8640-993f8ca9e43a', '6b59eef9-03ab-46dc-9434-0b1d93be2972', '6b59eef9-03ab-46dc-9434-0b1d93be2972', true),
('ea60b94b-9d71-470b-9726-7d2478c1b9fe', '8ddd0f60-a679-4592-8640-993f8ca9e43a', '656b92e2-1fcd-47b4-8502-ee4b634fb00d', '656b92e2-1fcd-47b4-8502-ee4b634fb00d', true),
('01222c67-92ab-469b-a586-89ae7c63f50c', '8ddd0f60-a679-4592-8640-993f8ca9e43a', '50442bf2-6e64-4504-aa84-7a944810f406', '50442bf2-6e64-4504-aa84-7a944810f406', true),
('ff36540f-3f15-43dd-b1a4-17507a7e126e', '8ddd0f60-a679-4592-8640-993f8ca9e43a', '4ddec186-4be4-479b-804d-ec1d14c1800d', '4ddec186-4be4-479b-804d-ec1d14c1800d', true),
('0b3f3136-f16b-471e-a9b8-5326a1393185', 'b5d3ecc6-35f7-4934-b578-56a2f6fade0c', '4ddec186-4be4-479b-804d-ec1d14c1800d', '4ddec186-4be4-479b-804d-ec1d14c1800d', true),
('568b513f-f718-4828-8663-3daf8074c8f7', 'b5d3ecc6-35f7-4934-b578-56a2f6fade0c', '9cc259a7-eccd-4a75-87ce-1bc62ecc8a7d', '9cc259a7-eccd-4a75-87ce-1bc62ecc8a7d', true),
('420081f3-4166-426e-8b5b-2df4e6a74cf4', '2c2448f4-7795-494e-ad6e-32ef959481fa', '5df3e906-e7e9-43a6-a892-7ccd3502486b', '5df3e906-e7e9-43a6-a892-7ccd3502486b', true),
('4285db88-6258-454a-9716-269cdff7fec3', '2c2448f4-7795-494e-ad6e-32ef959481fa', '68a25067-fed7-4e4c-a54d-f5c43e7ec824', '68a25067-fed7-4e4c-a54d-f5c43e7ec824', true),
('ac6ae1f7-cb41-42d3-bbc4-26877f28a1f7', '2c2448f4-7795-494e-ad6e-32ef959481fa', '148fbd6b-2989-49cd-8e0d-cb25c359a370', '148fbd6b-2989-49cd-8e0d-cb25c359a370', true),
('77e22128-11f6-4e44-adb2-9773aabf9110', '2c2448f4-7795-494e-ad6e-32ef959481fa', '656b92e2-1fcd-47b4-8502-ee4b634fb00d', '656b92e2-1fcd-47b4-8502-ee4b634fb00d', true),
('c893118e-245c-4d90-a298-119cfa41690f', '2c2448f4-7795-494e-ad6e-32ef959481fa', '10e599ef-4914-4d93-9827-691603be9835', '10e599ef-4914-4d93-9827-691603be9835', true),
('0dc52f43-61a0-4a98-adbe-0c5133916a5e', '2c2448f4-7795-494e-ad6e-32ef959481fa', '4ddec186-4be4-479b-804d-ec1d14c1800d', '4ddec186-4be4-479b-804d-ec1d14c1800d', true),
('cb394519-b6e1-4061-b692-9257020266cc', '485e57d7-3f34-4d31-b360-5a933dd60f70', '46f79eee-5616-45a1-b67b-f1d3b14c693d', '46f79eee-5616-45a1-b67b-f1d3b14c693d', true),
('b5ee738d-d5b0-4e22-8d22-caea45ea3f0d', '485e57d7-3f34-4d31-b360-5a933dd60f70', '3d87ccd5-771d-428f-ad87-61cbdf51eaa7', '3d87ccd5-771d-428f-ad87-61cbdf51eaa7', true),
('2f2347e4-40a3-4946-a712-7f7db3d8eee0', '485e57d7-3f34-4d31-b360-5a933dd60f70', '2aa3e4d6-68dc-4351-8b9f-393639073c7c', '2aa3e4d6-68dc-4351-8b9f-393639073c7c', true),
('11f08c60-5dbf-44af-af6f-bd1843b01a86', '485e57d7-3f34-4d31-b360-5a933dd60f70', '5df3e906-e7e9-43a6-a892-7ccd3502486b', '5df3e906-e7e9-43a6-a892-7ccd3502486b', true),
('18f352bd-ff04-404e-9964-59573bba8c89', '485e57d7-3f34-4d31-b360-5a933dd60f70', '4ddec186-4be4-479b-804d-ec1d14c1800d', '4ddec186-4be4-479b-804d-ec1d14c1800d', true),
('3d1507a1-9f45-4b75-9731-e405d3c40df2', '485e57d7-3f34-4d31-b360-5a933dd60f70', '148fbd6b-2989-49cd-8e0d-cb25c359a370', '148fbd6b-2989-49cd-8e0d-cb25c359a370', true),
('300f3cc1-dd66-4439-be95-76fb972c1b17', '485e57d7-3f34-4d31-b360-5a933dd60f70', '0d26cbe1-191c-4016-a19e-f71602d333bd', '0d26cbe1-191c-4016-a19e-f71602d333bd', true),
('9b7fd461-b582-4bb2-82ae-06f0e9d37fa3', '485e57d7-3f34-4d31-b360-5a933dd60f70', '68a25067-fed7-4e4c-a54d-f5c43e7ec824', '68a25067-fed7-4e4c-a54d-f5c43e7ec824', true),
('3bfa65d2-3a9c-4119-b2e4-12f9f255cc63', '15b65f88-b862-400a-87ab-4559da0b7e80', '10e599ef-4914-4d93-9827-691603be9835', '10e599ef-4914-4d93-9827-691603be9835', true),
('04bd7d64-22a3-4ccb-94f4-653093f8f6cc', '15b65f88-b862-400a-87ab-4559da0b7e80', '261cd608-415f-4ff7-903b-cb6f0751b2ae', '261cd608-415f-4ff7-903b-cb6f0751b2ae', true),
('d6c67edd-b6ef-4ddc-b029-eb97a34ea07b', '15b65f88-b862-400a-87ab-4559da0b7e80', 'd56fe135-787f-43a4-96ef-e4142a12e4c6', 'd56fe135-787f-43a4-96ef-e4142a12e4c6', true),
('714a0cfe-2f45-4ab5-bf0f-370075994293', '15b65f88-b862-400a-87ab-4559da0b7e80', '50442bf2-6e64-4504-aa84-7a944810f406', '50442bf2-6e64-4504-aa84-7a944810f406', true),
('2be35896-3ed7-4aa1-a133-972eaf4f12ce', '48528951-2c90-4539-b52a-efde977c3770', '5df3e906-e7e9-43a6-a892-7ccd3502486b', '5df3e906-e7e9-43a6-a892-7ccd3502486b', true),
('5e236411-9cc1-4e04-8f1e-ff2a80898802', '48528951-2c90-4539-b52a-efde977c3770', '6b59eef9-03ab-46dc-9434-0b1d93be2972', '6b59eef9-03ab-46dc-9434-0b1d93be2972', true),
('bdd17edc-928e-4e29-82f6-04c9a1b65fb2', '48528951-2c90-4539-b52a-efde977c3770', '9cc259a7-eccd-4a75-87ce-1bc62ecc8a7d', '9cc259a7-eccd-4a75-87ce-1bc62ecc8a7d', true),
('fca98099-d665-4118-9394-98fedbf0cc54', '48528951-2c90-4539-b52a-efde977c3770', 'f3f7d959-1f40-47bc-9e1c-f3186eda5349', 'f3f7d959-1f40-47bc-9e1c-f3186eda5349', true),
('02f760e0-d2d9-4c92-81c4-2ab12bc7debf', '48528951-2c90-4539-b52a-efde977c3770', '10e599ef-4914-4d93-9827-691603be9835', '10e599ef-4914-4d93-9827-691603be9835', true),
('05a22105-bd1b-46be-83b5-cb39d273451e', '48528951-2c90-4539-b52a-efde977c3770', '68a25067-fed7-4e4c-a54d-f5c43e7ec824', '68a25067-fed7-4e4c-a54d-f5c43e7ec824', true),
('639e13cc-3cd3-4f48-9ecd-8e0e02ede1e9', '48528951-2c90-4539-b52a-efde977c3770', '3d87ccd5-771d-428f-ad87-61cbdf51eaa7', '3d87ccd5-771d-428f-ad87-61cbdf51eaa7', true),
('f89125d2-bcaa-4392-a15e-8f11f612b643', '48528951-2c90-4539-b52a-efde977c3770', '9d1b3750-d0b7-421d-ba01-a1a90ebf4f0d', '9d1b3750-d0b7-421d-ba01-a1a90ebf4f0d', true),
('897d0a41-64f3-4072-b747-0126dfb81674', '5d195235-a6b8-4647-a2de-4a813944f630', '646468ed-2c90-4084-a495-1e6c193a886c', '646468ed-2c90-4084-a495-1e6c193a886c', true),
('5c08a151-487f-4928-a529-ad66e8a1384f', '5d195235-a6b8-4647-a2de-4a813944f630', '3d87ccd5-771d-428f-ad87-61cbdf51eaa7', '3d87ccd5-771d-428f-ad87-61cbdf51eaa7', true),
('c92f1f27-1bb7-4ca9-87cc-0d8359908e7e', '5d195235-a6b8-4647-a2de-4a813944f630', 'f9a12c93-94ed-4f77-94d4-592f9bffc050', 'f9a12c93-94ed-4f77-94d4-592f9bffc050', true),
('f07f339c-3c53-474d-91ba-c95c97ed6d62', '5a5f23a3-0d8a-4506-a628-6236a8fc966e', '68a25067-fed7-4e4c-a54d-f5c43e7ec824', '68a25067-fed7-4e4c-a54d-f5c43e7ec824', true),
('2e90da03-8f43-4024-8ce8-8b4927a8c6ee', '5a5f23a3-0d8a-4506-a628-6236a8fc966e', '9cc259a7-eccd-4a75-87ce-1bc62ecc8a7d', '9cc259a7-eccd-4a75-87ce-1bc62ecc8a7d', true),
('acbc9670-4396-4670-9d7d-f833edbf11b2', '5a5f23a3-0d8a-4506-a628-6236a8fc966e', '5df3e906-e7e9-43a6-a892-7ccd3502486b', '5df3e906-e7e9-43a6-a892-7ccd3502486b', true),
('7b0eef16-d12e-4909-9d3f-3b2401851667', '5a5f23a3-0d8a-4506-a628-6236a8fc966e', '148fbd6b-2989-49cd-8e0d-cb25c359a370', '148fbd6b-2989-49cd-8e0d-cb25c359a370', true),
('50a5bedf-5557-430c-83ba-f5c4beb24082', '5a5f23a3-0d8a-4506-a628-6236a8fc966e', '0d26cbe1-191c-4016-a19e-f71602d333bd', '0d26cbe1-191c-4016-a19e-f71602d333bd', true),
('4d699a22-db96-4f45-9bcb-fe882cc77983', '5a5f23a3-0d8a-4506-a628-6236a8fc966e', '646468ed-2c90-4084-a495-1e6c193a886c', '646468ed-2c90-4084-a495-1e6c193a886c', true),
('798e50f4-d624-41b3-a548-8707e8db984a', '5a5f23a3-0d8a-4506-a628-6236a8fc966e', '4ddec186-4be4-479b-804d-ec1d14c1800d', '4ddec186-4be4-479b-804d-ec1d14c1800d', true),
('8147b367-3b73-4593-b11d-d2380606151b', '4d7803b5-5e7d-4255-96b8-2c7bca38b264', '9d1b3750-d0b7-421d-ba01-a1a90ebf4f0d', '9d1b3750-d0b7-421d-ba01-a1a90ebf4f0d', true),
('d02b89b2-f0a6-4099-a0e7-cefd9721d6ce', '4d7803b5-5e7d-4255-96b8-2c7bca38b264', 'f3f7d959-1f40-47bc-9e1c-f3186eda5349', 'f3f7d959-1f40-47bc-9e1c-f3186eda5349', true),
('d2d2d2f2-306e-4466-b36c-f14fb052d003', '4d7803b5-5e7d-4255-96b8-2c7bca38b264', '0d26cbe1-191c-4016-a19e-f71602d333bd', '0d26cbe1-191c-4016-a19e-f71602d333bd', true),
('38b4bb5f-f8b2-46bb-ad1f-935408e2fde1', 'ed268cf4-a6b9-4163-a910-f900227a318e', '4ddec186-4be4-479b-804d-ec1d14c1800d', '4ddec186-4be4-479b-804d-ec1d14c1800d', true),
('c3bf6633-797a-4602-b90d-4039678be0a4', 'ed268cf4-a6b9-4163-a910-f900227a318e', '68a25067-fed7-4e4c-a54d-f5c43e7ec824', '68a25067-fed7-4e4c-a54d-f5c43e7ec824', true),
('21d53c06-9f97-4e3c-8f5d-7e47b6810b8b', 'ed268cf4-a6b9-4163-a910-f900227a318e', '5df3e906-e7e9-43a6-a892-7ccd3502486b', '5df3e906-e7e9-43a6-a892-7ccd3502486b', true),
('9f912f24-5d96-4143-aa1a-698aa18bdda8', 'ed268cf4-a6b9-4163-a910-f900227a318e', '148fbd6b-2989-49cd-8e0d-cb25c359a370', '148fbd6b-2989-49cd-8e0d-cb25c359a370', true),
('bc0fa056-0954-421f-8657-6ea106aeadc3', 'ec1c90ac-8427-45aa-b415-77c62583bc8e', '656b92e2-1fcd-47b4-8502-ee4b634fb00d', '656b92e2-1fcd-47b4-8502-ee4b634fb00d', true),
('d5b0b830-0c0b-4424-a1b9-2f85989dd238', 'ec1c90ac-8427-45aa-b415-77c62583bc8e', '646468ed-2c90-4084-a495-1e6c193a886c', '646468ed-2c90-4084-a495-1e6c193a886c', true),
('03b009e2-d182-4042-bd62-89cf14ac520c', 'ec1c90ac-8427-45aa-b415-77c62583bc8e', 'f3f7d959-1f40-47bc-9e1c-f3186eda5349', 'f3f7d959-1f40-47bc-9e1c-f3186eda5349', true),
('9456a525-2777-4645-8250-e23d53b821ae', 'ec1c90ac-8427-45aa-b415-77c62583bc8e', '46f79eee-5616-45a1-b67b-f1d3b14c693d', '46f79eee-5616-45a1-b67b-f1d3b14c693d', true),
('72c68291-84fd-4120-8802-f833f7547965', '7b81217c-cc28-49cd-b490-f3bdc70dc792', '54b135c0-d958-477a-b534-0456fc77f6ab', '54b135c0-d958-477a-b534-0456fc77f6ab', true),
('d05b7faf-85fe-48ca-82d2-d23b519658e2', '7b81217c-cc28-49cd-b490-f3bdc70dc792', 'b6a4e1dd-3fd5-4b27-a0d7-2eef3597913f', 'b6a4e1dd-3fd5-4b27-a0d7-2eef3597913f', true),
('676034be-8175-4b30-8413-9aaaf66f7cfc', '7b81217c-cc28-49cd-b490-f3bdc70dc792', '656b92e2-1fcd-47b4-8502-ee4b634fb00d', '656b92e2-1fcd-47b4-8502-ee4b634fb00d', true),
('8b50984f-b5ee-49bd-b4e8-d7e86ca498e6', '7b81217c-cc28-49cd-b490-f3bdc70dc792', '3743aa1d-d158-4a5f-8c13-cae15e771708', '3743aa1d-d158-4a5f-8c13-cae15e771708', true),
('aaa7b031-39b5-401a-91ff-66010aaab953', '7b81217c-cc28-49cd-b490-f3bdc70dc792', '52903a44-7b57-4454-8c43-641a0fd10600', '52903a44-7b57-4454-8c43-641a0fd10600', true),
('1d3d77ab-7d81-4d1b-9881-258c6a5753b0', '7b81217c-cc28-49cd-b490-f3bdc70dc792', 'c7fce55c-06b8-42bf-8a0b-b78e0e83299d', 'c7fce55c-06b8-42bf-8a0b-b78e0e83299d', true),
('60d9005d-b45e-4006-b9a4-1c0fe5bdb4f0', '7b81217c-cc28-49cd-b490-f3bdc70dc792', '13e28459-1f97-4c85-abbf-bbee36b5f2eb', '13e28459-1f97-4c85-abbf-bbee36b5f2eb', true),
('e1e4c766-a017-416e-b896-0937519eed14', '31febf14-fd2f-486c-b37d-6b6958ec0f6c', 'f9a12c93-94ed-4f77-94d4-592f9bffc050', 'f9a12c93-94ed-4f77-94d4-592f9bffc050', true),
('b7b84807-b3bd-4acd-bff0-1d2792df4fa4', '31febf14-fd2f-486c-b37d-6b6958ec0f6c', 'b6a4e1dd-3fd5-4b27-a0d7-2eef3597913f', 'b6a4e1dd-3fd5-4b27-a0d7-2eef3597913f', true),
('c9692e33-0231-498b-8ab9-730dfb461135', '31febf14-fd2f-486c-b37d-6b6958ec0f6c', '54b135c0-d958-477a-b534-0456fc77f6ab', '54b135c0-d958-477a-b534-0456fc77f6ab', true),
('41c3ef7d-bfef-4351-9d54-9272e0c053b1', '31febf14-fd2f-486c-b37d-6b6958ec0f6c', 'aea00fd0-b56e-45ec-8590-b788b91e1e89', 'aea00fd0-b56e-45ec-8590-b788b91e1e89', true),
('fe0e33cc-f450-40cf-b008-edf4d26c56b6', '31febf14-fd2f-486c-b37d-6b6958ec0f6c', '9cc259a7-eccd-4a75-87ce-1bc62ecc8a7d', '9cc259a7-eccd-4a75-87ce-1bc62ecc8a7d', true),
('8bcbd994-fa86-4e6f-b65a-03af3779449e', 'bf1dcc1b-ec9a-44e2-b9a7-69917935a969', '54b135c0-d958-477a-b534-0456fc77f6ab', '54b135c0-d958-477a-b534-0456fc77f6ab', true),
('b02b0a1c-f32b-4713-b13a-2c22e972b8b7', 'bf1dcc1b-ec9a-44e2-b9a7-69917935a969', '0d26cbe1-191c-4016-a19e-f71602d333bd', '0d26cbe1-191c-4016-a19e-f71602d333bd', true),
('38b22e67-d027-4ed7-a510-f62fb35dfac3', 'bf1dcc1b-ec9a-44e2-b9a7-69917935a969', '9f9bbe1b-a69d-4663-96d9-67aca17a892f', '9f9bbe1b-a69d-4663-96d9-67aca17a892f', true),
('bd0d0fac-dc54-4ca1-90f2-8d2d9aad6672', 'bf1dcc1b-ec9a-44e2-b9a7-69917935a969', '13e28459-1f97-4c85-abbf-bbee36b5f2eb', '13e28459-1f97-4c85-abbf-bbee36b5f2eb', true),
('4695c0ab-35b7-490f-9fbf-6063bd023b6c', 'bf1dcc1b-ec9a-44e2-b9a7-69917935a969', 'f3f7d959-1f40-47bc-9e1c-f3186eda5349', 'f3f7d959-1f40-47bc-9e1c-f3186eda5349', true),
('9848d750-a4ab-41b0-92c9-c5b670c17855', 'bf1dcc1b-ec9a-44e2-b9a7-69917935a969', '9cc259a7-eccd-4a75-87ce-1bc62ecc8a7d', '9cc259a7-eccd-4a75-87ce-1bc62ecc8a7d', true),
('4c2b0b4c-0f60-4feb-befa-c0b9074e9a9e', 'bf1dcc1b-ec9a-44e2-b9a7-69917935a969', 'c7fce55c-06b8-42bf-8a0b-b78e0e83299d', 'c7fce55c-06b8-42bf-8a0b-b78e0e83299d', true),
('799830da-6a43-4508-ae02-9947ab8b936e', 'cbb3d3de-66d4-4191-a515-2056bde23737', 'f3f7d959-1f40-47bc-9e1c-f3186eda5349', 'f3f7d959-1f40-47bc-9e1c-f3186eda5349', true),
('ed9f8129-f029-42f3-9331-384e65789369', 'cbb3d3de-66d4-4191-a515-2056bde23737', '9cc259a7-eccd-4a75-87ce-1bc62ecc8a7d', '9cc259a7-eccd-4a75-87ce-1bc62ecc8a7d', true),
('0c1ae294-abf0-458a-80c9-a791ad4fcd92', 'cbb3d3de-66d4-4191-a515-2056bde23737', 'c7fce55c-06b8-42bf-8a0b-b78e0e83299d', 'c7fce55c-06b8-42bf-8a0b-b78e0e83299d', true),
('48907aa2-71d0-4830-a5e2-66b35597a448', 'cbb3d3de-66d4-4191-a515-2056bde23737', '0d26cbe1-191c-4016-a19e-f71602d333bd', '0d26cbe1-191c-4016-a19e-f71602d333bd', true),
('90afa546-a344-4c88-b1c3-6a64e03a7527', 'cbb3d3de-66d4-4191-a515-2056bde23737', 'f9a12c93-94ed-4f77-94d4-592f9bffc050', 'f9a12c93-94ed-4f77-94d4-592f9bffc050', true),
('be63405f-514d-4fe0-9b5d-8ad512525444', '15c95781-e782-4104-89d5-53a43c5730ef', '52903a44-7b57-4454-8c43-641a0fd10600', '52903a44-7b57-4454-8c43-641a0fd10600', true),
('2b1b2225-12c0-4c73-b88a-2c44084c84ac', '15c95781-e782-4104-89d5-53a43c5730ef', 'f9a12c93-94ed-4f77-94d4-592f9bffc050', 'f9a12c93-94ed-4f77-94d4-592f9bffc050', true),
('09162cb8-192c-4e9d-983c-23f43e556645', '15c95781-e782-4104-89d5-53a43c5730ef', '9d1b3750-d0b7-421d-ba01-a1a90ebf4f0d', '9d1b3750-d0b7-421d-ba01-a1a90ebf4f0d', true),
('3251f61a-b1a5-4b29-a1b1-62a4328749ae', '1ae82943-e437-4108-b2ef-027b5c1527a6', '2aa3e4d6-68dc-4351-8b9f-393639073c7c', '2aa3e4d6-68dc-4351-8b9f-393639073c7c', true),
('05549fe7-2696-4a6d-acce-0a1d55871e09', '1ae82943-e437-4108-b2ef-027b5c1527a6', '9cc259a7-eccd-4a75-87ce-1bc62ecc8a7d', '9cc259a7-eccd-4a75-87ce-1bc62ecc8a7d', true),
('5bde0466-d54b-4dff-a621-5116b88119d4', '1ae82943-e437-4108-b2ef-027b5c1527a6', 'aea00fd0-b56e-45ec-8590-b788b91e1e89', 'aea00fd0-b56e-45ec-8590-b788b91e1e89', true),
('c3c6240d-37a9-4a9e-8190-0569b89741b0', '1ae82943-e437-4108-b2ef-027b5c1527a6', 'f9a12c93-94ed-4f77-94d4-592f9bffc050', 'f9a12c93-94ed-4f77-94d4-592f9bffc050', true),
('5ab92aed-6e0a-4647-b75a-130fb626207e', '1ae82943-e437-4108-b2ef-027b5c1527a6', '656b92e2-1fcd-47b4-8502-ee4b634fb00d', '656b92e2-1fcd-47b4-8502-ee4b634fb00d', true),
('e02e4ef6-1daf-482f-b5d5-a7cfc23fec57', '1ae82943-e437-4108-b2ef-027b5c1527a6', 'f3f7d959-1f40-47bc-9e1c-f3186eda5349', 'f3f7d959-1f40-47bc-9e1c-f3186eda5349', true),
('26cba52c-0749-4701-be35-024de919b9de', '1ae82943-e437-4108-b2ef-027b5c1527a6', '9f9bbe1b-a69d-4663-96d9-67aca17a892f', '9f9bbe1b-a69d-4663-96d9-67aca17a892f', true),
('5206b692-a6cd-43d9-b252-00320d03a2bf', '94f77741-f79a-4bcb-8260-298d9a5807df', '2aa3e4d6-68dc-4351-8b9f-393639073c7c', '2aa3e4d6-68dc-4351-8b9f-393639073c7c', true),
('b5be4e0b-9bd6-48c4-9290-43af63eb0afd', '94f77741-f79a-4bcb-8260-298d9a5807df', '54b135c0-d958-477a-b534-0456fc77f6ab', '54b135c0-d958-477a-b534-0456fc77f6ab', true),
('ad6b372b-9d69-41e5-9c87-760f7bdd05a1', '94f77741-f79a-4bcb-8260-298d9a5807df', '656b92e2-1fcd-47b4-8502-ee4b634fb00d', '656b92e2-1fcd-47b4-8502-ee4b634fb00d', true),
('a55cb220-e5f4-4933-9ead-3e457c2007db', '94f77741-f79a-4bcb-8260-298d9a5807df', '52903a44-7b57-4454-8c43-641a0fd10600', '52903a44-7b57-4454-8c43-641a0fd10600', true),
('f8d53d1d-976e-4954-a981-86d1c54fd144', '94f77741-f79a-4bcb-8260-298d9a5807df', 'f3f7d959-1f40-47bc-9e1c-f3186eda5349', 'f3f7d959-1f40-47bc-9e1c-f3186eda5349', true),
('38a5ee56-1bea-4488-ad5b-649e7ef9952f', 'e1218adb-2728-4e4a-bcf9-2e700c9feaf2', 'c7fce55c-06b8-42bf-8a0b-b78e0e83299d', 'c7fce55c-06b8-42bf-8a0b-b78e0e83299d', true),
('f523de3d-3fb7-4190-a380-6ef99409aef9', 'e1218adb-2728-4e4a-bcf9-2e700c9feaf2', '9d1b3750-d0b7-421d-ba01-a1a90ebf4f0d', '9d1b3750-d0b7-421d-ba01-a1a90ebf4f0d', true),
('c582280d-667d-4c1b-9a82-2de2a7793029', 'e1218adb-2728-4e4a-bcf9-2e700c9feaf2', 'f9a12c93-94ed-4f77-94d4-592f9bffc050', 'f9a12c93-94ed-4f77-94d4-592f9bffc050', true),
('ce8e3a2e-2ea7-48cf-a90d-5aad76c85b96', 'e1218adb-2728-4e4a-bcf9-2e700c9feaf2', '656b92e2-1fcd-47b4-8502-ee4b634fb00d', '656b92e2-1fcd-47b4-8502-ee4b634fb00d', true),
('586f5f21-07cf-46a7-8f1b-88e34924dca1', 'e1218adb-2728-4e4a-bcf9-2e700c9feaf2', '9f9bbe1b-a69d-4663-96d9-67aca17a892f', '9f9bbe1b-a69d-4663-96d9-67aca17a892f', true),
('085e96da-7d82-49e4-84af-27bc9f9f7f3c', 'e1218adb-2728-4e4a-bcf9-2e700c9feaf2', '3743aa1d-d158-4a5f-8c13-cae15e771708', '3743aa1d-d158-4a5f-8c13-cae15e771708', true),
('a46e1aa1-63f7-47c4-9a65-df5a3ce074eb', '275ab4ba-9ffb-4a03-a572-98e195fa49cd', '9d1b3750-d0b7-421d-ba01-a1a90ebf4f0d', '9d1b3750-d0b7-421d-ba01-a1a90ebf4f0d', true),
('4167d694-f6c4-46ea-9e67-4b2793cfa8c0', '275ab4ba-9ffb-4a03-a572-98e195fa49cd', '13e28459-1f97-4c85-abbf-bbee36b5f2eb', '13e28459-1f97-4c85-abbf-bbee36b5f2eb', true),
('4eea1af3-9c44-41e8-bffb-6fa7b08d2375', '275ab4ba-9ffb-4a03-a572-98e195fa49cd', 'f9a12c93-94ed-4f77-94d4-592f9bffc050', 'f9a12c93-94ed-4f77-94d4-592f9bffc050', true),
('9a0480d6-c46a-4d8c-977a-360c336e72f4', '275ab4ba-9ffb-4a03-a572-98e195fa49cd', '0d26cbe1-191c-4016-a19e-f71602d333bd', '0d26cbe1-191c-4016-a19e-f71602d333bd', true),
('18a49bc1-94ed-4111-8873-1c8ed4d97c75', '275ab4ba-9ffb-4a03-a572-98e195fa49cd', '656b92e2-1fcd-47b4-8502-ee4b634fb00d', '656b92e2-1fcd-47b4-8502-ee4b634fb00d', true),
('a4999e1a-19c6-49fe-9a13-caa93cf3ba7d', '275ab4ba-9ffb-4a03-a572-98e195fa49cd', 'c7fce55c-06b8-42bf-8a0b-b78e0e83299d', 'c7fce55c-06b8-42bf-8a0b-b78e0e83299d', true),
('10eed5ab-8092-491c-af2b-aaa73296afeb', '275ab4ba-9ffb-4a03-a572-98e195fa49cd', 'b6a4e1dd-3fd5-4b27-a0d7-2eef3597913f', 'b6a4e1dd-3fd5-4b27-a0d7-2eef3597913f', true),
('4fc9bab1-2555-489e-9422-0411b7948466', '275ab4ba-9ffb-4a03-a572-98e195fa49cd', '54b135c0-d958-477a-b534-0456fc77f6ab', '54b135c0-d958-477a-b534-0456fc77f6ab', true),
('39e7fa19-da75-4f78-95df-585a6e5b0c08', 'f32f4fc8-2b1e-45a5-a7b0-7e4cddea93bb', 'b6a4e1dd-3fd5-4b27-a0d7-2eef3597913f', 'b6a4e1dd-3fd5-4b27-a0d7-2eef3597913f', true),
('5eced7eb-3756-45ad-9157-6c567b99cab6', 'f32f4fc8-2b1e-45a5-a7b0-7e4cddea93bb', 'aea00fd0-b56e-45ec-8590-b788b91e1e89', 'aea00fd0-b56e-45ec-8590-b788b91e1e89', true),
('4593d4a3-c8af-4de5-866a-13ebafbdac79', 'f32f4fc8-2b1e-45a5-a7b0-7e4cddea93bb', '2aa3e4d6-68dc-4351-8b9f-393639073c7c', '2aa3e4d6-68dc-4351-8b9f-393639073c7c', true),
('1dbb602a-28ee-4b82-8db4-1667e7d0b5db', '9a8f6417-cded-43c6-9ab1-8c783ef7e41e', 'f3f7d959-1f40-47bc-9e1c-f3186eda5349', 'f3f7d959-1f40-47bc-9e1c-f3186eda5349', true),
('c976f0c3-720d-4131-8b38-051ef40d988b', '9a8f6417-cded-43c6-9ab1-8c783ef7e41e', '9d1b3750-d0b7-421d-ba01-a1a90ebf4f0d', '9d1b3750-d0b7-421d-ba01-a1a90ebf4f0d', true),
('dd7b044a-ac9d-4e35-a6c6-666b1db76c95', '9a8f6417-cded-43c6-9ab1-8c783ef7e41e', '9cc259a7-eccd-4a75-87ce-1bc62ecc8a7d', '9cc259a7-eccd-4a75-87ce-1bc62ecc8a7d', true),
('4269b0c0-8ebf-4538-88f2-4bbd15b5e5a2', '9a8f6417-cded-43c6-9ab1-8c783ef7e41e', '656b92e2-1fcd-47b4-8502-ee4b634fb00d', '656b92e2-1fcd-47b4-8502-ee4b634fb00d', true),
('cdc2aac9-53fe-43ea-b813-c48814797c8f', '9a8f6417-cded-43c6-9ab1-8c783ef7e41e', '0d26cbe1-191c-4016-a19e-f71602d333bd', '0d26cbe1-191c-4016-a19e-f71602d333bd', true),
('c1d049ad-2d8f-419e-ac0c-46958d225e7a', '9a8f6417-cded-43c6-9ab1-8c783ef7e41e', 'c7fce55c-06b8-42bf-8a0b-b78e0e83299d', 'c7fce55c-06b8-42bf-8a0b-b78e0e83299d', true),
('580c1715-c7b0-46c0-94b6-ad7abe975657', '9a8f6417-cded-43c6-9ab1-8c783ef7e41e', '9f9bbe1b-a69d-4663-96d9-67aca17a892f', '9f9bbe1b-a69d-4663-96d9-67aca17a892f', true),
('a384d9d4-0620-4d4e-8533-2c4518554cd8', '06ce12a5-9140-4da4-b510-1a375984a513', 'aea00fd0-b56e-45ec-8590-b788b91e1e89', 'aea00fd0-b56e-45ec-8590-b788b91e1e89', true),
('349dfbbf-3e73-4964-8956-d721a5753860', '06ce12a5-9140-4da4-b510-1a375984a513', '656b92e2-1fcd-47b4-8502-ee4b634fb00d', '656b92e2-1fcd-47b4-8502-ee4b634fb00d', true),
('4fd1c049-2a06-4b85-89c2-e6df797655a5', '06ce12a5-9140-4da4-b510-1a375984a513', '9d1b3750-d0b7-421d-ba01-a1a90ebf4f0d', '9d1b3750-d0b7-421d-ba01-a1a90ebf4f0d', true),
('c62340db-eff2-49cf-8ea9-9df72cca0333', 'c7e67d11-6523-4847-97af-5fa7c7f7b746', '52903a44-7b57-4454-8c43-641a0fd10600', '52903a44-7b57-4454-8c43-641a0fd10600', true),
('48a862c6-4369-43b1-a5bb-e2ecb2f8c6ca', 'c7e67d11-6523-4847-97af-5fa7c7f7b746', 'c7fce55c-06b8-42bf-8a0b-b78e0e83299d', 'c7fce55c-06b8-42bf-8a0b-b78e0e83299d', true),
('22a5bd33-7912-44b7-8ab6-d867f4b5682e', 'c7e67d11-6523-4847-97af-5fa7c7f7b746', 'aea00fd0-b56e-45ec-8590-b788b91e1e89', 'aea00fd0-b56e-45ec-8590-b788b91e1e89', true),
('84a86f0f-1475-4b98-b3ea-1bd5d6770657', '3a7c8959-443e-40b7-8723-d12a30b3fb9f', 'c7fce55c-06b8-42bf-8a0b-b78e0e83299d', 'c7fce55c-06b8-42bf-8a0b-b78e0e83299d', true),
('d51aab45-8a5e-47d6-b968-391ac9feeef3', '3a7c8959-443e-40b7-8723-d12a30b3fb9f', '9f9bbe1b-a69d-4663-96d9-67aca17a892f', '9f9bbe1b-a69d-4663-96d9-67aca17a892f', true),
('ffb7d2c9-aff7-4ef1-9343-342ef6d66c61', '3a7c8959-443e-40b7-8723-d12a30b3fb9f', '656b92e2-1fcd-47b4-8502-ee4b634fb00d', '656b92e2-1fcd-47b4-8502-ee4b634fb00d', true),
('8079ed1a-94af-432b-98d8-e80ef4376421', '3a7c8959-443e-40b7-8723-d12a30b3fb9f', '3743aa1d-d158-4a5f-8c13-cae15e771708', '3743aa1d-d158-4a5f-8c13-cae15e771708', true),
('0d4866c8-a188-4399-b791-71448925e4d3', '075c4533-b69a-4752-8d7f-608680c01959', '9d1b3750-d0b7-421d-ba01-a1a90ebf4f0d', '9d1b3750-d0b7-421d-ba01-a1a90ebf4f0d', true),
('a83ab69c-e502-4afc-86d1-a95f91124f33', '075c4533-b69a-4752-8d7f-608680c01959', 'aea00fd0-b56e-45ec-8590-b788b91e1e89', 'aea00fd0-b56e-45ec-8590-b788b91e1e89', true),
('239a6ef3-cf7f-4872-b81f-c40dd5df6dcd', '075c4533-b69a-4752-8d7f-608680c01959', 'f9a12c93-94ed-4f77-94d4-592f9bffc050', 'f9a12c93-94ed-4f77-94d4-592f9bffc050', true),
('9e734013-474f-4f5b-a011-f705d08b8f67', '075c4533-b69a-4752-8d7f-608680c01959', 'f3f7d959-1f40-47bc-9e1c-f3186eda5349', 'f3f7d959-1f40-47bc-9e1c-f3186eda5349', true),
('e23fb6b6-2401-4677-af3b-7e38bdc077ed', '075c4533-b69a-4752-8d7f-608680c01959', '52903a44-7b57-4454-8c43-641a0fd10600', '52903a44-7b57-4454-8c43-641a0fd10600', true),
('afab883b-d155-415f-b933-d2f4e01872c1', 'a8853bac-db9a-4094-b31e-1eb526657bf4', 'c7fce55c-06b8-42bf-8a0b-b78e0e83299d', 'c7fce55c-06b8-42bf-8a0b-b78e0e83299d', true),
('77a6d485-6d7d-424e-8b40-83c0b60a4d33', 'a8853bac-db9a-4094-b31e-1eb526657bf4', 'b6a4e1dd-3fd5-4b27-a0d7-2eef3597913f', 'b6a4e1dd-3fd5-4b27-a0d7-2eef3597913f', true),
('07ab818a-7ad2-48f1-a0b4-6ed4aa209592', 'a8853bac-db9a-4094-b31e-1eb526657bf4', '9cc259a7-eccd-4a75-87ce-1bc62ecc8a7d', '9cc259a7-eccd-4a75-87ce-1bc62ecc8a7d', true),
('442d7827-87f6-4891-864c-f8aa6a1ebe0d', 'a8853bac-db9a-4094-b31e-1eb526657bf4', '3743aa1d-d158-4a5f-8c13-cae15e771708', '3743aa1d-d158-4a5f-8c13-cae15e771708', true),
('f51b2029-d079-465e-8006-8982349d39b6', 'a8853bac-db9a-4094-b31e-1eb526657bf4', '9d1b3750-d0b7-421d-ba01-a1a90ebf4f0d', '9d1b3750-d0b7-421d-ba01-a1a90ebf4f0d', true),
('af2dd08b-98a9-4d21-869c-2a35445b4886', 'a8853bac-db9a-4094-b31e-1eb526657bf4', 'aea00fd0-b56e-45ec-8590-b788b91e1e89', 'aea00fd0-b56e-45ec-8590-b788b91e1e89', true),
('edfe191d-0e75-4972-8e34-969dc1d2d26a', '54d23563-67b5-46ee-a0b9-42ec2a4a043a', '3743aa1d-d158-4a5f-8c13-cae15e771708', '3743aa1d-d158-4a5f-8c13-cae15e771708', true),
('66eeea3c-c5ef-496d-858c-3715faf38fac', '54d23563-67b5-46ee-a0b9-42ec2a4a043a', '2aa3e4d6-68dc-4351-8b9f-393639073c7c', '2aa3e4d6-68dc-4351-8b9f-393639073c7c', true),
('b7c715d0-806b-471c-b217-6fa86478c7ca', 'c997533a-be93-4600-b7e0-0449d53da129', '13e28459-1f97-4c85-abbf-bbee36b5f2eb', '13e28459-1f97-4c85-abbf-bbee36b5f2eb', true),
('83013c42-100a-40f2-8194-97c58b6c04eb', 'c997533a-be93-4600-b7e0-0449d53da129', '3743aa1d-d158-4a5f-8c13-cae15e771708', '3743aa1d-d158-4a5f-8c13-cae15e771708', true),
('b5bc73ab-716a-40db-9c8b-4f471d4e3de7', '7ce0409d-5aae-4ff6-9ba9-e505027db2f8', 'c7fce55c-06b8-42bf-8a0b-b78e0e83299d', 'c7fce55c-06b8-42bf-8a0b-b78e0e83299d', true),
('bc90b437-df8d-4a4d-9cc0-730a15fc741e', '7ce0409d-5aae-4ff6-9ba9-e505027db2f8', '9f9bbe1b-a69d-4663-96d9-67aca17a892f', '9f9bbe1b-a69d-4663-96d9-67aca17a892f', true),
('1244d98b-38cc-4025-8fac-401523e1cad9', '7ce0409d-5aae-4ff6-9ba9-e505027db2f8', '13e28459-1f97-4c85-abbf-bbee36b5f2eb', '13e28459-1f97-4c85-abbf-bbee36b5f2eb', true),
('53255449-c89c-4914-a6d7-a5dad039bd49', '7ce0409d-5aae-4ff6-9ba9-e505027db2f8', '52903a44-7b57-4454-8c43-641a0fd10600', '52903a44-7b57-4454-8c43-641a0fd10600', true),
('37b130ee-a801-4c82-944d-9c2e062a2152', '7ce0409d-5aae-4ff6-9ba9-e505027db2f8', '0d26cbe1-191c-4016-a19e-f71602d333bd', '0d26cbe1-191c-4016-a19e-f71602d333bd', true),
('759caea1-65d5-4c59-ba69-d313d722cc21', '7ce0409d-5aae-4ff6-9ba9-e505027db2f8', '9cc259a7-eccd-4a75-87ce-1bc62ecc8a7d', '9cc259a7-eccd-4a75-87ce-1bc62ecc8a7d', true),
('bf6de850-a776-41c0-8ab4-a78a66e7fb97', '8645775c-d755-47a9-b267-e37dbbd21d6e', '9f9bbe1b-a69d-4663-96d9-67aca17a892f', '9f9bbe1b-a69d-4663-96d9-67aca17a892f', true),
('3c968496-0cb3-4d43-84f4-947bb69fd3ba', '8645775c-d755-47a9-b267-e37dbbd21d6e', '9d1b3750-d0b7-421d-ba01-a1a90ebf4f0d', '9d1b3750-d0b7-421d-ba01-a1a90ebf4f0d', true),
('34c18707-5a79-408b-8480-ed1a4b175235', '8645775c-d755-47a9-b267-e37dbbd21d6e', '2aa3e4d6-68dc-4351-8b9f-393639073c7c', '2aa3e4d6-68dc-4351-8b9f-393639073c7c', true),
('0e43c721-b260-4d7d-89b9-191a7eb50fb1', '8645775c-d755-47a9-b267-e37dbbd21d6e', 'aea00fd0-b56e-45ec-8590-b788b91e1e89', 'aea00fd0-b56e-45ec-8590-b788b91e1e89', true);
INSERT INTO transcript.transcripts (id, workspace_id, translation_room_id, status, source_language, total_segments, total_duration_ms) VALUES
('7bb54816-b6d9-472f-8c02-a7026c8dd3fd', '019ec641-97a7-78c9-8f18-000000000000', 'da1f45e0-eae9-4f1a-885a-79ab90e402e4', 'FINALIZED', 'en', 10, 600000),
('af6822b0-1cd3-4f11-bb4c-026b9a3ce7d4', '019ec641-97a7-78c9-8f18-000000000000', 'aa295c40-77ea-4d74-842c-46229db591ed', 'FINALIZED', 'en', 10, 600000),
('cae0e730-4549-43ba-be92-b6cae81f8a48', '019ec641-97a7-78c9-8f18-000000000000', '2beee471-b74f-4abf-88b9-e11e7840ec93', 'FINALIZED', 'en', 10, 600000),
('767a4736-f289-44ec-a615-b9a1ba66e65f', '019ec641-97a7-78c9-8f18-000000000000', 'b2905e36-486a-4d87-a615-36d8d511357f', 'FINALIZED', 'en', 10, 600000),
('312bb8ff-c785-4c9e-87b8-5a15dfddcd38', '019ec641-97a7-78c9-8f18-000000000000', '3e321b3f-3f67-4ce9-b628-dfc12f566e3c', 'FINALIZED', 'en', 10, 600000),
('48656493-ec5d-448d-aaf8-22c49f1d6e65', '019ec641-97a7-78c9-8f18-000000000000', '2fb8988d-d43f-4993-8b52-266936e6d978', 'FINALIZED', 'en', 10, 600000),
('2c1cadd7-3e31-4bad-a521-01482210834b', '019ec641-97a7-78c9-8f18-000000000000', 'dacba524-c362-48b9-97b5-69872f416f3a', 'FINALIZED', 'en', 10, 600000),
('689a2349-132b-4684-b723-1966ef44b534', 'ff3b618e-325a-4466-8fcd-a15c24fbd8e0', 'd85de16f-2d22-4d6f-b56a-661ae23479c0', 'FINALIZED', 'en', 10, 600000),
('a32cff0e-a4e6-481f-8f24-08af3948f363', 'ff3b618e-325a-4466-8fcd-a15c24fbd8e0', 'c91a23f2-03d3-4e50-8987-daac1444ad17', 'FINALIZED', 'en', 10, 600000),
('6c9f3159-e2bf-4344-a1b9-238711a649a5', 'ff3b618e-325a-4466-8fcd-a15c24fbd8e0', 'f1a0e35c-c8f4-4fee-be38-9c292b7c320d', 'FINALIZED', 'en', 10, 600000),
('a92799c9-9c06-4557-91f7-1b33e036bd6c', 'ff3b618e-325a-4466-8fcd-a15c24fbd8e0', '6f5599f3-1225-4c87-a05e-3474fba072d2', 'FINALIZED', 'en', 10, 600000),
('d618a8b3-d869-4460-ad88-ad94bea7fcd6', 'ff3b618e-325a-4466-8fcd-a15c24fbd8e0', 'd6013fc1-e40a-432d-a93f-5b8e64eb7c65', 'FINALIZED', 'en', 10, 600000),
('4301fc15-d1bf-4f4c-8dce-777a2d23bd12', 'ff3b618e-325a-4466-8fcd-a15c24fbd8e0', '05acb401-d5e6-4ec7-a26c-ac499d7e34a4', 'FINALIZED', 'en', 10, 600000),
('09d82609-9895-41e4-ae9d-d4ff9d2e209a', 'ff3b618e-325a-4466-8fcd-a15c24fbd8e0', '895513ff-dcc9-4ad1-b133-b28416b08be7', 'FINALIZED', 'en', 10, 600000),
('64df730b-3765-4dc2-9cca-08db1da7d14b', '90d53dab-bb88-4f58-8198-5c0ccd643068', 'a383faea-762a-42eb-9dc1-edcedf079863', 'FINALIZED', 'en', 10, 600000),
('efde7ca2-f863-4e96-a14b-7eb9cfc096ec', '90d53dab-bb88-4f58-8198-5c0ccd643068', '6499c9d5-64bd-48bd-987a-d5f716a62d0f', 'FINALIZED', 'en', 10, 600000),
('10139a45-e63f-430f-bbcb-6a69ea91ad19', '90d53dab-bb88-4f58-8198-5c0ccd643068', 'de0adc70-b69e-4ba0-be7a-9b8da1593ba7', 'FINALIZED', 'en', 10, 600000),
('aa11dd5e-ef4f-4751-861a-6fecf3713031', '90d53dab-bb88-4f58-8198-5c0ccd643068', '3ae9079c-0e85-44db-9188-4625aea07b8b', 'FINALIZED', 'en', 10, 600000),
('1b6cd95c-8a66-432b-aca4-5f8c3225415b', '90d53dab-bb88-4f58-8198-5c0ccd643068', '2f0e89de-f628-4488-b498-f7953f3e778f', 'FINALIZED', 'en', 10, 600000),
('e4662cb6-d436-4b82-b5cd-47610ed33e57', '90d53dab-bb88-4f58-8198-5c0ccd643068', '62ecdda7-fb26-4c4f-967c-8cee8674a565', 'FINALIZED', 'en', 10, 600000),
('8f6f0448-b235-4849-a0e6-83ea3c159f2d', '90d53dab-bb88-4f58-8198-5c0ccd643068', 'f1d9884b-2e61-4c8a-84ad-9f402371746f', 'FINALIZED', 'en', 10, 600000),
('d01a5af7-3852-42e9-ac77-edc1bf86b208', '90d53dab-bb88-4f58-8198-5c0ccd643068', 'bfec4413-adeb-478e-ab8e-f8f7528990d6', 'FINALIZED', 'en', 10, 600000),
('4af884b3-12a3-4c32-9592-2ff5bc9dd024', '90d53dab-bb88-4f58-8198-5c0ccd643068', '193428ad-b3a6-48cb-a3fd-0b0d4e4a04dc', 'FINALIZED', 'en', 10, 600000);
INSERT INTO transcript.transcript_segments (id, transcript_id, speaker_participant_id, speaker_name, original_text, original_language, start_time_ms, end_time_ms, confidence, sequence_order) VALUES
('5baefa8d-bae6-4a27-a0bf-460a7f762997', '7bb54816-b6d9-472f-8c02-a7026c8dd3fd', 'a056f695-9a49-43ac-961d-abd76ac36529', 'Jiwoo Davis', 'Sample transcript sentence 1 from Jiwoo Davis.', 'en', 0, 3451, 0.95, 1),
('22972ec6-2c5b-430b-807b-1ce8f716204e', '7bb54816-b6d9-472f-8c02-a7026c8dd3fd', '348d52f0-2505-490f-87f2-9ce928f76411', 'Takashi Davis', 'Sample transcript sentence 2 from Takashi Davis.', 'en', 5116, 14134, 0.95, 2),
('948fd316-776a-47ad-979e-b1a155de322d', '7bb54816-b6d9-472f-8c02-a7026c8dd3fd', '348d52f0-2505-490f-87f2-9ce928f76411', 'Takashi Davis', 'Sample transcript sentence 3 from Takashi Davis.', 'en', 15929, 25888, 0.95, 3),
('123088a1-e019-41fb-a13c-0122df49aaa5', '7bb54816-b6d9-472f-8c02-a7026c8dd3fd', 'a056f695-9a49-43ac-961d-abd76ac36529', 'Jiwoo Davis', 'Sample transcript sentence 4 from Jiwoo Davis.', 'en', 26837, 31594, 0.95, 4),
('264b2a1d-0b4e-4896-ab20-a4a7058cc44d', '7bb54816-b6d9-472f-8c02-a7026c8dd3fd', 'ef0693a1-e250-4af1-8a79-11b1ea401de7', 'Ava Yamamoto', 'Sample transcript sentence 5 from Ava Yamamoto.', 'en', 32438, 42310, 0.95, 5),
('6c8d5ce0-598b-47c4-90f1-d49cfaafa6db', '7bb54816-b6d9-472f-8c02-a7026c8dd3fd', 'a056f695-9a49-43ac-961d-abd76ac36529', 'Jiwoo Davis', 'Sample transcript sentence 6 from Jiwoo Davis.', 'en', 43174, 52923, 0.95, 6),
('87ceb3a3-8185-454a-9b36-2fcfcc96b64b', '7bb54816-b6d9-472f-8c02-a7026c8dd3fd', 'a056f695-9a49-43ac-961d-abd76ac36529', 'Jiwoo Davis', 'Sample transcript sentence 7 from Jiwoo Davis.', 'en', 54349, 60125, 0.95, 7),
('b97efc55-e33a-46a7-bc0e-d33af145de3e', '7bb54816-b6d9-472f-8c02-a7026c8dd3fd', '348d52f0-2505-490f-87f2-9ce928f76411', 'Takashi Davis', 'Sample transcript sentence 8 from Takashi Davis.', 'en', 61243, 65297, 0.95, 8),
('9ff360c8-2b0f-4c86-bc35-0b9ef2a1279e', '7bb54816-b6d9-472f-8c02-a7026c8dd3fd', 'a056f695-9a49-43ac-961d-abd76ac36529', 'Jiwoo Davis', 'Sample transcript sentence 9 from Jiwoo Davis.', 'en', 65984, 69283, 0.95, 9),
('71a8f91f-5933-423d-9380-30358feefbf3', '7bb54816-b6d9-472f-8c02-a7026c8dd3fd', '348d52f0-2505-490f-87f2-9ce928f76411', 'Takashi Davis', 'Sample transcript sentence 10 from Takashi Davis.', 'en', 70635, 74944, 0.95, 10),
('8736161e-ff65-40d8-9a26-cf3a6acee2d7', 'af6822b0-1cd3-4f11-bb4c-026b9a3ce7d4', '83a4e046-4501-463b-b36a-57a436632ce4', 'Emma Johnson', 'Sample transcript sentence 1 from Emma Johnson.', 'en', 0, 4735, 0.95, 1),
('d28ebbd6-003b-468e-b461-5caca2af719b', 'af6822b0-1cd3-4f11-bb4c-026b9a3ce7d4', 'fa5d77cb-3070-4ad3-aff1-3f74145f053f', 'Isabella Park', 'Sample transcript sentence 2 from Isabella Park.', 'en', 6613, 9221, 0.95, 2),
('85303d86-afa0-4c1f-9346-c88231bdfaec', 'af6822b0-1cd3-4f11-bb4c-026b9a3ce7d4', 'fa5d77cb-3070-4ad3-aff1-3f74145f053f', 'Isabella Park', 'Sample transcript sentence 3 from Isabella Park.', 'en', 10626, 20042, 0.95, 3),
('542698fe-80d7-4b10-84c9-768252ff2dd3', 'af6822b0-1cd3-4f11-bb4c-026b9a3ce7d4', 'fa5d77cb-3070-4ad3-aff1-3f74145f053f', 'Isabella Park', 'Sample transcript sentence 4 from Isabella Park.', 'en', 20864, 30274, 0.95, 4),
('05e7ecd6-4d1e-4f13-b880-5661b54e602b', 'af6822b0-1cd3-4f11-bb4c-026b9a3ce7d4', 'fa5d77cb-3070-4ad3-aff1-3f74145f053f', 'Isabella Park', 'Sample transcript sentence 5 from Isabella Park.', 'en', 30952, 37574, 0.95, 5),
('2dd48578-8db3-409a-9173-13d7c526154c', 'af6822b0-1cd3-4f11-bb4c-026b9a3ce7d4', 'fa5d77cb-3070-4ad3-aff1-3f74145f053f', 'Isabella Park', 'Sample transcript sentence 6 from Isabella Park.', 'en', 39328, 47383, 0.95, 6),
('c9adcf09-7aa1-4e92-9aef-ade3dced1784', 'af6822b0-1cd3-4f11-bb4c-026b9a3ce7d4', '83a4e046-4501-463b-b36a-57a436632ce4', 'Emma Johnson', 'Sample transcript sentence 7 from Emma Johnson.', 'en', 49004, 58707, 0.95, 7),
('72f1a9b9-45b4-4ef6-bfe4-a92ef14ae760', 'af6822b0-1cd3-4f11-bb4c-026b9a3ce7d4', '83a4e046-4501-463b-b36a-57a436632ce4', 'Emma Johnson', 'Sample transcript sentence 8 from Emma Johnson.', 'en', 59328, 68455, 0.95, 8),
('667d95fd-e86f-4f5c-b5b2-47aa26d2feb4', 'af6822b0-1cd3-4f11-bb4c-026b9a3ce7d4', '83a4e046-4501-463b-b36a-57a436632ce4', 'Emma Johnson', 'Sample transcript sentence 9 from Emma Johnson.', 'en', 69780, 78738, 0.95, 9),
('0c860832-0a84-4ce1-94b4-b0f2ce21c62d', 'af6822b0-1cd3-4f11-bb4c-026b9a3ce7d4', '83a4e046-4501-463b-b36a-57a436632ce4', 'Emma Johnson', 'Sample transcript sentence 10 from Emma Johnson.', 'en', 80067, 88954, 0.95, 10),
('ca323dd7-c5bc-4464-bc05-3ae5d0282d9b', 'cae0e730-4549-43ba-be92-b6cae81f8a48', '52fc1fbe-df77-4aca-a114-a5c0614bbd88', 'Charlotte Brown', 'Sample transcript sentence 1 from Charlotte Brown.', 'en', 0, 6270, 0.95, 1),
('07c88556-4c13-46fb-a13c-94d4fa068277', 'cae0e730-4549-43ba-be92-b6cae81f8a48', 'b001156d-883d-4570-937c-73e75d8fca39', 'Jiwoo Davis', 'Sample transcript sentence 2 from Jiwoo Davis.', 'en', 7194, 16544, 0.95, 2),
('05c7b612-7fda-4f52-9c5d-ab7a100f990a', 'cae0e730-4549-43ba-be92-b6cae81f8a48', 'b001156d-883d-4570-937c-73e75d8fca39', 'Jiwoo Davis', 'Sample transcript sentence 3 from Jiwoo Davis.', 'en', 17455, 22284, 0.95, 3),
('24ef6b53-fc2b-46b1-83e0-c3d10b448ce4', 'cae0e730-4549-43ba-be92-b6cae81f8a48', '43b748c9-b23c-4dd9-9b16-3d62bccaeeb1', 'Jiwoo Park', 'Sample transcript sentence 4 from Jiwoo Park.', 'en', 23324, 26737, 0.95, 4),
('69a473ca-77bf-4f2c-a9b9-a3b37fd56ed5', 'cae0e730-4549-43ba-be92-b6cae81f8a48', '4a759ab1-6bb3-4534-9fc2-f3cd80bcdc6f', 'Sarah Tran', 'Sample transcript sentence 5 from Sarah Tran.', 'en', 28597, 30893, 0.95, 5),
('1119c447-6854-43d6-9e29-f2026ec0a182', 'cae0e730-4549-43ba-be92-b6cae81f8a48', 'e4eda19d-0c6c-4807-8ec3-31bd48ee7c08', 'Alex CEO', 'Sample transcript sentence 6 from Alex CEO.', 'en', 32622, 40275, 0.95, 6),
('7501d5e0-16a5-4e22-897b-4cf6e6cfe296', 'cae0e730-4549-43ba-be92-b6cae81f8a48', '4a759ab1-6bb3-4534-9fc2-f3cd80bcdc6f', 'Sarah Tran', 'Sample transcript sentence 7 from Sarah Tran.', 'en', 41889, 44922, 0.95, 7),
('2323535d-a0c6-4eea-b44b-777fde6b1462', 'cae0e730-4549-43ba-be92-b6cae81f8a48', 'cb91fadb-ed5a-43b6-9ea9-2301abfe9b7a', 'Emma Johnson', 'Sample transcript sentence 8 from Emma Johnson.', 'en', 45781, 54891, 0.95, 8),
('ae658a01-f71e-4676-944b-a101319926c5', 'cae0e730-4549-43ba-be92-b6cae81f8a48', 'b001156d-883d-4570-937c-73e75d8fca39', 'Jiwoo Davis', 'Sample transcript sentence 9 from Jiwoo Davis.', 'en', 56188, 60077, 0.95, 9),
('3d2b049c-17f6-48bc-8bbd-71182b0981d1', 'cae0e730-4549-43ba-be92-b6cae81f8a48', 'cb91fadb-ed5a-43b6-9ea9-2301abfe9b7a', 'Emma Johnson', 'Sample transcript sentence 10 from Emma Johnson.', 'en', 61863, 70293, 0.95, 10),
('340c37b1-54e5-4ac5-8f5c-eb877d5d96dd', '767a4736-f289-44ec-a615-b9a1ba66e65f', 'a2132c48-98ef-440b-b8e8-0e185be8c070', 'Noah Lopez', 'Sample transcript sentence 1 from Noah Lopez.', 'en', 0, 9435, 0.95, 1),
('bf7fd9c0-3fca-4e79-b0ab-9a987c3e0f22', '767a4736-f289-44ec-a615-b9a1ba66e65f', 'a2132c48-98ef-440b-b8e8-0e185be8c070', 'Noah Lopez', 'Sample transcript sentence 2 from Noah Lopez.', 'en', 11119, 19234, 0.95, 2),
('87030568-b9da-450f-89a5-20c2f37f7fff', '767a4736-f289-44ec-a615-b9a1ba66e65f', 'b75ffc4c-f734-42e7-a433-d6b21c9cef0f', 'Charlotte Brown', 'Sample transcript sentence 3 from Charlotte Brown.', 'en', 20481, 26965, 0.95, 3),
('fe81e535-4aab-42af-972b-a5070c7934ad', '767a4736-f289-44ec-a615-b9a1ba66e65f', '9c83d727-d9fc-43f0-b6cf-61403d2715c7', 'Takashi Davis', 'Sample transcript sentence 4 from Takashi Davis.', 'en', 28242, 35985, 0.95, 4),
('417d165a-614d-4017-9891-8119b450bc8f', '767a4736-f289-44ec-a615-b9a1ba66e65f', '6ccd3ed8-7adb-46b1-a800-e41f755b46e3', 'Isabella Park', 'Sample transcript sentence 5 from Isabella Park.', 'en', 37231, 45672, 0.95, 5),
('6ad1ad8b-07f7-49e2-9bd7-45cc72c26571', '767a4736-f289-44ec-a615-b9a1ba66e65f', '57960464-04e4-4c3d-b8aa-a2f72431db5a', 'Sophia Yamamoto', 'Sample transcript sentence 6 from Sophia Yamamoto.', 'en', 47356, 53666, 0.95, 6),
('1fe88988-045d-412d-b3f9-9e3c7628ab0e', '767a4736-f289-44ec-a615-b9a1ba66e65f', '9c83d727-d9fc-43f0-b6cf-61403d2715c7', 'Takashi Davis', 'Sample transcript sentence 7 from Takashi Davis.', 'en', 54946, 57356, 0.95, 7),
('6ad5fcc2-5bf0-4153-862a-16c792a4edf8', '767a4736-f289-44ec-a615-b9a1ba66e65f', 'b75ffc4c-f734-42e7-a433-d6b21c9cef0f', 'Charlotte Brown', 'Sample transcript sentence 8 from Charlotte Brown.', 'en', 59254, 65835, 0.95, 8),
('e661d42f-d0b4-4780-abd4-9b2c121b3011', '767a4736-f289-44ec-a615-b9a1ba66e65f', '6ccd3ed8-7adb-46b1-a800-e41f755b46e3', 'Isabella Park', 'Sample transcript sentence 9 from Isabella Park.', 'en', 66743, 72383, 0.95, 9),
('0fdc0d7a-b998-430a-b644-0a4c8a24d119', '767a4736-f289-44ec-a615-b9a1ba66e65f', 'a2132c48-98ef-440b-b8e8-0e185be8c070', 'Noah Lopez', 'Sample transcript sentence 10 from Noah Lopez.', 'en', 73102, 79871, 0.95, 10),
('baf5acd7-c46b-44ba-bbfe-42a30da8a870', '312bb8ff-c785-4c9e-87b8-5a15dfddcd38', '5f01552e-5c3e-4e04-9cf6-fe8f3ace7839', 'Emma Johnson', 'Sample transcript sentence 1 from Emma Johnson.', 'en', 0, 8210, 0.95, 1),
('30d3b14b-8c4a-48bc-9f9f-9708f38dcbce', '312bb8ff-c785-4c9e-87b8-5a15dfddcd38', '5f01552e-5c3e-4e04-9cf6-fe8f3ace7839', 'Emma Johnson', 'Sample transcript sentence 2 from Emma Johnson.', 'en', 9574, 18912, 0.95, 2),
('759d9f5f-b13f-4d71-bd3d-b7b6a3bd746d', '312bb8ff-c785-4c9e-87b8-5a15dfddcd38', '5e70823e-6475-42e1-9094-5cf6a933e55d', 'Benjamin Park', 'Sample transcript sentence 3 from Benjamin Park.', 'en', 19640, 24111, 0.95, 3),
('deab39ac-7a34-4530-b79f-8b6e8689ce3f', '312bb8ff-c785-4c9e-87b8-5a15dfddcd38', 'ad644551-3b12-47e1-8813-9145553f499c', 'Sarah Hernandez', 'Sample transcript sentence 4 from Sarah Hernandez.', 'en', 25982, 34300, 0.95, 4),
('7ba9421c-462d-487a-b75f-954248908e19', '312bb8ff-c785-4c9e-87b8-5a15dfddcd38', '5f01552e-5c3e-4e04-9cf6-fe8f3ace7839', 'Emma Johnson', 'Sample transcript sentence 5 from Emma Johnson.', 'en', 35139, 37507, 0.95, 5),
('299fb27b-a5c4-445a-b555-ffcdfc4dfbea', '312bb8ff-c785-4c9e-87b8-5a15dfddcd38', '5f01552e-5c3e-4e04-9cf6-fe8f3ace7839', 'Emma Johnson', 'Sample transcript sentence 6 from Emma Johnson.', 'en', 39269, 46245, 0.95, 6),
('b6f96734-084f-4ae1-bc24-f7d5a648218d', '312bb8ff-c785-4c9e-87b8-5a15dfddcd38', '5f01552e-5c3e-4e04-9cf6-fe8f3ace7839', 'Emma Johnson', 'Sample transcript sentence 7 from Emma Johnson.', 'en', 48226, 56032, 0.95, 7),
('bb18cd2f-3970-46f8-ad84-6a4bfa6bfcac', '312bb8ff-c785-4c9e-87b8-5a15dfddcd38', '5e70823e-6475-42e1-9094-5cf6a933e55d', 'Benjamin Park', 'Sample transcript sentence 8 from Benjamin Park.', 'en', 56760, 60877, 0.95, 8),
('98b02f64-5d20-43e2-af2c-e1f2b7e311f5', '312bb8ff-c785-4c9e-87b8-5a15dfddcd38', '5f01552e-5c3e-4e04-9cf6-fe8f3ace7839', 'Emma Johnson', 'Sample transcript sentence 9 from Emma Johnson.', 'en', 61933, 69905, 0.95, 9),
('c08b42df-8d64-4335-8883-9aef9adf8005', '312bb8ff-c785-4c9e-87b8-5a15dfddcd38', 'ad644551-3b12-47e1-8813-9145553f499c', 'Sarah Hernandez', 'Sample transcript sentence 10 from Sarah Hernandez.', 'en', 71649, 76335, 0.95, 10),
('359fd0cc-0467-4253-8014-098662e9e8b7', '48656493-ec5d-448d-aaf8-22c49f1d6e65', '58a8f268-3d2f-4791-985e-20dfd1bdb616', 'Emma Johnson', 'Sample transcript sentence 1 from Emma Johnson.', 'en', 0, 3620, 0.95, 1),
('f2dc2270-ce39-4370-b786-65d342d4d0b2', '48656493-ec5d-448d-aaf8-22c49f1d6e65', '80efff68-d9ff-4bd0-b629-f11ace8b5390', 'Ava Yamamoto', 'Sample transcript sentence 2 from Ava Yamamoto.', 'en', 5468, 9632, 0.95, 2),
('ec55af68-8135-4809-ad72-d3b8dc479e26', '48656493-ec5d-448d-aaf8-22c49f1d6e65', '58ca1430-947c-4f9d-bb80-8b7d521cc3e3', 'James Johnson', 'Sample transcript sentence 3 from James Johnson.', 'en', 10811, 16580, 0.95, 3),
('cd660471-a52d-483f-ae46-07d5dfea690c', '48656493-ec5d-448d-aaf8-22c49f1d6e65', '80efff68-d9ff-4bd0-b629-f11ace8b5390', 'Ava Yamamoto', 'Sample transcript sentence 4 from Ava Yamamoto.', 'en', 17493, 26674, 0.95, 4),
('391058ba-87ff-4c7a-a700-b124650e48ce', '48656493-ec5d-448d-aaf8-22c49f1d6e65', '58a8f268-3d2f-4791-985e-20dfd1bdb616', 'Emma Johnson', 'Sample transcript sentence 5 from Emma Johnson.', 'en', 27903, 37285, 0.95, 5),
('2af3b0a4-16f9-407e-9858-46cc61cc4aa3', '48656493-ec5d-448d-aaf8-22c49f1d6e65', '7be210b5-b6cf-4735-b28e-ba1a9b25610f', 'Charlotte Davis', 'Sample transcript sentence 6 from Charlotte Davis.', 'en', 37983, 43886, 0.95, 6),
('202c4aef-3a31-481e-893f-7f135635f6da', '48656493-ec5d-448d-aaf8-22c49f1d6e65', '58a8f268-3d2f-4791-985e-20dfd1bdb616', 'Emma Johnson', 'Sample transcript sentence 7 from Emma Johnson.', 'en', 44697, 53911, 0.95, 7),
('cf77473f-cd2a-43f1-b02f-cf0d94437836', '48656493-ec5d-448d-aaf8-22c49f1d6e65', '7be210b5-b6cf-4735-b28e-ba1a9b25610f', 'Charlotte Davis', 'Sample transcript sentence 8 from Charlotte Davis.', 'en', 54906, 59760, 0.95, 8),
('7002479a-184a-4a81-8356-12ab7d63d9b9', '48656493-ec5d-448d-aaf8-22c49f1d6e65', '58ca1430-947c-4f9d-bb80-8b7d521cc3e3', 'James Johnson', 'Sample transcript sentence 9 from James Johnson.', 'en', 61073, 65125, 0.95, 9),
('fa43b828-b6a9-4fbe-be3e-5a8903c253f1', '48656493-ec5d-448d-aaf8-22c49f1d6e65', '58ca1430-947c-4f9d-bb80-8b7d521cc3e3', 'James Johnson', 'Sample transcript sentence 10 from James Johnson.', 'en', 65744, 71366, 0.95, 10),
('3631a0f1-ddf8-4b7d-8d24-78c53e651c4b', '2c1cadd7-3e31-4bad-a521-01482210834b', '80c57a8f-1ac8-481b-83a1-ff98b8c230af', 'Emma Johnson', 'Sample transcript sentence 1 from Emma Johnson.', 'en', 0, 2930, 0.95, 1),
('99d73669-7909-4ed7-acbb-337adf5de35e', '2c1cadd7-3e31-4bad-a521-01482210834b', '098d2826-e1bf-4342-a457-94aec6f8ef2a', 'Elena Yamamoto', 'Sample transcript sentence 2 from Elena Yamamoto.', 'en', 4930, 14433, 0.95, 2),
('d29777aa-b695-42ce-aa9f-00cc18878cde', '2c1cadd7-3e31-4bad-a521-01482210834b', 'ec4ac5cc-4868-4bde-96f3-50ae2f4b6a34', 'Jiwoo Gonzalez', 'Sample transcript sentence 3 from Jiwoo Gonzalez.', 'en', 15190, 22123, 0.95, 3),
('28323fc6-e746-4206-90b3-0638cc6bab0b', '2c1cadd7-3e31-4bad-a521-01482210834b', 'ec4ac5cc-4868-4bde-96f3-50ae2f4b6a34', 'Jiwoo Gonzalez', 'Sample transcript sentence 4 from Jiwoo Gonzalez.', 'en', 23733, 26636, 0.95, 4),
('7d35f982-af61-4107-b285-d55dfe1fc9cc', '2c1cadd7-3e31-4bad-a521-01482210834b', '83d07a6c-92d8-4464-af09-264969de7e93', 'Sarah Tran', 'Sample transcript sentence 5 from Sarah Tran.', 'en', 27864, 36577, 0.95, 5),
('b5f34ae0-bbd9-4b02-bf9c-20d54323afdf', '2c1cadd7-3e31-4bad-a521-01482210834b', 'ec4ac5cc-4868-4bde-96f3-50ae2f4b6a34', 'Jiwoo Gonzalez', 'Sample transcript sentence 6 from Jiwoo Gonzalez.', 'en', 38209, 45525, 0.95, 6),
('020d32bd-2988-4f83-9c37-f2e99572f176', '2c1cadd7-3e31-4bad-a521-01482210834b', 'ec4ac5cc-4868-4bde-96f3-50ae2f4b6a34', 'Jiwoo Gonzalez', 'Sample transcript sentence 7 from Jiwoo Gonzalez.', 'en', 46403, 48481, 0.95, 7),
('3016c5be-41e8-440b-a80a-40601f9aac4c', '2c1cadd7-3e31-4bad-a521-01482210834b', 'f69c4eba-8cef-4e21-9f2e-19b456f9d3aa', 'Sarah Hernandez', 'Sample transcript sentence 8 from Sarah Hernandez.', 'en', 49180, 56340, 0.95, 8),
('328fe285-ee45-4da9-95be-516ffa58ee7a', '2c1cadd7-3e31-4bad-a521-01482210834b', 'eaa85369-5d13-4c6a-9505-261f3b187978', 'Charlotte Brown', 'Sample transcript sentence 9 from Charlotte Brown.', 'en', 57311, 64156, 0.95, 9),
('637981c0-3f6c-4785-8ba9-957515d09068', '2c1cadd7-3e31-4bad-a521-01482210834b', '87b05f3c-93a9-4a5e-a402-8c5cab5e84bb', 'Noah Wilson', 'Sample transcript sentence 10 from Noah Wilson.', 'en', 66105, 68363, 0.95, 10),
('ac1f7732-f564-421e-804e-1b2462d71ed7', '689a2349-132b-4684-b723-1966ef44b534', 'f232a16e-c8a5-413a-8146-fbf6540852cc', 'Olivia Park', 'Sample transcript sentence 1 from Olivia Park.', 'en', 0, 7060, 0.95, 1),
('7fc60328-a0c0-459b-8042-7878f8c6cc5c', '689a2349-132b-4684-b723-1966ef44b534', 'f232a16e-c8a5-413a-8146-fbf6540852cc', 'Olivia Park', 'Sample transcript sentence 2 from Olivia Park.', 'en', 7784, 15663, 0.95, 2),
('343a2779-3402-4937-b4be-c35b5dc73471', '689a2349-132b-4684-b723-1966ef44b534', '2382886b-5eac-4106-b8de-ba539cb8cb48', 'James Johnson', 'Sample transcript sentence 3 from James Johnson.', 'en', 17309, 26068, 0.95, 3),
('a045033d-f5ea-4a0a-aad3-3b107492ab50', '689a2349-132b-4684-b723-1966ef44b534', 'f232a16e-c8a5-413a-8146-fbf6540852cc', 'Olivia Park', 'Sample transcript sentence 4 from Olivia Park.', 'en', 27088, 32421, 0.95, 4),
('69b01f0d-83ca-4bc5-a23e-1410d23e3c29', '689a2349-132b-4684-b723-1966ef44b534', 'f232a16e-c8a5-413a-8146-fbf6540852cc', 'Olivia Park', 'Sample transcript sentence 5 from Olivia Park.', 'en', 33694, 36060, 0.95, 5),
('e2e67275-fbe3-4ed0-a826-2b6aa13fa93d', '689a2349-132b-4684-b723-1966ef44b534', 'a0ab1e04-d370-4602-98bd-9a91534f4832', 'Sarah Tran', 'Sample transcript sentence 6 from Sarah Tran.', 'en', 37652, 43722, 0.95, 6),
('947c3cd8-88db-409d-a024-95430f1a81e2', '689a2349-132b-4684-b723-1966ef44b534', 'f232a16e-c8a5-413a-8146-fbf6540852cc', 'Olivia Park', 'Sample transcript sentence 7 from Olivia Park.', 'en', 44814, 49298, 0.95, 7),
('7e8d530b-4635-43e4-af14-b8881475a323', '689a2349-132b-4684-b723-1966ef44b534', 'a0ab1e04-d370-4602-98bd-9a91534f4832', 'Sarah Tran', 'Sample transcript sentence 8 from Sarah Tran.', 'en', 51131, 60396, 0.95, 8),
('c98cbbe2-4901-4149-9248-d123520a5641', '689a2349-132b-4684-b723-1966ef44b534', 'a76dc842-f6e5-4ad1-9bd6-e7b8cbe7dfb8', 'William Johnson', 'Sample transcript sentence 9 from William Johnson.', 'en', 61867, 70939, 0.95, 9),
('92382aa8-b4b6-4bd4-accc-eb864b3e73cc', '689a2349-132b-4684-b723-1966ef44b534', 'a76dc842-f6e5-4ad1-9bd6-e7b8cbe7dfb8', 'William Johnson', 'Sample transcript sentence 10 from William Johnson.', 'en', 72109, 76588, 0.95, 10),
('1231db4c-d2df-407c-b555-e403f645acaf', 'a32cff0e-a4e6-481f-8f24-08af3948f363', '6cae15d1-c601-4cd0-9623-5435e7a2c607', 'Sophia Yamamoto', 'Sample transcript sentence 1 from Sophia Yamamoto.', 'en', 0, 5577, 0.95, 1),
('10f254c8-0bdf-4449-8530-56cf074902bb', 'a32cff0e-a4e6-481f-8f24-08af3948f363', '08dbd89b-541a-4866-9fc6-c3d52f16f878', 'James Williams', 'Sample transcript sentence 2 from James Williams.', 'en', 7145, 9939, 0.95, 2),
('9b723c64-de66-48aa-b3c0-24c092bef2e1', 'a32cff0e-a4e6-481f-8f24-08af3948f363', '88d83b1b-aa3a-4032-8e22-e145e663ad81', 'Isabella Hernandez', 'Sample transcript sentence 3 from Isabella Hernandez.', 'en', 11145, 16278, 0.95, 3),
('f8d1bf93-3d3c-4c83-8e07-83ed07cfd581', 'a32cff0e-a4e6-481f-8f24-08af3948f363', '6cae15d1-c601-4cd0-9623-5435e7a2c607', 'Sophia Yamamoto', 'Sample transcript sentence 4 from Sophia Yamamoto.', 'en', 17839, 24490, 0.95, 4),
('898b42e7-430e-4c49-b21c-719c2c199163', 'a32cff0e-a4e6-481f-8f24-08af3948f363', '43a318f0-fc3f-4fb1-b3cf-c12fc7f2a170', 'Jiwoo Davis', 'Sample transcript sentence 5 from Jiwoo Davis.', 'en', 25498, 31399, 0.95, 5),
('af4b6d08-a72e-4122-a43c-826ac950bfa9', 'a32cff0e-a4e6-481f-8f24-08af3948f363', 'd7855d07-6cc9-44e7-a64c-38ad5c606fd9', 'Takashi Davis', 'Sample transcript sentence 6 from Takashi Davis.', 'en', 32028, 35012, 0.95, 6),
('6fb31936-d2eb-4547-a573-650f2e90f9c9', 'a32cff0e-a4e6-481f-8f24-08af3948f363', '08dbd89b-541a-4866-9fc6-c3d52f16f878', 'James Williams', 'Sample transcript sentence 7 from James Williams.', 'en', 35724, 38757, 0.95, 7),
('36f73317-112a-4e26-9153-921d0e14709e', 'a32cff0e-a4e6-481f-8f24-08af3948f363', '6cae15d1-c601-4cd0-9623-5435e7a2c607', 'Sophia Yamamoto', 'Sample transcript sentence 8 from Sophia Yamamoto.', 'en', 39628, 46043, 0.95, 8),
('4c82c50d-1898-43ea-9fff-b26aaeaa6c08', 'a32cff0e-a4e6-481f-8f24-08af3948f363', '08dbd89b-541a-4866-9fc6-c3d52f16f878', 'James Williams', 'Sample transcript sentence 9 from James Williams.', 'en', 46755, 56223, 0.95, 9),
('e0e88146-13d1-4ed4-987c-517ec67418e9', 'a32cff0e-a4e6-481f-8f24-08af3948f363', '0a9f2ca8-221c-41af-896e-3956edf0578b', 'Charlotte Miller', 'Sample transcript sentence 10 from Charlotte Miller.', 'en', 56733, 64929, 0.95, 10),
('d4c50920-2426-4c99-ad20-ba5aabf89c4e', '6c9f3159-e2bf-4344-a1b9-238711a649a5', '0b3f3136-f16b-471e-a9b8-5326a1393185', 'Sophia Yamamoto', 'Sample transcript sentence 1 from Sophia Yamamoto.', 'en', 0, 8261, 0.95, 1),
('4fdb1cb3-360d-4926-96eb-bc53897d01c9', '6c9f3159-e2bf-4344-a1b9-238711a649a5', '0b3f3136-f16b-471e-a9b8-5326a1393185', 'Sophia Yamamoto', 'Sample transcript sentence 2 from Sophia Yamamoto.', 'en', 9139, 13121, 0.95, 2),
('4b000850-30e0-4e03-9cf4-acd95927a0a3', '6c9f3159-e2bf-4344-a1b9-238711a649a5', '568b513f-f718-4828-8663-3daf8074c8f7', 'Olivia Park', 'Sample transcript sentence 3 from Olivia Park.', 'en', 13943, 23196, 0.95, 3),
('07031d73-28f3-44ae-ae59-0a1d89d64f3c', '6c9f3159-e2bf-4344-a1b9-238711a649a5', '568b513f-f718-4828-8663-3daf8074c8f7', 'Olivia Park', 'Sample transcript sentence 4 from Olivia Park.', 'en', 24561, 31488, 0.95, 4),
('890d11e8-bd42-43b9-a499-23f2020be7ec', '6c9f3159-e2bf-4344-a1b9-238711a649a5', '568b513f-f718-4828-8663-3daf8074c8f7', 'Olivia Park', 'Sample transcript sentence 5 from Olivia Park.', 'en', 33266, 41185, 0.95, 5),
('8da8b772-6a57-42e5-9e37-1087c4c66eb4', '6c9f3159-e2bf-4344-a1b9-238711a649a5', '0b3f3136-f16b-471e-a9b8-5326a1393185', 'Sophia Yamamoto', 'Sample transcript sentence 6 from Sophia Yamamoto.', 'en', 42383, 46181, 0.95, 6),
('bd7c5a0f-3ae4-45e9-a7dd-75a9fe8cf8d3', '6c9f3159-e2bf-4344-a1b9-238711a649a5', '568b513f-f718-4828-8663-3daf8074c8f7', 'Olivia Park', 'Sample transcript sentence 7 from Olivia Park.', 'en', 47228, 50595, 0.95, 7),
('0c61addb-4e92-47ce-a7b4-d3645a90fc3a', '6c9f3159-e2bf-4344-a1b9-238711a649a5', '0b3f3136-f16b-471e-a9b8-5326a1393185', 'Sophia Yamamoto', 'Sample transcript sentence 8 from Sophia Yamamoto.', 'en', 51271, 57238, 0.95, 8),
('0e5dd028-9d66-4e2a-808a-bf183b9443cc', '6c9f3159-e2bf-4344-a1b9-238711a649a5', '0b3f3136-f16b-471e-a9b8-5326a1393185', 'Sophia Yamamoto', 'Sample transcript sentence 9 from Sophia Yamamoto.', 'en', 59079, 63076, 0.95, 9),
('00acec24-49a3-4b3b-889a-115687cabdf5', '6c9f3159-e2bf-4344-a1b9-238711a649a5', '0b3f3136-f16b-471e-a9b8-5326a1393185', 'Sophia Yamamoto', 'Sample transcript sentence 10 from Sophia Yamamoto.', 'en', 64811, 73331, 0.95, 10),
('73f673a8-819f-4d0a-aee3-b269e67a377b', 'a92799c9-9c06-4557-91f7-1b33e036bd6c', '420081f3-4166-426e-8b5b-2df4e6a74cf4', 'Noah Yamamoto', 'Sample transcript sentence 1 from Noah Yamamoto.', 'en', 0, 5844, 0.95, 1),
('99f9b1bf-f080-4ccd-a03a-6fcd9bcbc858', 'a92799c9-9c06-4557-91f7-1b33e036bd6c', 'ac6ae1f7-cb41-42d3-bbc4-26877f28a1f7', 'Elena Rossi', 'Sample transcript sentence 2 from Elena Rossi.', 'en', 6693, 9969, 0.95, 2),
('ff3e9d4c-47f7-469d-abe3-761bcc1fef6d', 'a92799c9-9c06-4557-91f7-1b33e036bd6c', 'c893118e-245c-4d90-a298-119cfa41690f', 'Jiwoo Davis', 'Sample transcript sentence 3 from Jiwoo Davis.', 'en', 11281, 14124, 0.95, 3),
('9f3bd31f-81d3-42e0-a49a-aea3f45c84fa', 'a92799c9-9c06-4557-91f7-1b33e036bd6c', '420081f3-4166-426e-8b5b-2df4e6a74cf4', 'Noah Yamamoto', 'Sample transcript sentence 4 from Noah Yamamoto.', 'en', 15926, 24112, 0.95, 4),
('c15296e9-6691-45b4-b0a2-dcc19d86b5ad', 'a92799c9-9c06-4557-91f7-1b33e036bd6c', '4285db88-6258-454a-9716-269cdff7fec3', 'Liam Chen', 'Sample transcript sentence 5 from Liam Chen.', 'en', 24658, 33847, 0.95, 5),
('38ff86f1-64e3-48f0-b7c4-ab37131855bb', 'a92799c9-9c06-4557-91f7-1b33e036bd6c', '0dc52f43-61a0-4a98-adbe-0c5133916a5e', 'Sophia Yamamoto', 'Sample transcript sentence 6 from Sophia Yamamoto.', 'en', 34911, 43058, 0.95, 6),
('4ab7a400-bc15-4b02-95bd-8003f2d3b4cf', 'a92799c9-9c06-4557-91f7-1b33e036bd6c', 'ac6ae1f7-cb41-42d3-bbc4-26877f28a1f7', 'Elena Rossi', 'Sample transcript sentence 7 from Elena Rossi.', 'en', 44623, 51541, 0.95, 7),
('61530b6f-addc-42af-9d31-33d26f3d1267', 'a92799c9-9c06-4557-91f7-1b33e036bd6c', '4285db88-6258-454a-9716-269cdff7fec3', 'Liam Chen', 'Sample transcript sentence 8 from Liam Chen.', 'en', 53106, 61426, 0.95, 8),
('1f9eec62-0cce-4592-9303-1de5c562c75e', 'a92799c9-9c06-4557-91f7-1b33e036bd6c', '4285db88-6258-454a-9716-269cdff7fec3', 'Liam Chen', 'Sample transcript sentence 9 from Liam Chen.', 'en', 63038, 72969, 0.95, 9),
('c60542c7-3c9f-4a79-938f-33a170ebf3cc', 'a92799c9-9c06-4557-91f7-1b33e036bd6c', '0dc52f43-61a0-4a98-adbe-0c5133916a5e', 'Sophia Yamamoto', 'Sample transcript sentence 10 from Sophia Yamamoto.', 'en', 73866, 76423, 0.95, 10),
('97d3ce1b-a8ac-48f3-94dc-f0c19c765f6a', 'd618a8b3-d869-4460-ad88-ad94bea7fcd6', '300f3cc1-dd66-4439-be95-76fb972c1b17', 'William Johnson', 'Sample transcript sentence 1 from William Johnson.', 'en', 0, 4828, 0.95, 1),
('902d5473-45b4-46af-be25-75b5ff0aff98', 'd618a8b3-d869-4460-ad88-ad94bea7fcd6', '2f2347e4-40a3-4946-a712-7f7db3d8eee0', 'James Rodriguez', 'Sample transcript sentence 2 from James Rodriguez.', 'en', 6450, 13374, 0.95, 2),
('c64f650a-0698-4c2d-98f0-aa01be5708d2', 'd618a8b3-d869-4460-ad88-ad94bea7fcd6', '3d1507a1-9f45-4b75-9731-e405d3c40df2', 'Elena Rossi', 'Sample transcript sentence 3 from Elena Rossi.', 'en', 14814, 18318, 0.95, 3),
('2b7c46f4-546e-4824-921d-b8b31865d88b', 'd618a8b3-d869-4460-ad88-ad94bea7fcd6', '11f08c60-5dbf-44af-af6f-bd1843b01a86', 'Noah Yamamoto', 'Sample transcript sentence 4 from Noah Yamamoto.', 'en', 20116, 22130, 0.95, 4),
('5ecd507a-00a3-496d-b630-ca57e98937f3', 'd618a8b3-d869-4460-ad88-ad94bea7fcd6', 'b5ee738d-d5b0-4e22-8d22-caea45ea3f0d', 'Takashi Davis', 'Sample transcript sentence 5 from Takashi Davis.', 'en', 24070, 33124, 0.95, 5),
('78eeb31f-d089-4b6d-b58d-a8dd1f186753', 'd618a8b3-d869-4460-ad88-ad94bea7fcd6', '9b7fd461-b582-4bb2-82ae-06f0e9d37fa3', 'Liam Chen', 'Sample transcript sentence 6 from Liam Chen.', 'en', 34701, 40356, 0.95, 6),
('d19ea669-bff7-434e-9c1a-b3de8aec8be2', 'd618a8b3-d869-4460-ad88-ad94bea7fcd6', '300f3cc1-dd66-4439-be95-76fb972c1b17', 'William Johnson', 'Sample transcript sentence 7 from William Johnson.', 'en', 42287, 44806, 0.95, 7),
('5f61d090-de25-4903-8779-d2e436d5ddb0', 'd618a8b3-d869-4460-ad88-ad94bea7fcd6', '2f2347e4-40a3-4946-a712-7f7db3d8eee0', 'James Rodriguez', 'Sample transcript sentence 8 from James Rodriguez.', 'en', 46277, 50225, 0.95, 8),
('1940a432-19b6-4ddb-a789-c2d1e99233a2', 'd618a8b3-d869-4460-ad88-ad94bea7fcd6', '2f2347e4-40a3-4946-a712-7f7db3d8eee0', 'James Rodriguez', 'Sample transcript sentence 9 from James Rodriguez.', 'en', 50739, 58004, 0.95, 9),
('51fd481e-d202-4f2f-8cda-37152a9af5f9', 'd618a8b3-d869-4460-ad88-ad94bea7fcd6', '2f2347e4-40a3-4946-a712-7f7db3d8eee0', 'James Rodriguez', 'Sample transcript sentence 10 from James Rodriguez.', 'en', 59100, 66302, 0.95, 10),
('4bf08520-2bd4-48d9-b2c4-3dcaadbbf91c', '4301fc15-d1bf-4f4c-8dce-777a2d23bd12', '897d0a41-64f3-4072-b747-0126dfb81674', 'James Williams', 'Sample transcript sentence 1 from James Williams.', 'en', 0, 4973, 0.95, 1),
('7f50b276-928d-455b-9a04-8a7424bae701', '4301fc15-d1bf-4f4c-8dce-777a2d23bd12', 'c92f1f27-1bb7-4ca9-87cc-0d8359908e7e', 'Noah Hernandez', 'Sample transcript sentence 2 from Noah Hernandez.', 'en', 6031, 15729, 0.95, 2),
('ad4a70a4-9260-4d6d-b3f5-0edc67945780', '4301fc15-d1bf-4f4c-8dce-777a2d23bd12', '5c08a151-487f-4928-a529-ad66e8a1384f', 'Takashi Davis', 'Sample transcript sentence 3 from Takashi Davis.', 'en', 17519, 20024, 0.95, 3),
('653f5c9b-0f9d-4c2e-9fff-518df0547329', '4301fc15-d1bf-4f4c-8dce-777a2d23bd12', '897d0a41-64f3-4072-b747-0126dfb81674', 'James Williams', 'Sample transcript sentence 4 from James Williams.', 'en', 20851, 25362, 0.95, 4),
('631af56f-a2e3-4f5b-8046-f20308137a2a', '4301fc15-d1bf-4f4c-8dce-777a2d23bd12', '5c08a151-487f-4928-a529-ad66e8a1384f', 'Takashi Davis', 'Sample transcript sentence 5 from Takashi Davis.', 'en', 26302, 30989, 0.95, 5),
('f0b8febe-d7b3-4a02-8240-2de8623c19e2', '4301fc15-d1bf-4f4c-8dce-777a2d23bd12', 'c92f1f27-1bb7-4ca9-87cc-0d8359908e7e', 'Noah Hernandez', 'Sample transcript sentence 6 from Noah Hernandez.', 'en', 32826, 37165, 0.95, 6),
('d2f2a91a-4435-4c24-aaa7-cfa6f39990f2', '4301fc15-d1bf-4f4c-8dce-777a2d23bd12', '5c08a151-487f-4928-a529-ad66e8a1384f', 'Takashi Davis', 'Sample transcript sentence 7 from Takashi Davis.', 'en', 38033, 47030, 0.95, 7),
('3ee21df9-66a4-47d6-b8b5-6fbc216ac6e3', '4301fc15-d1bf-4f4c-8dce-777a2d23bd12', '5c08a151-487f-4928-a529-ad66e8a1384f', 'Takashi Davis', 'Sample transcript sentence 8 from Takashi Davis.', 'en', 47733, 52791, 0.95, 8),
('5383e675-9ac7-49b7-b8e7-59b3fd2724c8', '4301fc15-d1bf-4f4c-8dce-777a2d23bd12', '5c08a151-487f-4928-a529-ad66e8a1384f', 'Takashi Davis', 'Sample transcript sentence 9 from Takashi Davis.', 'en', 54686, 60952, 0.95, 9),
('1fe0fbab-dc2b-4155-894e-165d4304eb25', '4301fc15-d1bf-4f4c-8dce-777a2d23bd12', 'c92f1f27-1bb7-4ca9-87cc-0d8359908e7e', 'Noah Hernandez', 'Sample transcript sentence 10 from Noah Hernandez.', 'en', 62302, 66406, 0.95, 10),
('1041882b-6634-432c-a34a-14a3a163a187', '09d82609-9895-41e4-ae9d-d4ff9d2e209a', 'bc0fa056-0954-421f-8657-6ea106aeadc3', 'Isabella Hernandez', 'Sample transcript sentence 1 from Isabella Hernandez.', 'en', 0, 9454, 0.95, 1),
('70c31426-f997-4295-967b-496d1448af9d', '09d82609-9895-41e4-ae9d-d4ff9d2e209a', '9456a525-2777-4645-8250-e23d53b821ae', 'James Johnson', 'Sample transcript sentence 2 from James Johnson.', 'en', 10141, 17557, 0.95, 2),
('12c6c3a0-991a-477b-9981-51b4aa41d6ed', '09d82609-9895-41e4-ae9d-d4ff9d2e209a', '9456a525-2777-4645-8250-e23d53b821ae', 'James Johnson', 'Sample transcript sentence 3 from James Johnson.', 'en', 19175, 25334, 0.95, 3),
('5e8c9c0f-4ce3-4111-a8e1-f7c1b2ab4da6', '09d82609-9895-41e4-ae9d-d4ff9d2e209a', 'd5b0b830-0c0b-4424-a1b9-2f85989dd238', 'James Williams', 'Sample transcript sentence 4 from James Williams.', 'en', 26828, 33022, 0.95, 4),
('ff07699e-e845-480d-a1ed-00b95d2be09f', '09d82609-9895-41e4-ae9d-d4ff9d2e209a', 'd5b0b830-0c0b-4424-a1b9-2f85989dd238', 'James Williams', 'Sample transcript sentence 5 from James Williams.', 'en', 34442, 40863, 0.95, 5),
('25ee1469-e9e4-4826-bc10-0393e3cdffa2', '09d82609-9895-41e4-ae9d-d4ff9d2e209a', 'bc0fa056-0954-421f-8657-6ea106aeadc3', 'Isabella Hernandez', 'Sample transcript sentence 6 from Isabella Hernandez.', 'en', 42188, 48273, 0.95, 6),
('c43835e1-3e57-409b-b552-957c45c57ec3', '09d82609-9895-41e4-ae9d-d4ff9d2e209a', '9456a525-2777-4645-8250-e23d53b821ae', 'James Johnson', 'Sample transcript sentence 7 from James Johnson.', 'en', 48798, 50883, 0.95, 7),
('c2c661c6-3c0a-42d5-b9ee-1ffb463af511', '09d82609-9895-41e4-ae9d-d4ff9d2e209a', '03b009e2-d182-4042-bd62-89cf14ac520c', 'Olivia Rossi', 'Sample transcript sentence 8 from Olivia Rossi.', 'en', 52457, 61300, 0.95, 8),
('2b0bc015-ad26-4fde-af7a-1904a21c07cf', '09d82609-9895-41e4-ae9d-d4ff9d2e209a', 'bc0fa056-0954-421f-8657-6ea106aeadc3', 'Isabella Hernandez', 'Sample transcript sentence 9 from Isabella Hernandez.', 'en', 63048, 66674, 0.95, 9),
('f4bf5633-fa82-439e-a683-c27bbbb5c50a', '09d82609-9895-41e4-ae9d-d4ff9d2e209a', 'd5b0b830-0c0b-4424-a1b9-2f85989dd238', 'James Williams', 'Sample transcript sentence 10 from James Williams.', 'en', 68401, 73650, 0.95, 10),
('40dba8df-90c0-46b5-8f80-91cd61fd1e76', '64df730b-3765-4dc2-9cca-08db1da7d14b', '4c2b0b4c-0f60-4feb-befa-c0b9074e9a9e', 'Sarah Hernandez', 'Sample transcript sentence 1 from Sarah Hernandez.', 'en', 0, 2690, 0.95, 1),
('a5aed15d-6fdc-4bcf-8619-a6bd7c786c79', '64df730b-3765-4dc2-9cca-08db1da7d14b', '4c2b0b4c-0f60-4feb-befa-c0b9074e9a9e', 'Sarah Hernandez', 'Sample transcript sentence 2 from Sarah Hernandez.', 'en', 4624, 6815, 0.95, 2),
('f082e467-8780-423a-b129-f9e87d1852be', '64df730b-3765-4dc2-9cca-08db1da7d14b', '9848d750-a4ab-41b0-92c9-c5b670c17855', 'Olivia Park', 'Sample transcript sentence 3 from Olivia Park.', 'en', 7635, 16357, 0.95, 3),
('c2156a14-bb74-478d-8e8e-5121c37dbc11', '64df730b-3765-4dc2-9cca-08db1da7d14b', 'bd0d0fac-dc54-4ca1-90f2-8d2d9aad6672', 'Elena Yamamoto', 'Sample transcript sentence 4 from Elena Yamamoto.', 'en', 17115, 21852, 0.95, 4),
('d2ddbd74-1c86-4b23-bb95-edf663e62299', '64df730b-3765-4dc2-9cca-08db1da7d14b', 'b02b0a1c-f32b-4713-b13a-2c22e972b8b7', 'William Johnson', 'Sample transcript sentence 5 from William Johnson.', 'en', 23372, 28560, 0.95, 5),
('b7753eb9-58e1-4454-9099-58da27804200', '64df730b-3765-4dc2-9cca-08db1da7d14b', 'b02b0a1c-f32b-4713-b13a-2c22e972b8b7', 'William Johnson', 'Sample transcript sentence 6 from William Johnson.', 'en', 29286, 31471, 0.95, 6),
('2e7099ab-e82b-4b0e-86e7-266fe6cfff10', '64df730b-3765-4dc2-9cca-08db1da7d14b', '4695c0ab-35b7-490f-9fbf-6063bd023b6c', 'Olivia Rossi', 'Sample transcript sentence 7 from Olivia Rossi.', 'en', 33271, 35281, 0.95, 7),
('f276082b-21a5-49a9-9654-0f31b700fca2', '64df730b-3765-4dc2-9cca-08db1da7d14b', '38b22e67-d027-4ed7-a510-f62fb35dfac3', 'Lucas Hernandez', 'Sample transcript sentence 8 from Lucas Hernandez.', 'en', 36481, 45301, 0.95, 8),
('adb71096-5d9c-4132-8df2-28a305b31305', '64df730b-3765-4dc2-9cca-08db1da7d14b', '8bcbd994-fa86-4e6f-b65a-03af3779449e', 'James Garcia', 'Sample transcript sentence 9 from James Garcia.', 'en', 45827, 47844, 0.95, 9),
('2cf99c7a-7dd1-4f8f-acb5-c69a50a29521', '64df730b-3765-4dc2-9cca-08db1da7d14b', '4695c0ab-35b7-490f-9fbf-6063bd023b6c', 'Olivia Rossi', 'Sample transcript sentence 10 from Olivia Rossi.', 'en', 49124, 57708, 0.95, 10),
('3f00fbdc-48f2-4ff4-9105-8e1bad6102e9', 'efde7ca2-f863-4e96-a14b-7eb9cfc096ec', '2b1b2225-12c0-4c73-b88a-2c44084c84ac', 'Noah Hernandez', 'Sample transcript sentence 1 from Noah Hernandez.', 'en', 0, 9204, 0.95, 1),
('2a7e7aca-bfd1-462b-ad9b-993739378e6e', 'efde7ca2-f863-4e96-a14b-7eb9cfc096ec', 'be63405f-514d-4fe0-9b5d-8ad512525444', 'John Jones', 'Sample transcript sentence 2 from John Jones.', 'en', 10461, 17902, 0.95, 2),
('952c3262-9e6c-423f-b811-4b985fc931d4', 'efde7ca2-f863-4e96-a14b-7eb9cfc096ec', 'be63405f-514d-4fe0-9b5d-8ad512525444', 'John Jones', 'Sample transcript sentence 3 from John Jones.', 'en', 19288, 25042, 0.95, 3),
('5fbbcb74-e36b-4b11-bc42-9081548f575b', 'efde7ca2-f863-4e96-a14b-7eb9cfc096ec', '2b1b2225-12c0-4c73-b88a-2c44084c84ac', 'Noah Hernandez', 'Sample transcript sentence 4 from Noah Hernandez.', 'en', 26302, 34375, 0.95, 4),
('2afa732d-f0ab-4dfc-976e-98525f81986d', 'efde7ca2-f863-4e96-a14b-7eb9cfc096ec', '09162cb8-192c-4e9d-983c-23f43e556645', 'Sarah Tran', 'Sample transcript sentence 5 from Sarah Tran.', 'en', 35377, 39509, 0.95, 5),
('1bb4d8ca-2633-4ea2-a205-31e4e60c668b', 'efde7ca2-f863-4e96-a14b-7eb9cfc096ec', '09162cb8-192c-4e9d-983c-23f43e556645', 'Sarah Tran', 'Sample transcript sentence 6 from Sarah Tran.', 'en', 41110, 48921, 0.95, 6),
('c6ddcfbe-6407-4207-92b2-944fe75bcc04', 'efde7ca2-f863-4e96-a14b-7eb9cfc096ec', '09162cb8-192c-4e9d-983c-23f43e556645', 'Sarah Tran', 'Sample transcript sentence 7 from Sarah Tran.', 'en', 50422, 58281, 0.95, 7),
('22184d75-6ece-488d-b704-77be71072f8f', 'efde7ca2-f863-4e96-a14b-7eb9cfc096ec', '09162cb8-192c-4e9d-983c-23f43e556645', 'Sarah Tran', 'Sample transcript sentence 8 from Sarah Tran.', 'en', 59853, 69439, 0.95, 8),
('0c511324-3633-4bd7-8742-342d48ff5947', 'efde7ca2-f863-4e96-a14b-7eb9cfc096ec', '2b1b2225-12c0-4c73-b88a-2c44084c84ac', 'Noah Hernandez', 'Sample transcript sentence 9 from Noah Hernandez.', 'en', 70259, 74082, 0.95, 9),
('6ee9d066-d2f1-4845-ad63-d9a3b40d0efc', 'efde7ca2-f863-4e96-a14b-7eb9cfc096ec', 'be63405f-514d-4fe0-9b5d-8ad512525444', 'John Jones', 'Sample transcript sentence 10 from John Jones.', 'en', 75698, 82218, 0.95, 10),
('0f549e05-9f04-409d-af76-4670d07a89a2', '10139a45-e63f-430f-bbcb-6a69ea91ad19', 'b5be4e0b-9bd6-48c4-9290-43af63eb0afd', 'James Garcia', 'Sample transcript sentence 1 from James Garcia.', 'en', 0, 3402, 0.95, 1),
('3c4900e7-ac74-4fa2-8c44-cfcffb3f9335', '10139a45-e63f-430f-bbcb-6a69ea91ad19', 'a55cb220-e5f4-4933-9ead-3e457c2007db', 'John Jones', 'Sample transcript sentence 2 from John Jones.', 'en', 4398, 8033, 0.95, 2),
('b4a5c5aa-f0de-48e2-8d21-a166261dea9d', '10139a45-e63f-430f-bbcb-6a69ea91ad19', 'a55cb220-e5f4-4933-9ead-3e457c2007db', 'John Jones', 'Sample transcript sentence 3 from John Jones.', 'en', 9930, 14780, 0.95, 3),
('7715f51b-6c1f-4198-b010-3e2e38c1dafa', '10139a45-e63f-430f-bbcb-6a69ea91ad19', 'ad6b372b-9d69-41e5-9c87-760f7bdd05a1', 'Isabella Hernandez', 'Sample transcript sentence 4 from Isabella Hernandez.', 'en', 16765, 22042, 0.95, 4),
('f119ca38-1080-4dc9-83df-8d69401ae825', '10139a45-e63f-430f-bbcb-6a69ea91ad19', 'f8d53d1d-976e-4954-a981-86d1c54fd144', 'Olivia Rossi', 'Sample transcript sentence 5 from Olivia Rossi.', 'en', 22853, 27850, 0.95, 5),
('d1fdb5bf-9cc7-4c6c-9521-e7f87602056b', '10139a45-e63f-430f-bbcb-6a69ea91ad19', 'a55cb220-e5f4-4933-9ead-3e457c2007db', 'John Jones', 'Sample transcript sentence 6 from John Jones.', 'en', 28645, 35198, 0.95, 6),
('308d80e1-994b-4a34-9e85-2815cb17bba0', '10139a45-e63f-430f-bbcb-6a69ea91ad19', 'a55cb220-e5f4-4933-9ead-3e457c2007db', 'John Jones', 'Sample transcript sentence 7 from John Jones.', 'en', 36435, 38581, 0.95, 7),
('480a7958-f460-4fdf-9615-95d6fa1b9e86', '10139a45-e63f-430f-bbcb-6a69ea91ad19', 'f8d53d1d-976e-4954-a981-86d1c54fd144', 'Olivia Rossi', 'Sample transcript sentence 8 from Olivia Rossi.', 'en', 39881, 49263, 0.95, 8),
('66fa8335-6fe4-4e20-bf51-375c7d4dc06d', '10139a45-e63f-430f-bbcb-6a69ea91ad19', '5206b692-a6cd-43d9-b252-00320d03a2bf', 'James Rodriguez', 'Sample transcript sentence 9 from James Rodriguez.', 'en', 50394, 57155, 0.95, 9),
('c6850ce0-aa60-4e5d-907f-b8273b22efe7', '10139a45-e63f-430f-bbcb-6a69ea91ad19', 'a55cb220-e5f4-4933-9ead-3e457c2007db', 'John Jones', 'Sample transcript sentence 10 from John Jones.', 'en', 58975, 65574, 0.95, 10),
('3d77dd91-5ffe-406c-a64e-70bd04989fac', 'aa11dd5e-ef4f-4751-861a-6fecf3713031', '4fc9bab1-2555-489e-9422-0411b7948466', 'James Garcia', 'Sample transcript sentence 1 from James Garcia.', 'en', 0, 3600, 0.95, 1),
('583ee4c1-e432-4400-8f18-b4ea4845db0a', 'aa11dd5e-ef4f-4751-861a-6fecf3713031', 'a4999e1a-19c6-49fe-9a13-caa93cf3ba7d', 'Sarah Hernandez', 'Sample transcript sentence 2 from Sarah Hernandez.', 'en', 5440, 14962, 0.95, 2),
('38a0404b-8748-4edc-830f-6aeb813893b3', 'aa11dd5e-ef4f-4751-861a-6fecf3713031', '10eed5ab-8092-491c-af2b-aaa73296afeb', 'Alex Rossi', 'Sample transcript sentence 3 from Alex Rossi.', 'en', 16737, 19050, 0.95, 3),
('e4ceb4ab-cdb9-4e90-8ecb-93d00fe46f4b', 'aa11dd5e-ef4f-4751-861a-6fecf3713031', '10eed5ab-8092-491c-af2b-aaa73296afeb', 'Alex Rossi', 'Sample transcript sentence 4 from Alex Rossi.', 'en', 20441, 26956, 0.95, 4),
('454c87ff-b049-4593-80c1-a91e1be2346e', 'aa11dd5e-ef4f-4751-861a-6fecf3713031', '4167d694-f6c4-46ea-9e67-4b2793cfa8c0', 'Elena Yamamoto', 'Sample transcript sentence 5 from Elena Yamamoto.', 'en', 28203, 36404, 0.95, 5),
('65f8e4f2-efb2-4d0d-8860-6349af3858e6', 'aa11dd5e-ef4f-4751-861a-6fecf3713031', '18a49bc1-94ed-4111-8873-1c8ed4d97c75', 'Isabella Hernandez', 'Sample transcript sentence 6 from Isabella Hernandez.', 'en', 37765, 45547, 0.95, 6),
('20d65e05-c648-4909-9e56-b40e746d468e', 'aa11dd5e-ef4f-4751-861a-6fecf3713031', '18a49bc1-94ed-4111-8873-1c8ed4d97c75', 'Isabella Hernandez', 'Sample transcript sentence 7 from Isabella Hernandez.', 'en', 46850, 55947, 0.95, 7),
('607fc1d5-a8a5-4c15-bc14-c7903202631b', 'aa11dd5e-ef4f-4751-861a-6fecf3713031', '4eea1af3-9c44-41e8-bffb-6fa7b08d2375', 'Noah Hernandez', 'Sample transcript sentence 8 from Noah Hernandez.', 'en', 57211, 62295, 0.95, 8),
('b8489d7e-2e30-4c33-9a29-0738e54f1cf5', 'aa11dd5e-ef4f-4751-861a-6fecf3713031', '10eed5ab-8092-491c-af2b-aaa73296afeb', 'Alex Rossi', 'Sample transcript sentence 9 from Alex Rossi.', 'en', 64113, 67696, 0.95, 9),
('6991ac1b-61e1-4942-8b75-9f913a951b69', 'aa11dd5e-ef4f-4751-861a-6fecf3713031', '4eea1af3-9c44-41e8-bffb-6fa7b08d2375', 'Noah Hernandez', 'Sample transcript sentence 10 from Noah Hernandez.', 'en', 69348, 73014, 0.95, 10),
('fde354fd-9901-4ed3-8eec-05f435a99f16', '1b6cd95c-8a66-432b-aca4-5f8c3225415b', 'dd7b044a-ac9d-4e35-a6c6-666b1db76c95', 'Olivia Park', 'Sample transcript sentence 1 from Olivia Park.', 'en', 0, 6835, 0.95, 1),
('eacd29e8-f0d3-4004-906b-a9b7c956ade4', '1b6cd95c-8a66-432b-aca4-5f8c3225415b', '1dbb602a-28ee-4b82-8db4-1667e7d0b5db', 'Olivia Rossi', 'Sample transcript sentence 2 from Olivia Rossi.', 'en', 8341, 18065, 0.95, 2),
('bcc4e3e6-dc10-44db-8632-38d72f04f0c4', '1b6cd95c-8a66-432b-aca4-5f8c3225415b', '580c1715-c7b0-46c0-94b6-ad7abe975657', 'Lucas Hernandez', 'Sample transcript sentence 3 from Lucas Hernandez.', 'en', 19757, 29433, 0.95, 3),
('03996366-9949-4cef-8995-1e2dafbfcd82', '1b6cd95c-8a66-432b-aca4-5f8c3225415b', 'c976f0c3-720d-4131-8b38-051ef40d988b', 'Sarah Tran', 'Sample transcript sentence 4 from Sarah Tran.', 'en', 30470, 39611, 0.95, 4),
('2e7969ed-198b-46b2-9e50-e879becb1176', '1b6cd95c-8a66-432b-aca4-5f8c3225415b', 'c1d049ad-2d8f-419e-ac0c-46958d225e7a', 'Sarah Hernandez', 'Sample transcript sentence 5 from Sarah Hernandez.', 'en', 40428, 47505, 0.95, 5),
('c6ec0e5e-4abc-417c-971d-1d37bfbfe841', '1b6cd95c-8a66-432b-aca4-5f8c3225415b', '1dbb602a-28ee-4b82-8db4-1667e7d0b5db', 'Olivia Rossi', 'Sample transcript sentence 6 from Olivia Rossi.', 'en', 48581, 55677, 0.95, 6),
('9c69eeb2-5a74-4920-90c3-175de3027d35', '1b6cd95c-8a66-432b-aca4-5f8c3225415b', 'dd7b044a-ac9d-4e35-a6c6-666b1db76c95', 'Olivia Park', 'Sample transcript sentence 7 from Olivia Park.', 'en', 56269, 60557, 0.95, 7),
('5f259751-aaa1-4a38-8258-43a33045ae2d', '1b6cd95c-8a66-432b-aca4-5f8c3225415b', 'dd7b044a-ac9d-4e35-a6c6-666b1db76c95', 'Olivia Park', 'Sample transcript sentence 8 from Olivia Park.', 'en', 62306, 66339, 0.95, 8),
('3a4aae5f-9a63-446a-94cb-9bdacb8000c6', '1b6cd95c-8a66-432b-aca4-5f8c3225415b', '4269b0c0-8ebf-4538-88f2-4bbd15b5e5a2', 'Isabella Hernandez', 'Sample transcript sentence 9 from Isabella Hernandez.', 'en', 68074, 74259, 0.95, 9),
('57507d23-2647-4367-b5de-702f5c28d938', '1b6cd95c-8a66-432b-aca4-5f8c3225415b', '1dbb602a-28ee-4b82-8db4-1667e7d0b5db', 'Olivia Rossi', 'Sample transcript sentence 10 from Olivia Rossi.', 'en', 75419, 82520, 0.95, 10),
('7d4f7928-766b-4fbb-b065-a592c26fda6a', 'e4662cb6-d436-4b82-b5cd-47610ed33e57', 'a384d9d4-0620-4d4e-8533-2c4518554cd8', 'Emma Johnson', 'Sample transcript sentence 1 from Emma Johnson.', 'en', 0, 4027, 0.95, 1),
('11399eba-0202-4ced-bc70-e5a5e788e21b', 'e4662cb6-d436-4b82-b5cd-47610ed33e57', '4fd1c049-2a06-4b85-89c2-e6df797655a5', 'Sarah Tran', 'Sample transcript sentence 2 from Sarah Tran.', 'en', 5162, 11736, 0.95, 2),
('27ec2eb6-3a0a-4406-b483-578f24904774', 'e4662cb6-d436-4b82-b5cd-47610ed33e57', '4fd1c049-2a06-4b85-89c2-e6df797655a5', 'Sarah Tran', 'Sample transcript sentence 3 from Sarah Tran.', 'en', 13720, 18365, 0.95, 3),
('08f924bb-df05-4dea-a647-28e83a774cbf', 'e4662cb6-d436-4b82-b5cd-47610ed33e57', '349dfbbf-3e73-4964-8956-d721a5753860', 'Isabella Hernandez', 'Sample transcript sentence 4 from Isabella Hernandez.', 'en', 20016, 23298, 0.95, 4),
('7ec6183a-2d84-4376-9858-fa9d913fdf8a', 'e4662cb6-d436-4b82-b5cd-47610ed33e57', '349dfbbf-3e73-4964-8956-d721a5753860', 'Isabella Hernandez', 'Sample transcript sentence 5 from Isabella Hernandez.', 'en', 24710, 33571, 0.95, 5),
('bc15fe29-91cc-4d46-b00b-dc200d7bfd71', 'e4662cb6-d436-4b82-b5cd-47610ed33e57', '349dfbbf-3e73-4964-8956-d721a5753860', 'Isabella Hernandez', 'Sample transcript sentence 6 from Isabella Hernandez.', 'en', 35570, 39606, 0.95, 6),
('ac4f380f-d9c3-4e3e-ac10-c671fb4c66a6', 'e4662cb6-d436-4b82-b5cd-47610ed33e57', 'a384d9d4-0620-4d4e-8533-2c4518554cd8', 'Emma Johnson', 'Sample transcript sentence 7 from Emma Johnson.', 'en', 41409, 46197, 0.95, 7),
('633aa60a-2d69-4505-9440-afab8fbbe602', 'e4662cb6-d436-4b82-b5cd-47610ed33e57', 'a384d9d4-0620-4d4e-8533-2c4518554cd8', 'Emma Johnson', 'Sample transcript sentence 8 from Emma Johnson.', 'en', 47765, 57090, 0.95, 8),
('0f4beb05-3537-4d95-b17f-bf29e3b4614c', 'e4662cb6-d436-4b82-b5cd-47610ed33e57', 'a384d9d4-0620-4d4e-8533-2c4518554cd8', 'Emma Johnson', 'Sample transcript sentence 9 from Emma Johnson.', 'en', 58250, 63694, 0.95, 9),
('ac071fa5-f85d-494d-894a-4dda634103c1', 'e4662cb6-d436-4b82-b5cd-47610ed33e57', '349dfbbf-3e73-4964-8956-d721a5753860', 'Isabella Hernandez', 'Sample transcript sentence 10 from Isabella Hernandez.', 'en', 64368, 69554, 0.95, 10),
('8928cb08-0fb2-4b51-b2f7-fdd262ebf73b', '8f6f0448-b235-4849-a0e6-83ea3c159f2d', '22a5bd33-7912-44b7-8ab6-d867f4b5682e', 'Emma Johnson', 'Sample transcript sentence 1 from Emma Johnson.', 'en', 0, 7217, 0.95, 1),
('50afa36c-fc12-46af-b7ee-2014a218ede8', '8f6f0448-b235-4849-a0e6-83ea3c159f2d', '22a5bd33-7912-44b7-8ab6-d867f4b5682e', 'Emma Johnson', 'Sample transcript sentence 2 from Emma Johnson.', 'en', 8028, 13571, 0.95, 2),
('dcba18a0-1a90-41f5-9bfe-b60ae40aaa3c', '8f6f0448-b235-4849-a0e6-83ea3c159f2d', '22a5bd33-7912-44b7-8ab6-d867f4b5682e', 'Emma Johnson', 'Sample transcript sentence 3 from Emma Johnson.', 'en', 15290, 21191, 0.95, 3),
('675b8959-aaf5-4a99-93ec-799201196c8c', '8f6f0448-b235-4849-a0e6-83ea3c159f2d', 'c62340db-eff2-49cf-8ea9-9df72cca0333', 'John Jones', 'Sample transcript sentence 4 from John Jones.', 'en', 22076, 30381, 0.95, 4),
('b3b0833f-362c-4c48-8415-02be80a88077', '8f6f0448-b235-4849-a0e6-83ea3c159f2d', '22a5bd33-7912-44b7-8ab6-d867f4b5682e', 'Emma Johnson', 'Sample transcript sentence 5 from Emma Johnson.', 'en', 31543, 34737, 0.95, 5),
('4b7cebe9-85b0-4cd8-988e-d2acc4ef162b', '8f6f0448-b235-4849-a0e6-83ea3c159f2d', 'c62340db-eff2-49cf-8ea9-9df72cca0333', 'John Jones', 'Sample transcript sentence 6 from John Jones.', 'en', 35379, 41752, 0.95, 6),
('d5128d65-96e6-4935-9238-a2f929bc6e75', '8f6f0448-b235-4849-a0e6-83ea3c159f2d', '48a862c6-4369-43b1-a5bb-e2ecb2f8c6ca', 'Sarah Hernandez', 'Sample transcript sentence 7 from Sarah Hernandez.', 'en', 43572, 52060, 0.95, 7),
('230ac5fc-46b8-47f6-b931-1fcd7d24a7c3', '8f6f0448-b235-4849-a0e6-83ea3c159f2d', 'c62340db-eff2-49cf-8ea9-9df72cca0333', 'John Jones', 'Sample transcript sentence 8 from John Jones.', 'en', 53799, 60239, 0.95, 8),
('29388cc5-0f1c-43bd-805d-ffc7dc988d27', '8f6f0448-b235-4849-a0e6-83ea3c159f2d', '48a862c6-4369-43b1-a5bb-e2ecb2f8c6ca', 'Sarah Hernandez', 'Sample transcript sentence 9 from Sarah Hernandez.', 'en', 61859, 69616, 0.95, 9),
('e8de3e28-12ec-4b41-8bb7-30ff956bebcd', '8f6f0448-b235-4849-a0e6-83ea3c159f2d', '22a5bd33-7912-44b7-8ab6-d867f4b5682e', 'Emma Johnson', 'Sample transcript sentence 10 from Emma Johnson.', 'en', 70217, 73522, 0.95, 10),
('87a849ab-f040-4e48-8a15-8eddb5883716', 'd01a5af7-3852-42e9-ac77-edc1bf86b208', '442d7827-87f6-4891-864c-f8aa6a1ebe0d', 'James Lopez', 'Sample transcript sentence 1 from James Lopez.', 'en', 0, 9283, 0.95, 1),
('650a7de5-e065-457c-b798-42e21ad0bb3b', 'd01a5af7-3852-42e9-ac77-edc1bf86b208', 'af2dd08b-98a9-4d21-869c-2a35445b4886', 'Emma Johnson', 'Sample transcript sentence 2 from Emma Johnson.', 'en', 10040, 14105, 0.95, 2),
('a9cb900e-6cf1-44ea-967c-a9420d624107', 'd01a5af7-3852-42e9-ac77-edc1bf86b208', '442d7827-87f6-4891-864c-f8aa6a1ebe0d', 'James Lopez', 'Sample transcript sentence 3 from James Lopez.', 'en', 14928, 20551, 0.95, 3),
('8d5c4050-56dd-413c-acb6-480271ada446', 'd01a5af7-3852-42e9-ac77-edc1bf86b208', 'afab883b-d155-415f-b933-d2f4e01872c1', 'Sarah Hernandez', 'Sample transcript sentence 4 from Sarah Hernandez.', 'en', 21686, 28814, 0.95, 4),
('fc402e2c-0160-42e2-9d2f-c3362619712b', 'd01a5af7-3852-42e9-ac77-edc1bf86b208', '77a6d485-6d7d-424e-8b40-83c0b60a4d33', 'Alex Rossi', 'Sample transcript sentence 5 from Alex Rossi.', 'en', 30032, 32759, 0.95, 5),
('a1fdb083-f271-4dcb-9217-de246629c5ce', 'd01a5af7-3852-42e9-ac77-edc1bf86b208', '07ab818a-7ad2-48f1-a0b4-6ed4aa209592', 'Olivia Park', 'Sample transcript sentence 6 from Olivia Park.', 'en', 34527, 39249, 0.95, 6),
('88a73ec8-45e6-4d09-8209-a6d5dd71c480', 'd01a5af7-3852-42e9-ac77-edc1bf86b208', 'afab883b-d155-415f-b933-d2f4e01872c1', 'Sarah Hernandez', 'Sample transcript sentence 7 from Sarah Hernandez.', 'en', 40711, 44026, 0.95, 7),
('972475ed-c49c-438d-bb8f-655be17d4858', 'd01a5af7-3852-42e9-ac77-edc1bf86b208', '442d7827-87f6-4891-864c-f8aa6a1ebe0d', 'James Lopez', 'Sample transcript sentence 8 from James Lopez.', 'en', 45597, 49227, 0.95, 8),
('3534a1ee-1682-46f1-b2cd-e4b07c920b30', 'd01a5af7-3852-42e9-ac77-edc1bf86b208', 'af2dd08b-98a9-4d21-869c-2a35445b4886', 'Emma Johnson', 'Sample transcript sentence 9 from Emma Johnson.', 'en', 50788, 58052, 0.95, 9),
('b04717c8-3e4a-49ba-ae4d-0d5d02dcfeb9', 'd01a5af7-3852-42e9-ac77-edc1bf86b208', '07ab818a-7ad2-48f1-a0b4-6ed4aa209592', 'Olivia Park', 'Sample transcript sentence 10 from Olivia Park.', 'en', 59154, 67791, 0.95, 10),
('4eb73955-ac50-4291-803a-14524d560a89', '4af884b3-12a3-4c32-9592-2ff5bc9dd024', '34c18707-5a79-408b-8480-ed1a4b175235', 'James Rodriguez', 'Sample transcript sentence 1 from James Rodriguez.', 'en', 0, 6172, 0.95, 1),
('6ef26c6a-7213-4707-9b19-a0cd1df61d4c', '4af884b3-12a3-4c32-9592-2ff5bc9dd024', '3c968496-0cb3-4d43-84f4-947bb69fd3ba', 'Sarah Tran', 'Sample transcript sentence 2 from Sarah Tran.', 'en', 7691, 11372, 0.95, 2),
('19c57d20-c8fa-45b0-98d5-4dccf61f89b2', '4af884b3-12a3-4c32-9592-2ff5bc9dd024', '3c968496-0cb3-4d43-84f4-947bb69fd3ba', 'Sarah Tran', 'Sample transcript sentence 3 from Sarah Tran.', 'en', 12672, 15481, 0.95, 3),
('7b62133c-a46f-4c82-8e5a-e54e9faaa9e3', '4af884b3-12a3-4c32-9592-2ff5bc9dd024', '3c968496-0cb3-4d43-84f4-947bb69fd3ba', 'Sarah Tran', 'Sample transcript sentence 4 from Sarah Tran.', 'en', 17008, 19501, 0.95, 4),
('18a0f142-7f2e-45bc-87b2-c5b601000bf6', '4af884b3-12a3-4c32-9592-2ff5bc9dd024', '3c968496-0cb3-4d43-84f4-947bb69fd3ba', 'Sarah Tran', 'Sample transcript sentence 5 from Sarah Tran.', 'en', 20535, 23611, 0.95, 5),
('5f5b9086-e041-47a4-8ffa-a60b942df302', '4af884b3-12a3-4c32-9592-2ff5bc9dd024', 'bf6de850-a776-41c0-8ab4-a78a66e7fb97', 'Lucas Hernandez', 'Sample transcript sentence 6 from Lucas Hernandez.', 'en', 25431, 33784, 0.95, 6),
('cdbdb794-7416-4fd6-add4-a617b6229dbd', '4af884b3-12a3-4c32-9592-2ff5bc9dd024', '3c968496-0cb3-4d43-84f4-947bb69fd3ba', 'Sarah Tran', 'Sample transcript sentence 7 from Sarah Tran.', 'en', 35440, 44101, 0.95, 7),
('aceb489f-94d3-4701-8489-3286f225c3f4', '4af884b3-12a3-4c32-9592-2ff5bc9dd024', '34c18707-5a79-408b-8480-ed1a4b175235', 'James Rodriguez', 'Sample transcript sentence 8 from James Rodriguez.', 'en', 45310, 50363, 0.95, 8),
('27dfd3bb-8e32-4b28-82a6-bfe5b53377ac', '4af884b3-12a3-4c32-9592-2ff5bc9dd024', '34c18707-5a79-408b-8480-ed1a4b175235', 'James Rodriguez', 'Sample transcript sentence 9 from James Rodriguez.', 'en', 52055, 61102, 0.95, 9),
('01189046-4981-4784-9d56-2151efc6da1f', '4af884b3-12a3-4c32-9592-2ff5bc9dd024', '0e43c721-b260-4d7d-89b9-191a7eb50fb1', 'Emma Johnson', 'Sample transcript sentence 10 from Emma Johnson.', 'en', 61991, 66391, 0.95, 10);
INSERT INTO transcript.transcript_translations (segment_id, target_language, translated_text, translator_model, confidence) VALUES
('5baefa8d-bae6-4a27-a0bf-460a7f762997', 'vi', 'Translated Sample transcript sentence 1 from Jiwoo Davis. into vi', 'azure', 0.95),
('5baefa8d-bae6-4a27-a0bf-460a7f762997', 'ja', 'Translated Sample transcript sentence 1 from Jiwoo Davis. into ja', 'azure', 0.95),
('5baefa8d-bae6-4a27-a0bf-460a7f762997', 'ko', 'Translated Sample transcript sentence 1 from Jiwoo Davis. into ko', 'azure', 0.95),
('22972ec6-2c5b-430b-807b-1ce8f716204e', 'vi', 'Translated Sample transcript sentence 2 from Takashi Davis. into vi', 'azure', 0.95),
('22972ec6-2c5b-430b-807b-1ce8f716204e', 'ja', 'Translated Sample transcript sentence 2 from Takashi Davis. into ja', 'azure', 0.95),
('22972ec6-2c5b-430b-807b-1ce8f716204e', 'ko', 'Translated Sample transcript sentence 2 from Takashi Davis. into ko', 'azure', 0.95),
('948fd316-776a-47ad-979e-b1a155de322d', 'vi', 'Translated Sample transcript sentence 3 from Takashi Davis. into vi', 'azure', 0.95),
('948fd316-776a-47ad-979e-b1a155de322d', 'ja', 'Translated Sample transcript sentence 3 from Takashi Davis. into ja', 'azure', 0.95),
('948fd316-776a-47ad-979e-b1a155de322d', 'ko', 'Translated Sample transcript sentence 3 from Takashi Davis. into ko', 'azure', 0.95),
('123088a1-e019-41fb-a13c-0122df49aaa5', 'vi', 'Translated Sample transcript sentence 4 from Jiwoo Davis. into vi', 'azure', 0.95),
('123088a1-e019-41fb-a13c-0122df49aaa5', 'ja', 'Translated Sample transcript sentence 4 from Jiwoo Davis. into ja', 'azure', 0.95),
('123088a1-e019-41fb-a13c-0122df49aaa5', 'ko', 'Translated Sample transcript sentence 4 from Jiwoo Davis. into ko', 'azure', 0.95),
('264b2a1d-0b4e-4896-ab20-a4a7058cc44d', 'vi', 'Translated Sample transcript sentence 5 from Ava Yamamoto. into vi', 'azure', 0.95),
('264b2a1d-0b4e-4896-ab20-a4a7058cc44d', 'ja', 'Translated Sample transcript sentence 5 from Ava Yamamoto. into ja', 'azure', 0.95),
('264b2a1d-0b4e-4896-ab20-a4a7058cc44d', 'ko', 'Translated Sample transcript sentence 5 from Ava Yamamoto. into ko', 'azure', 0.95),
('6c8d5ce0-598b-47c4-90f1-d49cfaafa6db', 'vi', 'Translated Sample transcript sentence 6 from Jiwoo Davis. into vi', 'azure', 0.95),
('6c8d5ce0-598b-47c4-90f1-d49cfaafa6db', 'ja', 'Translated Sample transcript sentence 6 from Jiwoo Davis. into ja', 'azure', 0.95),
('6c8d5ce0-598b-47c4-90f1-d49cfaafa6db', 'ko', 'Translated Sample transcript sentence 6 from Jiwoo Davis. into ko', 'azure', 0.95),
('87ceb3a3-8185-454a-9b36-2fcfcc96b64b', 'vi', 'Translated Sample transcript sentence 7 from Jiwoo Davis. into vi', 'azure', 0.95),
('87ceb3a3-8185-454a-9b36-2fcfcc96b64b', 'ja', 'Translated Sample transcript sentence 7 from Jiwoo Davis. into ja', 'azure', 0.95),
('87ceb3a3-8185-454a-9b36-2fcfcc96b64b', 'ko', 'Translated Sample transcript sentence 7 from Jiwoo Davis. into ko', 'azure', 0.95),
('b97efc55-e33a-46a7-bc0e-d33af145de3e', 'vi', 'Translated Sample transcript sentence 8 from Takashi Davis. into vi', 'azure', 0.95),
('b97efc55-e33a-46a7-bc0e-d33af145de3e', 'ja', 'Translated Sample transcript sentence 8 from Takashi Davis. into ja', 'azure', 0.95),
('b97efc55-e33a-46a7-bc0e-d33af145de3e', 'ko', 'Translated Sample transcript sentence 8 from Takashi Davis. into ko', 'azure', 0.95),
('9ff360c8-2b0f-4c86-bc35-0b9ef2a1279e', 'vi', 'Translated Sample transcript sentence 9 from Jiwoo Davis. into vi', 'azure', 0.95),
('9ff360c8-2b0f-4c86-bc35-0b9ef2a1279e', 'ja', 'Translated Sample transcript sentence 9 from Jiwoo Davis. into ja', 'azure', 0.95),
('9ff360c8-2b0f-4c86-bc35-0b9ef2a1279e', 'ko', 'Translated Sample transcript sentence 9 from Jiwoo Davis. into ko', 'azure', 0.95),
('71a8f91f-5933-423d-9380-30358feefbf3', 'vi', 'Translated Sample transcript sentence 10 from Takashi Davis. into vi', 'azure', 0.95),
('71a8f91f-5933-423d-9380-30358feefbf3', 'ja', 'Translated Sample transcript sentence 10 from Takashi Davis. into ja', 'azure', 0.95),
('71a8f91f-5933-423d-9380-30358feefbf3', 'ko', 'Translated Sample transcript sentence 10 from Takashi Davis. into ko', 'azure', 0.95),
('8736161e-ff65-40d8-9a26-cf3a6acee2d7', 'vi', 'Translated Sample transcript sentence 1 from Emma Johnson. into vi', 'azure', 0.95),
('8736161e-ff65-40d8-9a26-cf3a6acee2d7', 'ja', 'Translated Sample transcript sentence 1 from Emma Johnson. into ja', 'azure', 0.95),
('8736161e-ff65-40d8-9a26-cf3a6acee2d7', 'ko', 'Translated Sample transcript sentence 1 from Emma Johnson. into ko', 'azure', 0.95),
('d28ebbd6-003b-468e-b461-5caca2af719b', 'vi', 'Translated Sample transcript sentence 2 from Isabella Park. into vi', 'azure', 0.95),
('d28ebbd6-003b-468e-b461-5caca2af719b', 'ja', 'Translated Sample transcript sentence 2 from Isabella Park. into ja', 'azure', 0.95),
('d28ebbd6-003b-468e-b461-5caca2af719b', 'ko', 'Translated Sample transcript sentence 2 from Isabella Park. into ko', 'azure', 0.95),
('85303d86-afa0-4c1f-9346-c88231bdfaec', 'vi', 'Translated Sample transcript sentence 3 from Isabella Park. into vi', 'azure', 0.95),
('85303d86-afa0-4c1f-9346-c88231bdfaec', 'ja', 'Translated Sample transcript sentence 3 from Isabella Park. into ja', 'azure', 0.95),
('85303d86-afa0-4c1f-9346-c88231bdfaec', 'ko', 'Translated Sample transcript sentence 3 from Isabella Park. into ko', 'azure', 0.95),
('542698fe-80d7-4b10-84c9-768252ff2dd3', 'vi', 'Translated Sample transcript sentence 4 from Isabella Park. into vi', 'azure', 0.95),
('542698fe-80d7-4b10-84c9-768252ff2dd3', 'ja', 'Translated Sample transcript sentence 4 from Isabella Park. into ja', 'azure', 0.95),
('542698fe-80d7-4b10-84c9-768252ff2dd3', 'ko', 'Translated Sample transcript sentence 4 from Isabella Park. into ko', 'azure', 0.95),
('05e7ecd6-4d1e-4f13-b880-5661b54e602b', 'vi', 'Translated Sample transcript sentence 5 from Isabella Park. into vi', 'azure', 0.95),
('05e7ecd6-4d1e-4f13-b880-5661b54e602b', 'ja', 'Translated Sample transcript sentence 5 from Isabella Park. into ja', 'azure', 0.95),
('05e7ecd6-4d1e-4f13-b880-5661b54e602b', 'ko', 'Translated Sample transcript sentence 5 from Isabella Park. into ko', 'azure', 0.95),
('2dd48578-8db3-409a-9173-13d7c526154c', 'vi', 'Translated Sample transcript sentence 6 from Isabella Park. into vi', 'azure', 0.95),
('2dd48578-8db3-409a-9173-13d7c526154c', 'ja', 'Translated Sample transcript sentence 6 from Isabella Park. into ja', 'azure', 0.95),
('2dd48578-8db3-409a-9173-13d7c526154c', 'ko', 'Translated Sample transcript sentence 6 from Isabella Park. into ko', 'azure', 0.95),
('c9adcf09-7aa1-4e92-9aef-ade3dced1784', 'vi', 'Translated Sample transcript sentence 7 from Emma Johnson. into vi', 'azure', 0.95),
('c9adcf09-7aa1-4e92-9aef-ade3dced1784', 'ja', 'Translated Sample transcript sentence 7 from Emma Johnson. into ja', 'azure', 0.95),
('c9adcf09-7aa1-4e92-9aef-ade3dced1784', 'ko', 'Translated Sample transcript sentence 7 from Emma Johnson. into ko', 'azure', 0.95),
('72f1a9b9-45b4-4ef6-bfe4-a92ef14ae760', 'vi', 'Translated Sample transcript sentence 8 from Emma Johnson. into vi', 'azure', 0.95),
('72f1a9b9-45b4-4ef6-bfe4-a92ef14ae760', 'ja', 'Translated Sample transcript sentence 8 from Emma Johnson. into ja', 'azure', 0.95),
('72f1a9b9-45b4-4ef6-bfe4-a92ef14ae760', 'ko', 'Translated Sample transcript sentence 8 from Emma Johnson. into ko', 'azure', 0.95),
('667d95fd-e86f-4f5c-b5b2-47aa26d2feb4', 'vi', 'Translated Sample transcript sentence 9 from Emma Johnson. into vi', 'azure', 0.95),
('667d95fd-e86f-4f5c-b5b2-47aa26d2feb4', 'ja', 'Translated Sample transcript sentence 9 from Emma Johnson. into ja', 'azure', 0.95),
('667d95fd-e86f-4f5c-b5b2-47aa26d2feb4', 'ko', 'Translated Sample transcript sentence 9 from Emma Johnson. into ko', 'azure', 0.95),
('0c860832-0a84-4ce1-94b4-b0f2ce21c62d', 'vi', 'Translated Sample transcript sentence 10 from Emma Johnson. into vi', 'azure', 0.95),
('0c860832-0a84-4ce1-94b4-b0f2ce21c62d', 'ja', 'Translated Sample transcript sentence 10 from Emma Johnson. into ja', 'azure', 0.95),
('0c860832-0a84-4ce1-94b4-b0f2ce21c62d', 'ko', 'Translated Sample transcript sentence 10 from Emma Johnson. into ko', 'azure', 0.95),
('ca323dd7-c5bc-4464-bc05-3ae5d0282d9b', 'vi', 'Translated Sample transcript sentence 1 from Charlotte Brown. into vi', 'azure', 0.95),
('ca323dd7-c5bc-4464-bc05-3ae5d0282d9b', 'ja', 'Translated Sample transcript sentence 1 from Charlotte Brown. into ja', 'azure', 0.95),
('ca323dd7-c5bc-4464-bc05-3ae5d0282d9b', 'ko', 'Translated Sample transcript sentence 1 from Charlotte Brown. into ko', 'azure', 0.95),
('07c88556-4c13-46fb-a13c-94d4fa068277', 'vi', 'Translated Sample transcript sentence 2 from Jiwoo Davis. into vi', 'azure', 0.95),
('07c88556-4c13-46fb-a13c-94d4fa068277', 'ja', 'Translated Sample transcript sentence 2 from Jiwoo Davis. into ja', 'azure', 0.95),
('07c88556-4c13-46fb-a13c-94d4fa068277', 'ko', 'Translated Sample transcript sentence 2 from Jiwoo Davis. into ko', 'azure', 0.95),
('05c7b612-7fda-4f52-9c5d-ab7a100f990a', 'vi', 'Translated Sample transcript sentence 3 from Jiwoo Davis. into vi', 'azure', 0.95),
('05c7b612-7fda-4f52-9c5d-ab7a100f990a', 'ja', 'Translated Sample transcript sentence 3 from Jiwoo Davis. into ja', 'azure', 0.95),
('05c7b612-7fda-4f52-9c5d-ab7a100f990a', 'ko', 'Translated Sample transcript sentence 3 from Jiwoo Davis. into ko', 'azure', 0.95),
('24ef6b53-fc2b-46b1-83e0-c3d10b448ce4', 'vi', 'Translated Sample transcript sentence 4 from Jiwoo Park. into vi', 'azure', 0.95),
('24ef6b53-fc2b-46b1-83e0-c3d10b448ce4', 'ja', 'Translated Sample transcript sentence 4 from Jiwoo Park. into ja', 'azure', 0.95),
('24ef6b53-fc2b-46b1-83e0-c3d10b448ce4', 'ko', 'Translated Sample transcript sentence 4 from Jiwoo Park. into ko', 'azure', 0.95),
('69a473ca-77bf-4f2c-a9b9-a3b37fd56ed5', 'vi', 'Translated Sample transcript sentence 5 from Sarah Tran. into vi', 'azure', 0.95),
('69a473ca-77bf-4f2c-a9b9-a3b37fd56ed5', 'ja', 'Translated Sample transcript sentence 5 from Sarah Tran. into ja', 'azure', 0.95),
('69a473ca-77bf-4f2c-a9b9-a3b37fd56ed5', 'ko', 'Translated Sample transcript sentence 5 from Sarah Tran. into ko', 'azure', 0.95),
('1119c447-6854-43d6-9e29-f2026ec0a182', 'vi', 'Translated Sample transcript sentence 6 from Alex CEO. into vi', 'azure', 0.95),
('1119c447-6854-43d6-9e29-f2026ec0a182', 'ja', 'Translated Sample transcript sentence 6 from Alex CEO. into ja', 'azure', 0.95),
('1119c447-6854-43d6-9e29-f2026ec0a182', 'ko', 'Translated Sample transcript sentence 6 from Alex CEO. into ko', 'azure', 0.95),
('7501d5e0-16a5-4e22-897b-4cf6e6cfe296', 'vi', 'Translated Sample transcript sentence 7 from Sarah Tran. into vi', 'azure', 0.95),
('7501d5e0-16a5-4e22-897b-4cf6e6cfe296', 'ja', 'Translated Sample transcript sentence 7 from Sarah Tran. into ja', 'azure', 0.95),
('7501d5e0-16a5-4e22-897b-4cf6e6cfe296', 'ko', 'Translated Sample transcript sentence 7 from Sarah Tran. into ko', 'azure', 0.95),
('2323535d-a0c6-4eea-b44b-777fde6b1462', 'vi', 'Translated Sample transcript sentence 8 from Emma Johnson. into vi', 'azure', 0.95),
('2323535d-a0c6-4eea-b44b-777fde6b1462', 'ja', 'Translated Sample transcript sentence 8 from Emma Johnson. into ja', 'azure', 0.95),
('2323535d-a0c6-4eea-b44b-777fde6b1462', 'ko', 'Translated Sample transcript sentence 8 from Emma Johnson. into ko', 'azure', 0.95),
('ae658a01-f71e-4676-944b-a101319926c5', 'vi', 'Translated Sample transcript sentence 9 from Jiwoo Davis. into vi', 'azure', 0.95),
('ae658a01-f71e-4676-944b-a101319926c5', 'ja', 'Translated Sample transcript sentence 9 from Jiwoo Davis. into ja', 'azure', 0.95),
('ae658a01-f71e-4676-944b-a101319926c5', 'ko', 'Translated Sample transcript sentence 9 from Jiwoo Davis. into ko', 'azure', 0.95),
('3d2b049c-17f6-48bc-8bbd-71182b0981d1', 'vi', 'Translated Sample transcript sentence 10 from Emma Johnson. into vi', 'azure', 0.95),
('3d2b049c-17f6-48bc-8bbd-71182b0981d1', 'ja', 'Translated Sample transcript sentence 10 from Emma Johnson. into ja', 'azure', 0.95),
('3d2b049c-17f6-48bc-8bbd-71182b0981d1', 'ko', 'Translated Sample transcript sentence 10 from Emma Johnson. into ko', 'azure', 0.95),
('340c37b1-54e5-4ac5-8f5c-eb877d5d96dd', 'vi', 'Translated Sample transcript sentence 1 from Noah Lopez. into vi', 'azure', 0.95),
('340c37b1-54e5-4ac5-8f5c-eb877d5d96dd', 'ja', 'Translated Sample transcript sentence 1 from Noah Lopez. into ja', 'azure', 0.95),
('340c37b1-54e5-4ac5-8f5c-eb877d5d96dd', 'ko', 'Translated Sample transcript sentence 1 from Noah Lopez. into ko', 'azure', 0.95),
('bf7fd9c0-3fca-4e79-b0ab-9a987c3e0f22', 'vi', 'Translated Sample transcript sentence 2 from Noah Lopez. into vi', 'azure', 0.95),
('bf7fd9c0-3fca-4e79-b0ab-9a987c3e0f22', 'ja', 'Translated Sample transcript sentence 2 from Noah Lopez. into ja', 'azure', 0.95),
('bf7fd9c0-3fca-4e79-b0ab-9a987c3e0f22', 'ko', 'Translated Sample transcript sentence 2 from Noah Lopez. into ko', 'azure', 0.95),
('87030568-b9da-450f-89a5-20c2f37f7fff', 'vi', 'Translated Sample transcript sentence 3 from Charlotte Brown. into vi', 'azure', 0.95),
('87030568-b9da-450f-89a5-20c2f37f7fff', 'ja', 'Translated Sample transcript sentence 3 from Charlotte Brown. into ja', 'azure', 0.95),
('87030568-b9da-450f-89a5-20c2f37f7fff', 'ko', 'Translated Sample transcript sentence 3 from Charlotte Brown. into ko', 'azure', 0.95),
('fe81e535-4aab-42af-972b-a5070c7934ad', 'vi', 'Translated Sample transcript sentence 4 from Takashi Davis. into vi', 'azure', 0.95),
('fe81e535-4aab-42af-972b-a5070c7934ad', 'ja', 'Translated Sample transcript sentence 4 from Takashi Davis. into ja', 'azure', 0.95),
('fe81e535-4aab-42af-972b-a5070c7934ad', 'ko', 'Translated Sample transcript sentence 4 from Takashi Davis. into ko', 'azure', 0.95),
('417d165a-614d-4017-9891-8119b450bc8f', 'vi', 'Translated Sample transcript sentence 5 from Isabella Park. into vi', 'azure', 0.95),
('417d165a-614d-4017-9891-8119b450bc8f', 'ja', 'Translated Sample transcript sentence 5 from Isabella Park. into ja', 'azure', 0.95),
('417d165a-614d-4017-9891-8119b450bc8f', 'ko', 'Translated Sample transcript sentence 5 from Isabella Park. into ko', 'azure', 0.95),
('6ad1ad8b-07f7-49e2-9bd7-45cc72c26571', 'vi', 'Translated Sample transcript sentence 6 from Sophia Yamamoto. into vi', 'azure', 0.95),
('6ad1ad8b-07f7-49e2-9bd7-45cc72c26571', 'ja', 'Translated Sample transcript sentence 6 from Sophia Yamamoto. into ja', 'azure', 0.95),
('6ad1ad8b-07f7-49e2-9bd7-45cc72c26571', 'ko', 'Translated Sample transcript sentence 6 from Sophia Yamamoto. into ko', 'azure', 0.95),
('1fe88988-045d-412d-b3f9-9e3c7628ab0e', 'vi', 'Translated Sample transcript sentence 7 from Takashi Davis. into vi', 'azure', 0.95),
('1fe88988-045d-412d-b3f9-9e3c7628ab0e', 'ja', 'Translated Sample transcript sentence 7 from Takashi Davis. into ja', 'azure', 0.95),
('1fe88988-045d-412d-b3f9-9e3c7628ab0e', 'ko', 'Translated Sample transcript sentence 7 from Takashi Davis. into ko', 'azure', 0.95),
('6ad5fcc2-5bf0-4153-862a-16c792a4edf8', 'vi', 'Translated Sample transcript sentence 8 from Charlotte Brown. into vi', 'azure', 0.95),
('6ad5fcc2-5bf0-4153-862a-16c792a4edf8', 'ja', 'Translated Sample transcript sentence 8 from Charlotte Brown. into ja', 'azure', 0.95),
('6ad5fcc2-5bf0-4153-862a-16c792a4edf8', 'ko', 'Translated Sample transcript sentence 8 from Charlotte Brown. into ko', 'azure', 0.95),
('e661d42f-d0b4-4780-abd4-9b2c121b3011', 'vi', 'Translated Sample transcript sentence 9 from Isabella Park. into vi', 'azure', 0.95),
('e661d42f-d0b4-4780-abd4-9b2c121b3011', 'ja', 'Translated Sample transcript sentence 9 from Isabella Park. into ja', 'azure', 0.95),
('e661d42f-d0b4-4780-abd4-9b2c121b3011', 'ko', 'Translated Sample transcript sentence 9 from Isabella Park. into ko', 'azure', 0.95),
('0fdc0d7a-b998-430a-b644-0a4c8a24d119', 'vi', 'Translated Sample transcript sentence 10 from Noah Lopez. into vi', 'azure', 0.95),
('0fdc0d7a-b998-430a-b644-0a4c8a24d119', 'ja', 'Translated Sample transcript sentence 10 from Noah Lopez. into ja', 'azure', 0.95),
('0fdc0d7a-b998-430a-b644-0a4c8a24d119', 'ko', 'Translated Sample transcript sentence 10 from Noah Lopez. into ko', 'azure', 0.95),
('baf5acd7-c46b-44ba-bbfe-42a30da8a870', 'vi', 'Translated Sample transcript sentence 1 from Emma Johnson. into vi', 'azure', 0.95),
('baf5acd7-c46b-44ba-bbfe-42a30da8a870', 'ja', 'Translated Sample transcript sentence 1 from Emma Johnson. into ja', 'azure', 0.95),
('baf5acd7-c46b-44ba-bbfe-42a30da8a870', 'ko', 'Translated Sample transcript sentence 1 from Emma Johnson. into ko', 'azure', 0.95),
('30d3b14b-8c4a-48bc-9f9f-9708f38dcbce', 'vi', 'Translated Sample transcript sentence 2 from Emma Johnson. into vi', 'azure', 0.95),
('30d3b14b-8c4a-48bc-9f9f-9708f38dcbce', 'ja', 'Translated Sample transcript sentence 2 from Emma Johnson. into ja', 'azure', 0.95),
('30d3b14b-8c4a-48bc-9f9f-9708f38dcbce', 'ko', 'Translated Sample transcript sentence 2 from Emma Johnson. into ko', 'azure', 0.95),
('759d9f5f-b13f-4d71-bd3d-b7b6a3bd746d', 'vi', 'Translated Sample transcript sentence 3 from Benjamin Park. into vi', 'azure', 0.95),
('759d9f5f-b13f-4d71-bd3d-b7b6a3bd746d', 'ja', 'Translated Sample transcript sentence 3 from Benjamin Park. into ja', 'azure', 0.95),
('759d9f5f-b13f-4d71-bd3d-b7b6a3bd746d', 'ko', 'Translated Sample transcript sentence 3 from Benjamin Park. into ko', 'azure', 0.95),
('deab39ac-7a34-4530-b79f-8b6e8689ce3f', 'vi', 'Translated Sample transcript sentence 4 from Sarah Hernandez. into vi', 'azure', 0.95),
('deab39ac-7a34-4530-b79f-8b6e8689ce3f', 'ja', 'Translated Sample transcript sentence 4 from Sarah Hernandez. into ja', 'azure', 0.95),
('deab39ac-7a34-4530-b79f-8b6e8689ce3f', 'ko', 'Translated Sample transcript sentence 4 from Sarah Hernandez. into ko', 'azure', 0.95),
('7ba9421c-462d-487a-b75f-954248908e19', 'vi', 'Translated Sample transcript sentence 5 from Emma Johnson. into vi', 'azure', 0.95),
('7ba9421c-462d-487a-b75f-954248908e19', 'ja', 'Translated Sample transcript sentence 5 from Emma Johnson. into ja', 'azure', 0.95),
('7ba9421c-462d-487a-b75f-954248908e19', 'ko', 'Translated Sample transcript sentence 5 from Emma Johnson. into ko', 'azure', 0.95),
('299fb27b-a5c4-445a-b555-ffcdfc4dfbea', 'vi', 'Translated Sample transcript sentence 6 from Emma Johnson. into vi', 'azure', 0.95),
('299fb27b-a5c4-445a-b555-ffcdfc4dfbea', 'ja', 'Translated Sample transcript sentence 6 from Emma Johnson. into ja', 'azure', 0.95),
('299fb27b-a5c4-445a-b555-ffcdfc4dfbea', 'ko', 'Translated Sample transcript sentence 6 from Emma Johnson. into ko', 'azure', 0.95),
('b6f96734-084f-4ae1-bc24-f7d5a648218d', 'vi', 'Translated Sample transcript sentence 7 from Emma Johnson. into vi', 'azure', 0.95),
('b6f96734-084f-4ae1-bc24-f7d5a648218d', 'ja', 'Translated Sample transcript sentence 7 from Emma Johnson. into ja', 'azure', 0.95),
('b6f96734-084f-4ae1-bc24-f7d5a648218d', 'ko', 'Translated Sample transcript sentence 7 from Emma Johnson. into ko', 'azure', 0.95),
('bb18cd2f-3970-46f8-ad84-6a4bfa6bfcac', 'vi', 'Translated Sample transcript sentence 8 from Benjamin Park. into vi', 'azure', 0.95),
('bb18cd2f-3970-46f8-ad84-6a4bfa6bfcac', 'ja', 'Translated Sample transcript sentence 8 from Benjamin Park. into ja', 'azure', 0.95),
('bb18cd2f-3970-46f8-ad84-6a4bfa6bfcac', 'ko', 'Translated Sample transcript sentence 8 from Benjamin Park. into ko', 'azure', 0.95),
('98b02f64-5d20-43e2-af2c-e1f2b7e311f5', 'vi', 'Translated Sample transcript sentence 9 from Emma Johnson. into vi', 'azure', 0.95),
('98b02f64-5d20-43e2-af2c-e1f2b7e311f5', 'ja', 'Translated Sample transcript sentence 9 from Emma Johnson. into ja', 'azure', 0.95),
('98b02f64-5d20-43e2-af2c-e1f2b7e311f5', 'ko', 'Translated Sample transcript sentence 9 from Emma Johnson. into ko', 'azure', 0.95),
('c08b42df-8d64-4335-8883-9aef9adf8005', 'vi', 'Translated Sample transcript sentence 10 from Sarah Hernandez. into vi', 'azure', 0.95),
('c08b42df-8d64-4335-8883-9aef9adf8005', 'ja', 'Translated Sample transcript sentence 10 from Sarah Hernandez. into ja', 'azure', 0.95),
('c08b42df-8d64-4335-8883-9aef9adf8005', 'ko', 'Translated Sample transcript sentence 10 from Sarah Hernandez. into ko', 'azure', 0.95),
('359fd0cc-0467-4253-8014-098662e9e8b7', 'vi', 'Translated Sample transcript sentence 1 from Emma Johnson. into vi', 'azure', 0.95),
('359fd0cc-0467-4253-8014-098662e9e8b7', 'ja', 'Translated Sample transcript sentence 1 from Emma Johnson. into ja', 'azure', 0.95),
('359fd0cc-0467-4253-8014-098662e9e8b7', 'ko', 'Translated Sample transcript sentence 1 from Emma Johnson. into ko', 'azure', 0.95),
('f2dc2270-ce39-4370-b786-65d342d4d0b2', 'vi', 'Translated Sample transcript sentence 2 from Ava Yamamoto. into vi', 'azure', 0.95),
('f2dc2270-ce39-4370-b786-65d342d4d0b2', 'ja', 'Translated Sample transcript sentence 2 from Ava Yamamoto. into ja', 'azure', 0.95),
('f2dc2270-ce39-4370-b786-65d342d4d0b2', 'ko', 'Translated Sample transcript sentence 2 from Ava Yamamoto. into ko', 'azure', 0.95),
('ec55af68-8135-4809-ad72-d3b8dc479e26', 'vi', 'Translated Sample transcript sentence 3 from James Johnson. into vi', 'azure', 0.95),
('ec55af68-8135-4809-ad72-d3b8dc479e26', 'ja', 'Translated Sample transcript sentence 3 from James Johnson. into ja', 'azure', 0.95),
('ec55af68-8135-4809-ad72-d3b8dc479e26', 'ko', 'Translated Sample transcript sentence 3 from James Johnson. into ko', 'azure', 0.95),
('cd660471-a52d-483f-ae46-07d5dfea690c', 'vi', 'Translated Sample transcript sentence 4 from Ava Yamamoto. into vi', 'azure', 0.95),
('cd660471-a52d-483f-ae46-07d5dfea690c', 'ja', 'Translated Sample transcript sentence 4 from Ava Yamamoto. into ja', 'azure', 0.95),
('cd660471-a52d-483f-ae46-07d5dfea690c', 'ko', 'Translated Sample transcript sentence 4 from Ava Yamamoto. into ko', 'azure', 0.95),
('391058ba-87ff-4c7a-a700-b124650e48ce', 'vi', 'Translated Sample transcript sentence 5 from Emma Johnson. into vi', 'azure', 0.95),
('391058ba-87ff-4c7a-a700-b124650e48ce', 'ja', 'Translated Sample transcript sentence 5 from Emma Johnson. into ja', 'azure', 0.95),
('391058ba-87ff-4c7a-a700-b124650e48ce', 'ko', 'Translated Sample transcript sentence 5 from Emma Johnson. into ko', 'azure', 0.95),
('2af3b0a4-16f9-407e-9858-46cc61cc4aa3', 'vi', 'Translated Sample transcript sentence 6 from Charlotte Davis. into vi', 'azure', 0.95),
('2af3b0a4-16f9-407e-9858-46cc61cc4aa3', 'ja', 'Translated Sample transcript sentence 6 from Charlotte Davis. into ja', 'azure', 0.95),
('2af3b0a4-16f9-407e-9858-46cc61cc4aa3', 'ko', 'Translated Sample transcript sentence 6 from Charlotte Davis. into ko', 'azure', 0.95),
('202c4aef-3a31-481e-893f-7f135635f6da', 'vi', 'Translated Sample transcript sentence 7 from Emma Johnson. into vi', 'azure', 0.95),
('202c4aef-3a31-481e-893f-7f135635f6da', 'ja', 'Translated Sample transcript sentence 7 from Emma Johnson. into ja', 'azure', 0.95),
('202c4aef-3a31-481e-893f-7f135635f6da', 'ko', 'Translated Sample transcript sentence 7 from Emma Johnson. into ko', 'azure', 0.95),
('cf77473f-cd2a-43f1-b02f-cf0d94437836', 'vi', 'Translated Sample transcript sentence 8 from Charlotte Davis. into vi', 'azure', 0.95),
('cf77473f-cd2a-43f1-b02f-cf0d94437836', 'ja', 'Translated Sample transcript sentence 8 from Charlotte Davis. into ja', 'azure', 0.95),
('cf77473f-cd2a-43f1-b02f-cf0d94437836', 'ko', 'Translated Sample transcript sentence 8 from Charlotte Davis. into ko', 'azure', 0.95),
('7002479a-184a-4a81-8356-12ab7d63d9b9', 'vi', 'Translated Sample transcript sentence 9 from James Johnson. into vi', 'azure', 0.95),
('7002479a-184a-4a81-8356-12ab7d63d9b9', 'ja', 'Translated Sample transcript sentence 9 from James Johnson. into ja', 'azure', 0.95),
('7002479a-184a-4a81-8356-12ab7d63d9b9', 'ko', 'Translated Sample transcript sentence 9 from James Johnson. into ko', 'azure', 0.95),
('fa43b828-b6a9-4fbe-be3e-5a8903c253f1', 'vi', 'Translated Sample transcript sentence 10 from James Johnson. into vi', 'azure', 0.95),
('fa43b828-b6a9-4fbe-be3e-5a8903c253f1', 'ja', 'Translated Sample transcript sentence 10 from James Johnson. into ja', 'azure', 0.95),
('fa43b828-b6a9-4fbe-be3e-5a8903c253f1', 'ko', 'Translated Sample transcript sentence 10 from James Johnson. into ko', 'azure', 0.95),
('3631a0f1-ddf8-4b7d-8d24-78c53e651c4b', 'vi', 'Translated Sample transcript sentence 1 from Emma Johnson. into vi', 'azure', 0.95),
('3631a0f1-ddf8-4b7d-8d24-78c53e651c4b', 'ja', 'Translated Sample transcript sentence 1 from Emma Johnson. into ja', 'azure', 0.95),
('3631a0f1-ddf8-4b7d-8d24-78c53e651c4b', 'ko', 'Translated Sample transcript sentence 1 from Emma Johnson. into ko', 'azure', 0.95),
('99d73669-7909-4ed7-acbb-337adf5de35e', 'vi', 'Translated Sample transcript sentence 2 from Elena Yamamoto. into vi', 'azure', 0.95),
('99d73669-7909-4ed7-acbb-337adf5de35e', 'ja', 'Translated Sample transcript sentence 2 from Elena Yamamoto. into ja', 'azure', 0.95),
('99d73669-7909-4ed7-acbb-337adf5de35e', 'ko', 'Translated Sample transcript sentence 2 from Elena Yamamoto. into ko', 'azure', 0.95),
('d29777aa-b695-42ce-aa9f-00cc18878cde', 'vi', 'Translated Sample transcript sentence 3 from Jiwoo Gonzalez. into vi', 'azure', 0.95),
('d29777aa-b695-42ce-aa9f-00cc18878cde', 'ja', 'Translated Sample transcript sentence 3 from Jiwoo Gonzalez. into ja', 'azure', 0.95),
('d29777aa-b695-42ce-aa9f-00cc18878cde', 'ko', 'Translated Sample transcript sentence 3 from Jiwoo Gonzalez. into ko', 'azure', 0.95),
('28323fc6-e746-4206-90b3-0638cc6bab0b', 'vi', 'Translated Sample transcript sentence 4 from Jiwoo Gonzalez. into vi', 'azure', 0.95),
('28323fc6-e746-4206-90b3-0638cc6bab0b', 'ja', 'Translated Sample transcript sentence 4 from Jiwoo Gonzalez. into ja', 'azure', 0.95),
('28323fc6-e746-4206-90b3-0638cc6bab0b', 'ko', 'Translated Sample transcript sentence 4 from Jiwoo Gonzalez. into ko', 'azure', 0.95),
('7d35f982-af61-4107-b285-d55dfe1fc9cc', 'vi', 'Translated Sample transcript sentence 5 from Sarah Tran. into vi', 'azure', 0.95),
('7d35f982-af61-4107-b285-d55dfe1fc9cc', 'ja', 'Translated Sample transcript sentence 5 from Sarah Tran. into ja', 'azure', 0.95),
('7d35f982-af61-4107-b285-d55dfe1fc9cc', 'ko', 'Translated Sample transcript sentence 5 from Sarah Tran. into ko', 'azure', 0.95),
('b5f34ae0-bbd9-4b02-bf9c-20d54323afdf', 'vi', 'Translated Sample transcript sentence 6 from Jiwoo Gonzalez. into vi', 'azure', 0.95),
('b5f34ae0-bbd9-4b02-bf9c-20d54323afdf', 'ja', 'Translated Sample transcript sentence 6 from Jiwoo Gonzalez. into ja', 'azure', 0.95),
('b5f34ae0-bbd9-4b02-bf9c-20d54323afdf', 'ko', 'Translated Sample transcript sentence 6 from Jiwoo Gonzalez. into ko', 'azure', 0.95),
('020d32bd-2988-4f83-9c37-f2e99572f176', 'vi', 'Translated Sample transcript sentence 7 from Jiwoo Gonzalez. into vi', 'azure', 0.95),
('020d32bd-2988-4f83-9c37-f2e99572f176', 'ja', 'Translated Sample transcript sentence 7 from Jiwoo Gonzalez. into ja', 'azure', 0.95),
('020d32bd-2988-4f83-9c37-f2e99572f176', 'ko', 'Translated Sample transcript sentence 7 from Jiwoo Gonzalez. into ko', 'azure', 0.95),
('3016c5be-41e8-440b-a80a-40601f9aac4c', 'vi', 'Translated Sample transcript sentence 8 from Sarah Hernandez. into vi', 'azure', 0.95),
('3016c5be-41e8-440b-a80a-40601f9aac4c', 'ja', 'Translated Sample transcript sentence 8 from Sarah Hernandez. into ja', 'azure', 0.95),
('3016c5be-41e8-440b-a80a-40601f9aac4c', 'ko', 'Translated Sample transcript sentence 8 from Sarah Hernandez. into ko', 'azure', 0.95),
('328fe285-ee45-4da9-95be-516ffa58ee7a', 'vi', 'Translated Sample transcript sentence 9 from Charlotte Brown. into vi', 'azure', 0.95),
('328fe285-ee45-4da9-95be-516ffa58ee7a', 'ja', 'Translated Sample transcript sentence 9 from Charlotte Brown. into ja', 'azure', 0.95),
('328fe285-ee45-4da9-95be-516ffa58ee7a', 'ko', 'Translated Sample transcript sentence 9 from Charlotte Brown. into ko', 'azure', 0.95),
('637981c0-3f6c-4785-8ba9-957515d09068', 'vi', 'Translated Sample transcript sentence 10 from Noah Wilson. into vi', 'azure', 0.95),
('637981c0-3f6c-4785-8ba9-957515d09068', 'ja', 'Translated Sample transcript sentence 10 from Noah Wilson. into ja', 'azure', 0.95),
('637981c0-3f6c-4785-8ba9-957515d09068', 'ko', 'Translated Sample transcript sentence 10 from Noah Wilson. into ko', 'azure', 0.95),
('ac1f7732-f564-421e-804e-1b2462d71ed7', 'vi', 'Translated Sample transcript sentence 1 from Olivia Park. into vi', 'azure', 0.95),
('ac1f7732-f564-421e-804e-1b2462d71ed7', 'ja', 'Translated Sample transcript sentence 1 from Olivia Park. into ja', 'azure', 0.95),
('ac1f7732-f564-421e-804e-1b2462d71ed7', 'ko', 'Translated Sample transcript sentence 1 from Olivia Park. into ko', 'azure', 0.95),
('7fc60328-a0c0-459b-8042-7878f8c6cc5c', 'vi', 'Translated Sample transcript sentence 2 from Olivia Park. into vi', 'azure', 0.95),
('7fc60328-a0c0-459b-8042-7878f8c6cc5c', 'ja', 'Translated Sample transcript sentence 2 from Olivia Park. into ja', 'azure', 0.95),
('7fc60328-a0c0-459b-8042-7878f8c6cc5c', 'ko', 'Translated Sample transcript sentence 2 from Olivia Park. into ko', 'azure', 0.95),
('343a2779-3402-4937-b4be-c35b5dc73471', 'vi', 'Translated Sample transcript sentence 3 from James Johnson. into vi', 'azure', 0.95),
('343a2779-3402-4937-b4be-c35b5dc73471', 'ja', 'Translated Sample transcript sentence 3 from James Johnson. into ja', 'azure', 0.95),
('343a2779-3402-4937-b4be-c35b5dc73471', 'ko', 'Translated Sample transcript sentence 3 from James Johnson. into ko', 'azure', 0.95),
('a045033d-f5ea-4a0a-aad3-3b107492ab50', 'vi', 'Translated Sample transcript sentence 4 from Olivia Park. into vi', 'azure', 0.95),
('a045033d-f5ea-4a0a-aad3-3b107492ab50', 'ja', 'Translated Sample transcript sentence 4 from Olivia Park. into ja', 'azure', 0.95),
('a045033d-f5ea-4a0a-aad3-3b107492ab50', 'ko', 'Translated Sample transcript sentence 4 from Olivia Park. into ko', 'azure', 0.95),
('69b01f0d-83ca-4bc5-a23e-1410d23e3c29', 'vi', 'Translated Sample transcript sentence 5 from Olivia Park. into vi', 'azure', 0.95),
('69b01f0d-83ca-4bc5-a23e-1410d23e3c29', 'ja', 'Translated Sample transcript sentence 5 from Olivia Park. into ja', 'azure', 0.95),
('69b01f0d-83ca-4bc5-a23e-1410d23e3c29', 'ko', 'Translated Sample transcript sentence 5 from Olivia Park. into ko', 'azure', 0.95),
('e2e67275-fbe3-4ed0-a826-2b6aa13fa93d', 'vi', 'Translated Sample transcript sentence 6 from Sarah Tran. into vi', 'azure', 0.95),
('e2e67275-fbe3-4ed0-a826-2b6aa13fa93d', 'ja', 'Translated Sample transcript sentence 6 from Sarah Tran. into ja', 'azure', 0.95),
('e2e67275-fbe3-4ed0-a826-2b6aa13fa93d', 'ko', 'Translated Sample transcript sentence 6 from Sarah Tran. into ko', 'azure', 0.95),
('947c3cd8-88db-409d-a024-95430f1a81e2', 'vi', 'Translated Sample transcript sentence 7 from Olivia Park. into vi', 'azure', 0.95),
('947c3cd8-88db-409d-a024-95430f1a81e2', 'ja', 'Translated Sample transcript sentence 7 from Olivia Park. into ja', 'azure', 0.95),
('947c3cd8-88db-409d-a024-95430f1a81e2', 'ko', 'Translated Sample transcript sentence 7 from Olivia Park. into ko', 'azure', 0.95),
('7e8d530b-4635-43e4-af14-b8881475a323', 'vi', 'Translated Sample transcript sentence 8 from Sarah Tran. into vi', 'azure', 0.95),
('7e8d530b-4635-43e4-af14-b8881475a323', 'ja', 'Translated Sample transcript sentence 8 from Sarah Tran. into ja', 'azure', 0.95),
('7e8d530b-4635-43e4-af14-b8881475a323', 'ko', 'Translated Sample transcript sentence 8 from Sarah Tran. into ko', 'azure', 0.95),
('c98cbbe2-4901-4149-9248-d123520a5641', 'vi', 'Translated Sample transcript sentence 9 from William Johnson. into vi', 'azure', 0.95),
('c98cbbe2-4901-4149-9248-d123520a5641', 'ja', 'Translated Sample transcript sentence 9 from William Johnson. into ja', 'azure', 0.95),
('c98cbbe2-4901-4149-9248-d123520a5641', 'ko', 'Translated Sample transcript sentence 9 from William Johnson. into ko', 'azure', 0.95),
('92382aa8-b4b6-4bd4-accc-eb864b3e73cc', 'vi', 'Translated Sample transcript sentence 10 from William Johnson. into vi', 'azure', 0.95),
('92382aa8-b4b6-4bd4-accc-eb864b3e73cc', 'ja', 'Translated Sample transcript sentence 10 from William Johnson. into ja', 'azure', 0.95),
('92382aa8-b4b6-4bd4-accc-eb864b3e73cc', 'ko', 'Translated Sample transcript sentence 10 from William Johnson. into ko', 'azure', 0.95),
('1231db4c-d2df-407c-b555-e403f645acaf', 'vi', 'Translated Sample transcript sentence 1 from Sophia Yamamoto. into vi', 'azure', 0.95),
('1231db4c-d2df-407c-b555-e403f645acaf', 'ja', 'Translated Sample transcript sentence 1 from Sophia Yamamoto. into ja', 'azure', 0.95),
('1231db4c-d2df-407c-b555-e403f645acaf', 'ko', 'Translated Sample transcript sentence 1 from Sophia Yamamoto. into ko', 'azure', 0.95),
('10f254c8-0bdf-4449-8530-56cf074902bb', 'vi', 'Translated Sample transcript sentence 2 from James Williams. into vi', 'azure', 0.95),
('10f254c8-0bdf-4449-8530-56cf074902bb', 'ja', 'Translated Sample transcript sentence 2 from James Williams. into ja', 'azure', 0.95),
('10f254c8-0bdf-4449-8530-56cf074902bb', 'ko', 'Translated Sample transcript sentence 2 from James Williams. into ko', 'azure', 0.95),
('9b723c64-de66-48aa-b3c0-24c092bef2e1', 'vi', 'Translated Sample transcript sentence 3 from Isabella Hernandez. into vi', 'azure', 0.95),
('9b723c64-de66-48aa-b3c0-24c092bef2e1', 'ja', 'Translated Sample transcript sentence 3 from Isabella Hernandez. into ja', 'azure', 0.95),
('9b723c64-de66-48aa-b3c0-24c092bef2e1', 'ko', 'Translated Sample transcript sentence 3 from Isabella Hernandez. into ko', 'azure', 0.95),
('f8d1bf93-3d3c-4c83-8e07-83ed07cfd581', 'vi', 'Translated Sample transcript sentence 4 from Sophia Yamamoto. into vi', 'azure', 0.95),
('f8d1bf93-3d3c-4c83-8e07-83ed07cfd581', 'ja', 'Translated Sample transcript sentence 4 from Sophia Yamamoto. into ja', 'azure', 0.95),
('f8d1bf93-3d3c-4c83-8e07-83ed07cfd581', 'ko', 'Translated Sample transcript sentence 4 from Sophia Yamamoto. into ko', 'azure', 0.95),
('898b42e7-430e-4c49-b21c-719c2c199163', 'vi', 'Translated Sample transcript sentence 5 from Jiwoo Davis. into vi', 'azure', 0.95),
('898b42e7-430e-4c49-b21c-719c2c199163', 'ja', 'Translated Sample transcript sentence 5 from Jiwoo Davis. into ja', 'azure', 0.95),
('898b42e7-430e-4c49-b21c-719c2c199163', 'ko', 'Translated Sample transcript sentence 5 from Jiwoo Davis. into ko', 'azure', 0.95),
('af4b6d08-a72e-4122-a43c-826ac950bfa9', 'vi', 'Translated Sample transcript sentence 6 from Takashi Davis. into vi', 'azure', 0.95),
('af4b6d08-a72e-4122-a43c-826ac950bfa9', 'ja', 'Translated Sample transcript sentence 6 from Takashi Davis. into ja', 'azure', 0.95),
('af4b6d08-a72e-4122-a43c-826ac950bfa9', 'ko', 'Translated Sample transcript sentence 6 from Takashi Davis. into ko', 'azure', 0.95),
('6fb31936-d2eb-4547-a573-650f2e90f9c9', 'vi', 'Translated Sample transcript sentence 7 from James Williams. into vi', 'azure', 0.95),
('6fb31936-d2eb-4547-a573-650f2e90f9c9', 'ja', 'Translated Sample transcript sentence 7 from James Williams. into ja', 'azure', 0.95),
('6fb31936-d2eb-4547-a573-650f2e90f9c9', 'ko', 'Translated Sample transcript sentence 7 from James Williams. into ko', 'azure', 0.95),
('36f73317-112a-4e26-9153-921d0e14709e', 'vi', 'Translated Sample transcript sentence 8 from Sophia Yamamoto. into vi', 'azure', 0.95),
('36f73317-112a-4e26-9153-921d0e14709e', 'ja', 'Translated Sample transcript sentence 8 from Sophia Yamamoto. into ja', 'azure', 0.95),
('36f73317-112a-4e26-9153-921d0e14709e', 'ko', 'Translated Sample transcript sentence 8 from Sophia Yamamoto. into ko', 'azure', 0.95),
('4c82c50d-1898-43ea-9fff-b26aaeaa6c08', 'vi', 'Translated Sample transcript sentence 9 from James Williams. into vi', 'azure', 0.95),
('4c82c50d-1898-43ea-9fff-b26aaeaa6c08', 'ja', 'Translated Sample transcript sentence 9 from James Williams. into ja', 'azure', 0.95),
('4c82c50d-1898-43ea-9fff-b26aaeaa6c08', 'ko', 'Translated Sample transcript sentence 9 from James Williams. into ko', 'azure', 0.95),
('e0e88146-13d1-4ed4-987c-517ec67418e9', 'vi', 'Translated Sample transcript sentence 10 from Charlotte Miller. into vi', 'azure', 0.95),
('e0e88146-13d1-4ed4-987c-517ec67418e9', 'ja', 'Translated Sample transcript sentence 10 from Charlotte Miller. into ja', 'azure', 0.95),
('e0e88146-13d1-4ed4-987c-517ec67418e9', 'ko', 'Translated Sample transcript sentence 10 from Charlotte Miller. into ko', 'azure', 0.95),
('d4c50920-2426-4c99-ad20-ba5aabf89c4e', 'vi', 'Translated Sample transcript sentence 1 from Sophia Yamamoto. into vi', 'azure', 0.95),
('d4c50920-2426-4c99-ad20-ba5aabf89c4e', 'ja', 'Translated Sample transcript sentence 1 from Sophia Yamamoto. into ja', 'azure', 0.95),
('d4c50920-2426-4c99-ad20-ba5aabf89c4e', 'ko', 'Translated Sample transcript sentence 1 from Sophia Yamamoto. into ko', 'azure', 0.95),
('4fdb1cb3-360d-4926-96eb-bc53897d01c9', 'vi', 'Translated Sample transcript sentence 2 from Sophia Yamamoto. into vi', 'azure', 0.95),
('4fdb1cb3-360d-4926-96eb-bc53897d01c9', 'ja', 'Translated Sample transcript sentence 2 from Sophia Yamamoto. into ja', 'azure', 0.95),
('4fdb1cb3-360d-4926-96eb-bc53897d01c9', 'ko', 'Translated Sample transcript sentence 2 from Sophia Yamamoto. into ko', 'azure', 0.95),
('4b000850-30e0-4e03-9cf4-acd95927a0a3', 'vi', 'Translated Sample transcript sentence 3 from Olivia Park. into vi', 'azure', 0.95),
('4b000850-30e0-4e03-9cf4-acd95927a0a3', 'ja', 'Translated Sample transcript sentence 3 from Olivia Park. into ja', 'azure', 0.95),
('4b000850-30e0-4e03-9cf4-acd95927a0a3', 'ko', 'Translated Sample transcript sentence 3 from Olivia Park. into ko', 'azure', 0.95),
('07031d73-28f3-44ae-ae59-0a1d89d64f3c', 'vi', 'Translated Sample transcript sentence 4 from Olivia Park. into vi', 'azure', 0.95),
('07031d73-28f3-44ae-ae59-0a1d89d64f3c', 'ja', 'Translated Sample transcript sentence 4 from Olivia Park. into ja', 'azure', 0.95),
('07031d73-28f3-44ae-ae59-0a1d89d64f3c', 'ko', 'Translated Sample transcript sentence 4 from Olivia Park. into ko', 'azure', 0.95),
('890d11e8-bd42-43b9-a499-23f2020be7ec', 'vi', 'Translated Sample transcript sentence 5 from Olivia Park. into vi', 'azure', 0.95),
('890d11e8-bd42-43b9-a499-23f2020be7ec', 'ja', 'Translated Sample transcript sentence 5 from Olivia Park. into ja', 'azure', 0.95),
('890d11e8-bd42-43b9-a499-23f2020be7ec', 'ko', 'Translated Sample transcript sentence 5 from Olivia Park. into ko', 'azure', 0.95),
('8da8b772-6a57-42e5-9e37-1087c4c66eb4', 'vi', 'Translated Sample transcript sentence 6 from Sophia Yamamoto. into vi', 'azure', 0.95),
('8da8b772-6a57-42e5-9e37-1087c4c66eb4', 'ja', 'Translated Sample transcript sentence 6 from Sophia Yamamoto. into ja', 'azure', 0.95),
('8da8b772-6a57-42e5-9e37-1087c4c66eb4', 'ko', 'Translated Sample transcript sentence 6 from Sophia Yamamoto. into ko', 'azure', 0.95),
('bd7c5a0f-3ae4-45e9-a7dd-75a9fe8cf8d3', 'vi', 'Translated Sample transcript sentence 7 from Olivia Park. into vi', 'azure', 0.95),
('bd7c5a0f-3ae4-45e9-a7dd-75a9fe8cf8d3', 'ja', 'Translated Sample transcript sentence 7 from Olivia Park. into ja', 'azure', 0.95),
('bd7c5a0f-3ae4-45e9-a7dd-75a9fe8cf8d3', 'ko', 'Translated Sample transcript sentence 7 from Olivia Park. into ko', 'azure', 0.95),
('0c61addb-4e92-47ce-a7b4-d3645a90fc3a', 'vi', 'Translated Sample transcript sentence 8 from Sophia Yamamoto. into vi', 'azure', 0.95),
('0c61addb-4e92-47ce-a7b4-d3645a90fc3a', 'ja', 'Translated Sample transcript sentence 8 from Sophia Yamamoto. into ja', 'azure', 0.95),
('0c61addb-4e92-47ce-a7b4-d3645a90fc3a', 'ko', 'Translated Sample transcript sentence 8 from Sophia Yamamoto. into ko', 'azure', 0.95),
('0e5dd028-9d66-4e2a-808a-bf183b9443cc', 'vi', 'Translated Sample transcript sentence 9 from Sophia Yamamoto. into vi', 'azure', 0.95),
('0e5dd028-9d66-4e2a-808a-bf183b9443cc', 'ja', 'Translated Sample transcript sentence 9 from Sophia Yamamoto. into ja', 'azure', 0.95),
('0e5dd028-9d66-4e2a-808a-bf183b9443cc', 'ko', 'Translated Sample transcript sentence 9 from Sophia Yamamoto. into ko', 'azure', 0.95),
('00acec24-49a3-4b3b-889a-115687cabdf5', 'vi', 'Translated Sample transcript sentence 10 from Sophia Yamamoto. into vi', 'azure', 0.95),
('00acec24-49a3-4b3b-889a-115687cabdf5', 'ja', 'Translated Sample transcript sentence 10 from Sophia Yamamoto. into ja', 'azure', 0.95),
('00acec24-49a3-4b3b-889a-115687cabdf5', 'ko', 'Translated Sample transcript sentence 10 from Sophia Yamamoto. into ko', 'azure', 0.95),
('73f673a8-819f-4d0a-aee3-b269e67a377b', 'vi', 'Translated Sample transcript sentence 1 from Noah Yamamoto. into vi', 'azure', 0.95),
('73f673a8-819f-4d0a-aee3-b269e67a377b', 'ja', 'Translated Sample transcript sentence 1 from Noah Yamamoto. into ja', 'azure', 0.95),
('73f673a8-819f-4d0a-aee3-b269e67a377b', 'ko', 'Translated Sample transcript sentence 1 from Noah Yamamoto. into ko', 'azure', 0.95),
('99f9b1bf-f080-4ccd-a03a-6fcd9bcbc858', 'vi', 'Translated Sample transcript sentence 2 from Elena Rossi. into vi', 'azure', 0.95),
('99f9b1bf-f080-4ccd-a03a-6fcd9bcbc858', 'ja', 'Translated Sample transcript sentence 2 from Elena Rossi. into ja', 'azure', 0.95),
('99f9b1bf-f080-4ccd-a03a-6fcd9bcbc858', 'ko', 'Translated Sample transcript sentence 2 from Elena Rossi. into ko', 'azure', 0.95),
('ff3e9d4c-47f7-469d-abe3-761bcc1fef6d', 'vi', 'Translated Sample transcript sentence 3 from Jiwoo Davis. into vi', 'azure', 0.95),
('ff3e9d4c-47f7-469d-abe3-761bcc1fef6d', 'ja', 'Translated Sample transcript sentence 3 from Jiwoo Davis. into ja', 'azure', 0.95),
('ff3e9d4c-47f7-469d-abe3-761bcc1fef6d', 'ko', 'Translated Sample transcript sentence 3 from Jiwoo Davis. into ko', 'azure', 0.95),
('9f3bd31f-81d3-42e0-a49a-aea3f45c84fa', 'vi', 'Translated Sample transcript sentence 4 from Noah Yamamoto. into vi', 'azure', 0.95),
('9f3bd31f-81d3-42e0-a49a-aea3f45c84fa', 'ja', 'Translated Sample transcript sentence 4 from Noah Yamamoto. into ja', 'azure', 0.95),
('9f3bd31f-81d3-42e0-a49a-aea3f45c84fa', 'ko', 'Translated Sample transcript sentence 4 from Noah Yamamoto. into ko', 'azure', 0.95),
('c15296e9-6691-45b4-b0a2-dcc19d86b5ad', 'vi', 'Translated Sample transcript sentence 5 from Liam Chen. into vi', 'azure', 0.95),
('c15296e9-6691-45b4-b0a2-dcc19d86b5ad', 'ja', 'Translated Sample transcript sentence 5 from Liam Chen. into ja', 'azure', 0.95),
('c15296e9-6691-45b4-b0a2-dcc19d86b5ad', 'ko', 'Translated Sample transcript sentence 5 from Liam Chen. into ko', 'azure', 0.95),
('38ff86f1-64e3-48f0-b7c4-ab37131855bb', 'vi', 'Translated Sample transcript sentence 6 from Sophia Yamamoto. into vi', 'azure', 0.95),
('38ff86f1-64e3-48f0-b7c4-ab37131855bb', 'ja', 'Translated Sample transcript sentence 6 from Sophia Yamamoto. into ja', 'azure', 0.95),
('38ff86f1-64e3-48f0-b7c4-ab37131855bb', 'ko', 'Translated Sample transcript sentence 6 from Sophia Yamamoto. into ko', 'azure', 0.95),
('4ab7a400-bc15-4b02-95bd-8003f2d3b4cf', 'vi', 'Translated Sample transcript sentence 7 from Elena Rossi. into vi', 'azure', 0.95),
('4ab7a400-bc15-4b02-95bd-8003f2d3b4cf', 'ja', 'Translated Sample transcript sentence 7 from Elena Rossi. into ja', 'azure', 0.95),
('4ab7a400-bc15-4b02-95bd-8003f2d3b4cf', 'ko', 'Translated Sample transcript sentence 7 from Elena Rossi. into ko', 'azure', 0.95),
('61530b6f-addc-42af-9d31-33d26f3d1267', 'vi', 'Translated Sample transcript sentence 8 from Liam Chen. into vi', 'azure', 0.95),
('61530b6f-addc-42af-9d31-33d26f3d1267', 'ja', 'Translated Sample transcript sentence 8 from Liam Chen. into ja', 'azure', 0.95),
('61530b6f-addc-42af-9d31-33d26f3d1267', 'ko', 'Translated Sample transcript sentence 8 from Liam Chen. into ko', 'azure', 0.95),
('1f9eec62-0cce-4592-9303-1de5c562c75e', 'vi', 'Translated Sample transcript sentence 9 from Liam Chen. into vi', 'azure', 0.95),
('1f9eec62-0cce-4592-9303-1de5c562c75e', 'ja', 'Translated Sample transcript sentence 9 from Liam Chen. into ja', 'azure', 0.95),
('1f9eec62-0cce-4592-9303-1de5c562c75e', 'ko', 'Translated Sample transcript sentence 9 from Liam Chen. into ko', 'azure', 0.95),
('c60542c7-3c9f-4a79-938f-33a170ebf3cc', 'vi', 'Translated Sample transcript sentence 10 from Sophia Yamamoto. into vi', 'azure', 0.95),
('c60542c7-3c9f-4a79-938f-33a170ebf3cc', 'ja', 'Translated Sample transcript sentence 10 from Sophia Yamamoto. into ja', 'azure', 0.95),
('c60542c7-3c9f-4a79-938f-33a170ebf3cc', 'ko', 'Translated Sample transcript sentence 10 from Sophia Yamamoto. into ko', 'azure', 0.95),
('97d3ce1b-a8ac-48f3-94dc-f0c19c765f6a', 'vi', 'Translated Sample transcript sentence 1 from William Johnson. into vi', 'azure', 0.95),
('97d3ce1b-a8ac-48f3-94dc-f0c19c765f6a', 'ja', 'Translated Sample transcript sentence 1 from William Johnson. into ja', 'azure', 0.95),
('97d3ce1b-a8ac-48f3-94dc-f0c19c765f6a', 'ko', 'Translated Sample transcript sentence 1 from William Johnson. into ko', 'azure', 0.95),
('902d5473-45b4-46af-be25-75b5ff0aff98', 'vi', 'Translated Sample transcript sentence 2 from James Rodriguez. into vi', 'azure', 0.95),
('902d5473-45b4-46af-be25-75b5ff0aff98', 'ja', 'Translated Sample transcript sentence 2 from James Rodriguez. into ja', 'azure', 0.95),
('902d5473-45b4-46af-be25-75b5ff0aff98', 'ko', 'Translated Sample transcript sentence 2 from James Rodriguez. into ko', 'azure', 0.95),
('c64f650a-0698-4c2d-98f0-aa01be5708d2', 'vi', 'Translated Sample transcript sentence 3 from Elena Rossi. into vi', 'azure', 0.95),
('c64f650a-0698-4c2d-98f0-aa01be5708d2', 'ja', 'Translated Sample transcript sentence 3 from Elena Rossi. into ja', 'azure', 0.95),
('c64f650a-0698-4c2d-98f0-aa01be5708d2', 'ko', 'Translated Sample transcript sentence 3 from Elena Rossi. into ko', 'azure', 0.95),
('2b7c46f4-546e-4824-921d-b8b31865d88b', 'vi', 'Translated Sample transcript sentence 4 from Noah Yamamoto. into vi', 'azure', 0.95),
('2b7c46f4-546e-4824-921d-b8b31865d88b', 'ja', 'Translated Sample transcript sentence 4 from Noah Yamamoto. into ja', 'azure', 0.95),
('2b7c46f4-546e-4824-921d-b8b31865d88b', 'ko', 'Translated Sample transcript sentence 4 from Noah Yamamoto. into ko', 'azure', 0.95),
('5ecd507a-00a3-496d-b630-ca57e98937f3', 'vi', 'Translated Sample transcript sentence 5 from Takashi Davis. into vi', 'azure', 0.95),
('5ecd507a-00a3-496d-b630-ca57e98937f3', 'ja', 'Translated Sample transcript sentence 5 from Takashi Davis. into ja', 'azure', 0.95),
('5ecd507a-00a3-496d-b630-ca57e98937f3', 'ko', 'Translated Sample transcript sentence 5 from Takashi Davis. into ko', 'azure', 0.95),
('78eeb31f-d089-4b6d-b58d-a8dd1f186753', 'vi', 'Translated Sample transcript sentence 6 from Liam Chen. into vi', 'azure', 0.95),
('78eeb31f-d089-4b6d-b58d-a8dd1f186753', 'ja', 'Translated Sample transcript sentence 6 from Liam Chen. into ja', 'azure', 0.95),
('78eeb31f-d089-4b6d-b58d-a8dd1f186753', 'ko', 'Translated Sample transcript sentence 6 from Liam Chen. into ko', 'azure', 0.95),
('d19ea669-bff7-434e-9c1a-b3de8aec8be2', 'vi', 'Translated Sample transcript sentence 7 from William Johnson. into vi', 'azure', 0.95),
('d19ea669-bff7-434e-9c1a-b3de8aec8be2', 'ja', 'Translated Sample transcript sentence 7 from William Johnson. into ja', 'azure', 0.95),
('d19ea669-bff7-434e-9c1a-b3de8aec8be2', 'ko', 'Translated Sample transcript sentence 7 from William Johnson. into ko', 'azure', 0.95),
('5f61d090-de25-4903-8779-d2e436d5ddb0', 'vi', 'Translated Sample transcript sentence 8 from James Rodriguez. into vi', 'azure', 0.95),
('5f61d090-de25-4903-8779-d2e436d5ddb0', 'ja', 'Translated Sample transcript sentence 8 from James Rodriguez. into ja', 'azure', 0.95),
('5f61d090-de25-4903-8779-d2e436d5ddb0', 'ko', 'Translated Sample transcript sentence 8 from James Rodriguez. into ko', 'azure', 0.95),
('1940a432-19b6-4ddb-a789-c2d1e99233a2', 'vi', 'Translated Sample transcript sentence 9 from James Rodriguez. into vi', 'azure', 0.95),
('1940a432-19b6-4ddb-a789-c2d1e99233a2', 'ja', 'Translated Sample transcript sentence 9 from James Rodriguez. into ja', 'azure', 0.95),
('1940a432-19b6-4ddb-a789-c2d1e99233a2', 'ko', 'Translated Sample transcript sentence 9 from James Rodriguez. into ko', 'azure', 0.95),
('51fd481e-d202-4f2f-8cda-37152a9af5f9', 'vi', 'Translated Sample transcript sentence 10 from James Rodriguez. into vi', 'azure', 0.95),
('51fd481e-d202-4f2f-8cda-37152a9af5f9', 'ja', 'Translated Sample transcript sentence 10 from James Rodriguez. into ja', 'azure', 0.95),
('51fd481e-d202-4f2f-8cda-37152a9af5f9', 'ko', 'Translated Sample transcript sentence 10 from James Rodriguez. into ko', 'azure', 0.95),
('4bf08520-2bd4-48d9-b2c4-3dcaadbbf91c', 'vi', 'Translated Sample transcript sentence 1 from James Williams. into vi', 'azure', 0.95),
('4bf08520-2bd4-48d9-b2c4-3dcaadbbf91c', 'ja', 'Translated Sample transcript sentence 1 from James Williams. into ja', 'azure', 0.95),
('4bf08520-2bd4-48d9-b2c4-3dcaadbbf91c', 'ko', 'Translated Sample transcript sentence 1 from James Williams. into ko', 'azure', 0.95),
('7f50b276-928d-455b-9a04-8a7424bae701', 'vi', 'Translated Sample transcript sentence 2 from Noah Hernandez. into vi', 'azure', 0.95),
('7f50b276-928d-455b-9a04-8a7424bae701', 'ja', 'Translated Sample transcript sentence 2 from Noah Hernandez. into ja', 'azure', 0.95),
('7f50b276-928d-455b-9a04-8a7424bae701', 'ko', 'Translated Sample transcript sentence 2 from Noah Hernandez. into ko', 'azure', 0.95),
('ad4a70a4-9260-4d6d-b3f5-0edc67945780', 'vi', 'Translated Sample transcript sentence 3 from Takashi Davis. into vi', 'azure', 0.95),
('ad4a70a4-9260-4d6d-b3f5-0edc67945780', 'ja', 'Translated Sample transcript sentence 3 from Takashi Davis. into ja', 'azure', 0.95),
('ad4a70a4-9260-4d6d-b3f5-0edc67945780', 'ko', 'Translated Sample transcript sentence 3 from Takashi Davis. into ko', 'azure', 0.95),
('653f5c9b-0f9d-4c2e-9fff-518df0547329', 'vi', 'Translated Sample transcript sentence 4 from James Williams. into vi', 'azure', 0.95),
('653f5c9b-0f9d-4c2e-9fff-518df0547329', 'ja', 'Translated Sample transcript sentence 4 from James Williams. into ja', 'azure', 0.95),
('653f5c9b-0f9d-4c2e-9fff-518df0547329', 'ko', 'Translated Sample transcript sentence 4 from James Williams. into ko', 'azure', 0.95),
('631af56f-a2e3-4f5b-8046-f20308137a2a', 'vi', 'Translated Sample transcript sentence 5 from Takashi Davis. into vi', 'azure', 0.95),
('631af56f-a2e3-4f5b-8046-f20308137a2a', 'ja', 'Translated Sample transcript sentence 5 from Takashi Davis. into ja', 'azure', 0.95),
('631af56f-a2e3-4f5b-8046-f20308137a2a', 'ko', 'Translated Sample transcript sentence 5 from Takashi Davis. into ko', 'azure', 0.95),
('f0b8febe-d7b3-4a02-8240-2de8623c19e2', 'vi', 'Translated Sample transcript sentence 6 from Noah Hernandez. into vi', 'azure', 0.95),
('f0b8febe-d7b3-4a02-8240-2de8623c19e2', 'ja', 'Translated Sample transcript sentence 6 from Noah Hernandez. into ja', 'azure', 0.95),
('f0b8febe-d7b3-4a02-8240-2de8623c19e2', 'ko', 'Translated Sample transcript sentence 6 from Noah Hernandez. into ko', 'azure', 0.95),
('d2f2a91a-4435-4c24-aaa7-cfa6f39990f2', 'vi', 'Translated Sample transcript sentence 7 from Takashi Davis. into vi', 'azure', 0.95),
('d2f2a91a-4435-4c24-aaa7-cfa6f39990f2', 'ja', 'Translated Sample transcript sentence 7 from Takashi Davis. into ja', 'azure', 0.95),
('d2f2a91a-4435-4c24-aaa7-cfa6f39990f2', 'ko', 'Translated Sample transcript sentence 7 from Takashi Davis. into ko', 'azure', 0.95),
('3ee21df9-66a4-47d6-b8b5-6fbc216ac6e3', 'vi', 'Translated Sample transcript sentence 8 from Takashi Davis. into vi', 'azure', 0.95),
('3ee21df9-66a4-47d6-b8b5-6fbc216ac6e3', 'ja', 'Translated Sample transcript sentence 8 from Takashi Davis. into ja', 'azure', 0.95),
('3ee21df9-66a4-47d6-b8b5-6fbc216ac6e3', 'ko', 'Translated Sample transcript sentence 8 from Takashi Davis. into ko', 'azure', 0.95),
('5383e675-9ac7-49b7-b8e7-59b3fd2724c8', 'vi', 'Translated Sample transcript sentence 9 from Takashi Davis. into vi', 'azure', 0.95),
('5383e675-9ac7-49b7-b8e7-59b3fd2724c8', 'ja', 'Translated Sample transcript sentence 9 from Takashi Davis. into ja', 'azure', 0.95),
('5383e675-9ac7-49b7-b8e7-59b3fd2724c8', 'ko', 'Translated Sample transcript sentence 9 from Takashi Davis. into ko', 'azure', 0.95),
('1fe0fbab-dc2b-4155-894e-165d4304eb25', 'vi', 'Translated Sample transcript sentence 10 from Noah Hernandez. into vi', 'azure', 0.95),
('1fe0fbab-dc2b-4155-894e-165d4304eb25', 'ja', 'Translated Sample transcript sentence 10 from Noah Hernandez. into ja', 'azure', 0.95),
('1fe0fbab-dc2b-4155-894e-165d4304eb25', 'ko', 'Translated Sample transcript sentence 10 from Noah Hernandez. into ko', 'azure', 0.95),
('1041882b-6634-432c-a34a-14a3a163a187', 'vi', 'Translated Sample transcript sentence 1 from Isabella Hernandez. into vi', 'azure', 0.95),
('1041882b-6634-432c-a34a-14a3a163a187', 'ja', 'Translated Sample transcript sentence 1 from Isabella Hernandez. into ja', 'azure', 0.95),
('1041882b-6634-432c-a34a-14a3a163a187', 'ko', 'Translated Sample transcript sentence 1 from Isabella Hernandez. into ko', 'azure', 0.95),
('70c31426-f997-4295-967b-496d1448af9d', 'vi', 'Translated Sample transcript sentence 2 from James Johnson. into vi', 'azure', 0.95),
('70c31426-f997-4295-967b-496d1448af9d', 'ja', 'Translated Sample transcript sentence 2 from James Johnson. into ja', 'azure', 0.95),
('70c31426-f997-4295-967b-496d1448af9d', 'ko', 'Translated Sample transcript sentence 2 from James Johnson. into ko', 'azure', 0.95),
('12c6c3a0-991a-477b-9981-51b4aa41d6ed', 'vi', 'Translated Sample transcript sentence 3 from James Johnson. into vi', 'azure', 0.95),
('12c6c3a0-991a-477b-9981-51b4aa41d6ed', 'ja', 'Translated Sample transcript sentence 3 from James Johnson. into ja', 'azure', 0.95),
('12c6c3a0-991a-477b-9981-51b4aa41d6ed', 'ko', 'Translated Sample transcript sentence 3 from James Johnson. into ko', 'azure', 0.95),
('5e8c9c0f-4ce3-4111-a8e1-f7c1b2ab4da6', 'vi', 'Translated Sample transcript sentence 4 from James Williams. into vi', 'azure', 0.95),
('5e8c9c0f-4ce3-4111-a8e1-f7c1b2ab4da6', 'ja', 'Translated Sample transcript sentence 4 from James Williams. into ja', 'azure', 0.95),
('5e8c9c0f-4ce3-4111-a8e1-f7c1b2ab4da6', 'ko', 'Translated Sample transcript sentence 4 from James Williams. into ko', 'azure', 0.95),
('ff07699e-e845-480d-a1ed-00b95d2be09f', 'vi', 'Translated Sample transcript sentence 5 from James Williams. into vi', 'azure', 0.95),
('ff07699e-e845-480d-a1ed-00b95d2be09f', 'ja', 'Translated Sample transcript sentence 5 from James Williams. into ja', 'azure', 0.95),
('ff07699e-e845-480d-a1ed-00b95d2be09f', 'ko', 'Translated Sample transcript sentence 5 from James Williams. into ko', 'azure', 0.95),
('25ee1469-e9e4-4826-bc10-0393e3cdffa2', 'vi', 'Translated Sample transcript sentence 6 from Isabella Hernandez. into vi', 'azure', 0.95),
('25ee1469-e9e4-4826-bc10-0393e3cdffa2', 'ja', 'Translated Sample transcript sentence 6 from Isabella Hernandez. into ja', 'azure', 0.95),
('25ee1469-e9e4-4826-bc10-0393e3cdffa2', 'ko', 'Translated Sample transcript sentence 6 from Isabella Hernandez. into ko', 'azure', 0.95),
('c43835e1-3e57-409b-b552-957c45c57ec3', 'vi', 'Translated Sample transcript sentence 7 from James Johnson. into vi', 'azure', 0.95),
('c43835e1-3e57-409b-b552-957c45c57ec3', 'ja', 'Translated Sample transcript sentence 7 from James Johnson. into ja', 'azure', 0.95),
('c43835e1-3e57-409b-b552-957c45c57ec3', 'ko', 'Translated Sample transcript sentence 7 from James Johnson. into ko', 'azure', 0.95),
('c2c661c6-3c0a-42d5-b9ee-1ffb463af511', 'vi', 'Translated Sample transcript sentence 8 from Olivia Rossi. into vi', 'azure', 0.95),
('c2c661c6-3c0a-42d5-b9ee-1ffb463af511', 'ja', 'Translated Sample transcript sentence 8 from Olivia Rossi. into ja', 'azure', 0.95),
('c2c661c6-3c0a-42d5-b9ee-1ffb463af511', 'ko', 'Translated Sample transcript sentence 8 from Olivia Rossi. into ko', 'azure', 0.95),
('2b0bc015-ad26-4fde-af7a-1904a21c07cf', 'vi', 'Translated Sample transcript sentence 9 from Isabella Hernandez. into vi', 'azure', 0.95),
('2b0bc015-ad26-4fde-af7a-1904a21c07cf', 'ja', 'Translated Sample transcript sentence 9 from Isabella Hernandez. into ja', 'azure', 0.95),
('2b0bc015-ad26-4fde-af7a-1904a21c07cf', 'ko', 'Translated Sample transcript sentence 9 from Isabella Hernandez. into ko', 'azure', 0.95),
('f4bf5633-fa82-439e-a683-c27bbbb5c50a', 'vi', 'Translated Sample transcript sentence 10 from James Williams. into vi', 'azure', 0.95),
('f4bf5633-fa82-439e-a683-c27bbbb5c50a', 'ja', 'Translated Sample transcript sentence 10 from James Williams. into ja', 'azure', 0.95),
('f4bf5633-fa82-439e-a683-c27bbbb5c50a', 'ko', 'Translated Sample transcript sentence 10 from James Williams. into ko', 'azure', 0.95),
('40dba8df-90c0-46b5-8f80-91cd61fd1e76', 'vi', 'Translated Sample transcript sentence 1 from Sarah Hernandez. into vi', 'azure', 0.95),
('40dba8df-90c0-46b5-8f80-91cd61fd1e76', 'ja', 'Translated Sample transcript sentence 1 from Sarah Hernandez. into ja', 'azure', 0.95),
('40dba8df-90c0-46b5-8f80-91cd61fd1e76', 'ko', 'Translated Sample transcript sentence 1 from Sarah Hernandez. into ko', 'azure', 0.95),
('a5aed15d-6fdc-4bcf-8619-a6bd7c786c79', 'vi', 'Translated Sample transcript sentence 2 from Sarah Hernandez. into vi', 'azure', 0.95),
('a5aed15d-6fdc-4bcf-8619-a6bd7c786c79', 'ja', 'Translated Sample transcript sentence 2 from Sarah Hernandez. into ja', 'azure', 0.95),
('a5aed15d-6fdc-4bcf-8619-a6bd7c786c79', 'ko', 'Translated Sample transcript sentence 2 from Sarah Hernandez. into ko', 'azure', 0.95),
('f082e467-8780-423a-b129-f9e87d1852be', 'vi', 'Translated Sample transcript sentence 3 from Olivia Park. into vi', 'azure', 0.95),
('f082e467-8780-423a-b129-f9e87d1852be', 'ja', 'Translated Sample transcript sentence 3 from Olivia Park. into ja', 'azure', 0.95),
('f082e467-8780-423a-b129-f9e87d1852be', 'ko', 'Translated Sample transcript sentence 3 from Olivia Park. into ko', 'azure', 0.95),
('c2156a14-bb74-478d-8e8e-5121c37dbc11', 'vi', 'Translated Sample transcript sentence 4 from Elena Yamamoto. into vi', 'azure', 0.95),
('c2156a14-bb74-478d-8e8e-5121c37dbc11', 'ja', 'Translated Sample transcript sentence 4 from Elena Yamamoto. into ja', 'azure', 0.95),
('c2156a14-bb74-478d-8e8e-5121c37dbc11', 'ko', 'Translated Sample transcript sentence 4 from Elena Yamamoto. into ko', 'azure', 0.95),
('d2ddbd74-1c86-4b23-bb95-edf663e62299', 'vi', 'Translated Sample transcript sentence 5 from William Johnson. into vi', 'azure', 0.95),
('d2ddbd74-1c86-4b23-bb95-edf663e62299', 'ja', 'Translated Sample transcript sentence 5 from William Johnson. into ja', 'azure', 0.95),
('d2ddbd74-1c86-4b23-bb95-edf663e62299', 'ko', 'Translated Sample transcript sentence 5 from William Johnson. into ko', 'azure', 0.95),
('b7753eb9-58e1-4454-9099-58da27804200', 'vi', 'Translated Sample transcript sentence 6 from William Johnson. into vi', 'azure', 0.95),
('b7753eb9-58e1-4454-9099-58da27804200', 'ja', 'Translated Sample transcript sentence 6 from William Johnson. into ja', 'azure', 0.95),
('b7753eb9-58e1-4454-9099-58da27804200', 'ko', 'Translated Sample transcript sentence 6 from William Johnson. into ko', 'azure', 0.95),
('2e7099ab-e82b-4b0e-86e7-266fe6cfff10', 'vi', 'Translated Sample transcript sentence 7 from Olivia Rossi. into vi', 'azure', 0.95),
('2e7099ab-e82b-4b0e-86e7-266fe6cfff10', 'ja', 'Translated Sample transcript sentence 7 from Olivia Rossi. into ja', 'azure', 0.95),
('2e7099ab-e82b-4b0e-86e7-266fe6cfff10', 'ko', 'Translated Sample transcript sentence 7 from Olivia Rossi. into ko', 'azure', 0.95),
('f276082b-21a5-49a9-9654-0f31b700fca2', 'vi', 'Translated Sample transcript sentence 8 from Lucas Hernandez. into vi', 'azure', 0.95),
('f276082b-21a5-49a9-9654-0f31b700fca2', 'ja', 'Translated Sample transcript sentence 8 from Lucas Hernandez. into ja', 'azure', 0.95),
('f276082b-21a5-49a9-9654-0f31b700fca2', 'ko', 'Translated Sample transcript sentence 8 from Lucas Hernandez. into ko', 'azure', 0.95),
('adb71096-5d9c-4132-8df2-28a305b31305', 'vi', 'Translated Sample transcript sentence 9 from James Garcia. into vi', 'azure', 0.95),
('adb71096-5d9c-4132-8df2-28a305b31305', 'ja', 'Translated Sample transcript sentence 9 from James Garcia. into ja', 'azure', 0.95),
('adb71096-5d9c-4132-8df2-28a305b31305', 'ko', 'Translated Sample transcript sentence 9 from James Garcia. into ko', 'azure', 0.95),
('2cf99c7a-7dd1-4f8f-acb5-c69a50a29521', 'vi', 'Translated Sample transcript sentence 10 from Olivia Rossi. into vi', 'azure', 0.95),
('2cf99c7a-7dd1-4f8f-acb5-c69a50a29521', 'ja', 'Translated Sample transcript sentence 10 from Olivia Rossi. into ja', 'azure', 0.95),
('2cf99c7a-7dd1-4f8f-acb5-c69a50a29521', 'ko', 'Translated Sample transcript sentence 10 from Olivia Rossi. into ko', 'azure', 0.95),
('3f00fbdc-48f2-4ff4-9105-8e1bad6102e9', 'vi', 'Translated Sample transcript sentence 1 from Noah Hernandez. into vi', 'azure', 0.95),
('3f00fbdc-48f2-4ff4-9105-8e1bad6102e9', 'ja', 'Translated Sample transcript sentence 1 from Noah Hernandez. into ja', 'azure', 0.95),
('3f00fbdc-48f2-4ff4-9105-8e1bad6102e9', 'ko', 'Translated Sample transcript sentence 1 from Noah Hernandez. into ko', 'azure', 0.95),
('2a7e7aca-bfd1-462b-ad9b-993739378e6e', 'vi', 'Translated Sample transcript sentence 2 from John Jones. into vi', 'azure', 0.95),
('2a7e7aca-bfd1-462b-ad9b-993739378e6e', 'ja', 'Translated Sample transcript sentence 2 from John Jones. into ja', 'azure', 0.95),
('2a7e7aca-bfd1-462b-ad9b-993739378e6e', 'ko', 'Translated Sample transcript sentence 2 from John Jones. into ko', 'azure', 0.95),
('952c3262-9e6c-423f-b811-4b985fc931d4', 'vi', 'Translated Sample transcript sentence 3 from John Jones. into vi', 'azure', 0.95),
('952c3262-9e6c-423f-b811-4b985fc931d4', 'ja', 'Translated Sample transcript sentence 3 from John Jones. into ja', 'azure', 0.95),
('952c3262-9e6c-423f-b811-4b985fc931d4', 'ko', 'Translated Sample transcript sentence 3 from John Jones. into ko', 'azure', 0.95),
('5fbbcb74-e36b-4b11-bc42-9081548f575b', 'vi', 'Translated Sample transcript sentence 4 from Noah Hernandez. into vi', 'azure', 0.95),
('5fbbcb74-e36b-4b11-bc42-9081548f575b', 'ja', 'Translated Sample transcript sentence 4 from Noah Hernandez. into ja', 'azure', 0.95),
('5fbbcb74-e36b-4b11-bc42-9081548f575b', 'ko', 'Translated Sample transcript sentence 4 from Noah Hernandez. into ko', 'azure', 0.95),
('2afa732d-f0ab-4dfc-976e-98525f81986d', 'vi', 'Translated Sample transcript sentence 5 from Sarah Tran. into vi', 'azure', 0.95),
('2afa732d-f0ab-4dfc-976e-98525f81986d', 'ja', 'Translated Sample transcript sentence 5 from Sarah Tran. into ja', 'azure', 0.95),
('2afa732d-f0ab-4dfc-976e-98525f81986d', 'ko', 'Translated Sample transcript sentence 5 from Sarah Tran. into ko', 'azure', 0.95),
('1bb4d8ca-2633-4ea2-a205-31e4e60c668b', 'vi', 'Translated Sample transcript sentence 6 from Sarah Tran. into vi', 'azure', 0.95),
('1bb4d8ca-2633-4ea2-a205-31e4e60c668b', 'ja', 'Translated Sample transcript sentence 6 from Sarah Tran. into ja', 'azure', 0.95),
('1bb4d8ca-2633-4ea2-a205-31e4e60c668b', 'ko', 'Translated Sample transcript sentence 6 from Sarah Tran. into ko', 'azure', 0.95),
('c6ddcfbe-6407-4207-92b2-944fe75bcc04', 'vi', 'Translated Sample transcript sentence 7 from Sarah Tran. into vi', 'azure', 0.95),
('c6ddcfbe-6407-4207-92b2-944fe75bcc04', 'ja', 'Translated Sample transcript sentence 7 from Sarah Tran. into ja', 'azure', 0.95),
('c6ddcfbe-6407-4207-92b2-944fe75bcc04', 'ko', 'Translated Sample transcript sentence 7 from Sarah Tran. into ko', 'azure', 0.95),
('22184d75-6ece-488d-b704-77be71072f8f', 'vi', 'Translated Sample transcript sentence 8 from Sarah Tran. into vi', 'azure', 0.95),
('22184d75-6ece-488d-b704-77be71072f8f', 'ja', 'Translated Sample transcript sentence 8 from Sarah Tran. into ja', 'azure', 0.95),
('22184d75-6ece-488d-b704-77be71072f8f', 'ko', 'Translated Sample transcript sentence 8 from Sarah Tran. into ko', 'azure', 0.95),
('0c511324-3633-4bd7-8742-342d48ff5947', 'vi', 'Translated Sample transcript sentence 9 from Noah Hernandez. into vi', 'azure', 0.95),
('0c511324-3633-4bd7-8742-342d48ff5947', 'ja', 'Translated Sample transcript sentence 9 from Noah Hernandez. into ja', 'azure', 0.95),
('0c511324-3633-4bd7-8742-342d48ff5947', 'ko', 'Translated Sample transcript sentence 9 from Noah Hernandez. into ko', 'azure', 0.95),
('6ee9d066-d2f1-4845-ad63-d9a3b40d0efc', 'vi', 'Translated Sample transcript sentence 10 from John Jones. into vi', 'azure', 0.95),
('6ee9d066-d2f1-4845-ad63-d9a3b40d0efc', 'ja', 'Translated Sample transcript sentence 10 from John Jones. into ja', 'azure', 0.95),
('6ee9d066-d2f1-4845-ad63-d9a3b40d0efc', 'ko', 'Translated Sample transcript sentence 10 from John Jones. into ko', 'azure', 0.95),
('0f549e05-9f04-409d-af76-4670d07a89a2', 'vi', 'Translated Sample transcript sentence 1 from James Garcia. into vi', 'azure', 0.95),
('0f549e05-9f04-409d-af76-4670d07a89a2', 'ja', 'Translated Sample transcript sentence 1 from James Garcia. into ja', 'azure', 0.95),
('0f549e05-9f04-409d-af76-4670d07a89a2', 'ko', 'Translated Sample transcript sentence 1 from James Garcia. into ko', 'azure', 0.95),
('3c4900e7-ac74-4fa2-8c44-cfcffb3f9335', 'vi', 'Translated Sample transcript sentence 2 from John Jones. into vi', 'azure', 0.95),
('3c4900e7-ac74-4fa2-8c44-cfcffb3f9335', 'ja', 'Translated Sample transcript sentence 2 from John Jones. into ja', 'azure', 0.95),
('3c4900e7-ac74-4fa2-8c44-cfcffb3f9335', 'ko', 'Translated Sample transcript sentence 2 from John Jones. into ko', 'azure', 0.95),
('b4a5c5aa-f0de-48e2-8d21-a166261dea9d', 'vi', 'Translated Sample transcript sentence 3 from John Jones. into vi', 'azure', 0.95),
('b4a5c5aa-f0de-48e2-8d21-a166261dea9d', 'ja', 'Translated Sample transcript sentence 3 from John Jones. into ja', 'azure', 0.95),
('b4a5c5aa-f0de-48e2-8d21-a166261dea9d', 'ko', 'Translated Sample transcript sentence 3 from John Jones. into ko', 'azure', 0.95),
('7715f51b-6c1f-4198-b010-3e2e38c1dafa', 'vi', 'Translated Sample transcript sentence 4 from Isabella Hernandez. into vi', 'azure', 0.95),
('7715f51b-6c1f-4198-b010-3e2e38c1dafa', 'ja', 'Translated Sample transcript sentence 4 from Isabella Hernandez. into ja', 'azure', 0.95),
('7715f51b-6c1f-4198-b010-3e2e38c1dafa', 'ko', 'Translated Sample transcript sentence 4 from Isabella Hernandez. into ko', 'azure', 0.95),
('f119ca38-1080-4dc9-83df-8d69401ae825', 'vi', 'Translated Sample transcript sentence 5 from Olivia Rossi. into vi', 'azure', 0.95),
('f119ca38-1080-4dc9-83df-8d69401ae825', 'ja', 'Translated Sample transcript sentence 5 from Olivia Rossi. into ja', 'azure', 0.95),
('f119ca38-1080-4dc9-83df-8d69401ae825', 'ko', 'Translated Sample transcript sentence 5 from Olivia Rossi. into ko', 'azure', 0.95),
('d1fdb5bf-9cc7-4c6c-9521-e7f87602056b', 'vi', 'Translated Sample transcript sentence 6 from John Jones. into vi', 'azure', 0.95),
('d1fdb5bf-9cc7-4c6c-9521-e7f87602056b', 'ja', 'Translated Sample transcript sentence 6 from John Jones. into ja', 'azure', 0.95),
('d1fdb5bf-9cc7-4c6c-9521-e7f87602056b', 'ko', 'Translated Sample transcript sentence 6 from John Jones. into ko', 'azure', 0.95),
('308d80e1-994b-4a34-9e85-2815cb17bba0', 'vi', 'Translated Sample transcript sentence 7 from John Jones. into vi', 'azure', 0.95),
('308d80e1-994b-4a34-9e85-2815cb17bba0', 'ja', 'Translated Sample transcript sentence 7 from John Jones. into ja', 'azure', 0.95),
('308d80e1-994b-4a34-9e85-2815cb17bba0', 'ko', 'Translated Sample transcript sentence 7 from John Jones. into ko', 'azure', 0.95),
('480a7958-f460-4fdf-9615-95d6fa1b9e86', 'vi', 'Translated Sample transcript sentence 8 from Olivia Rossi. into vi', 'azure', 0.95),
('480a7958-f460-4fdf-9615-95d6fa1b9e86', 'ja', 'Translated Sample transcript sentence 8 from Olivia Rossi. into ja', 'azure', 0.95),
('480a7958-f460-4fdf-9615-95d6fa1b9e86', 'ko', 'Translated Sample transcript sentence 8 from Olivia Rossi. into ko', 'azure', 0.95),
('66fa8335-6fe4-4e20-bf51-375c7d4dc06d', 'vi', 'Translated Sample transcript sentence 9 from James Rodriguez. into vi', 'azure', 0.95),
('66fa8335-6fe4-4e20-bf51-375c7d4dc06d', 'ja', 'Translated Sample transcript sentence 9 from James Rodriguez. into ja', 'azure', 0.95),
('66fa8335-6fe4-4e20-bf51-375c7d4dc06d', 'ko', 'Translated Sample transcript sentence 9 from James Rodriguez. into ko', 'azure', 0.95),
('c6850ce0-aa60-4e5d-907f-b8273b22efe7', 'vi', 'Translated Sample transcript sentence 10 from John Jones. into vi', 'azure', 0.95),
('c6850ce0-aa60-4e5d-907f-b8273b22efe7', 'ja', 'Translated Sample transcript sentence 10 from John Jones. into ja', 'azure', 0.95),
('c6850ce0-aa60-4e5d-907f-b8273b22efe7', 'ko', 'Translated Sample transcript sentence 10 from John Jones. into ko', 'azure', 0.95),
('3d77dd91-5ffe-406c-a64e-70bd04989fac', 'vi', 'Translated Sample transcript sentence 1 from James Garcia. into vi', 'azure', 0.95),
('3d77dd91-5ffe-406c-a64e-70bd04989fac', 'ja', 'Translated Sample transcript sentence 1 from James Garcia. into ja', 'azure', 0.95),
('3d77dd91-5ffe-406c-a64e-70bd04989fac', 'ko', 'Translated Sample transcript sentence 1 from James Garcia. into ko', 'azure', 0.95),
('583ee4c1-e432-4400-8f18-b4ea4845db0a', 'vi', 'Translated Sample transcript sentence 2 from Sarah Hernandez. into vi', 'azure', 0.95),
('583ee4c1-e432-4400-8f18-b4ea4845db0a', 'ja', 'Translated Sample transcript sentence 2 from Sarah Hernandez. into ja', 'azure', 0.95),
('583ee4c1-e432-4400-8f18-b4ea4845db0a', 'ko', 'Translated Sample transcript sentence 2 from Sarah Hernandez. into ko', 'azure', 0.95),
('38a0404b-8748-4edc-830f-6aeb813893b3', 'vi', 'Translated Sample transcript sentence 3 from Alex Rossi. into vi', 'azure', 0.95),
('38a0404b-8748-4edc-830f-6aeb813893b3', 'ja', 'Translated Sample transcript sentence 3 from Alex Rossi. into ja', 'azure', 0.95),
('38a0404b-8748-4edc-830f-6aeb813893b3', 'ko', 'Translated Sample transcript sentence 3 from Alex Rossi. into ko', 'azure', 0.95),
('e4ceb4ab-cdb9-4e90-8ecb-93d00fe46f4b', 'vi', 'Translated Sample transcript sentence 4 from Alex Rossi. into vi', 'azure', 0.95),
('e4ceb4ab-cdb9-4e90-8ecb-93d00fe46f4b', 'ja', 'Translated Sample transcript sentence 4 from Alex Rossi. into ja', 'azure', 0.95),
('e4ceb4ab-cdb9-4e90-8ecb-93d00fe46f4b', 'ko', 'Translated Sample transcript sentence 4 from Alex Rossi. into ko', 'azure', 0.95),
('454c87ff-b049-4593-80c1-a91e1be2346e', 'vi', 'Translated Sample transcript sentence 5 from Elena Yamamoto. into vi', 'azure', 0.95),
('454c87ff-b049-4593-80c1-a91e1be2346e', 'ja', 'Translated Sample transcript sentence 5 from Elena Yamamoto. into ja', 'azure', 0.95),
('454c87ff-b049-4593-80c1-a91e1be2346e', 'ko', 'Translated Sample transcript sentence 5 from Elena Yamamoto. into ko', 'azure', 0.95),
('65f8e4f2-efb2-4d0d-8860-6349af3858e6', 'vi', 'Translated Sample transcript sentence 6 from Isabella Hernandez. into vi', 'azure', 0.95),
('65f8e4f2-efb2-4d0d-8860-6349af3858e6', 'ja', 'Translated Sample transcript sentence 6 from Isabella Hernandez. into ja', 'azure', 0.95),
('65f8e4f2-efb2-4d0d-8860-6349af3858e6', 'ko', 'Translated Sample transcript sentence 6 from Isabella Hernandez. into ko', 'azure', 0.95),
('20d65e05-c648-4909-9e56-b40e746d468e', 'vi', 'Translated Sample transcript sentence 7 from Isabella Hernandez. into vi', 'azure', 0.95),
('20d65e05-c648-4909-9e56-b40e746d468e', 'ja', 'Translated Sample transcript sentence 7 from Isabella Hernandez. into ja', 'azure', 0.95),
('20d65e05-c648-4909-9e56-b40e746d468e', 'ko', 'Translated Sample transcript sentence 7 from Isabella Hernandez. into ko', 'azure', 0.95),
('607fc1d5-a8a5-4c15-bc14-c7903202631b', 'vi', 'Translated Sample transcript sentence 8 from Noah Hernandez. into vi', 'azure', 0.95),
('607fc1d5-a8a5-4c15-bc14-c7903202631b', 'ja', 'Translated Sample transcript sentence 8 from Noah Hernandez. into ja', 'azure', 0.95),
('607fc1d5-a8a5-4c15-bc14-c7903202631b', 'ko', 'Translated Sample transcript sentence 8 from Noah Hernandez. into ko', 'azure', 0.95),
('b8489d7e-2e30-4c33-9a29-0738e54f1cf5', 'vi', 'Translated Sample transcript sentence 9 from Alex Rossi. into vi', 'azure', 0.95),
('b8489d7e-2e30-4c33-9a29-0738e54f1cf5', 'ja', 'Translated Sample transcript sentence 9 from Alex Rossi. into ja', 'azure', 0.95),
('b8489d7e-2e30-4c33-9a29-0738e54f1cf5', 'ko', 'Translated Sample transcript sentence 9 from Alex Rossi. into ko', 'azure', 0.95),
('6991ac1b-61e1-4942-8b75-9f913a951b69', 'vi', 'Translated Sample transcript sentence 10 from Noah Hernandez. into vi', 'azure', 0.95),
('6991ac1b-61e1-4942-8b75-9f913a951b69', 'ja', 'Translated Sample transcript sentence 10 from Noah Hernandez. into ja', 'azure', 0.95),
('6991ac1b-61e1-4942-8b75-9f913a951b69', 'ko', 'Translated Sample transcript sentence 10 from Noah Hernandez. into ko', 'azure', 0.95),
('fde354fd-9901-4ed3-8eec-05f435a99f16', 'vi', 'Translated Sample transcript sentence 1 from Olivia Park. into vi', 'azure', 0.95),
('fde354fd-9901-4ed3-8eec-05f435a99f16', 'ja', 'Translated Sample transcript sentence 1 from Olivia Park. into ja', 'azure', 0.95),
('fde354fd-9901-4ed3-8eec-05f435a99f16', 'ko', 'Translated Sample transcript sentence 1 from Olivia Park. into ko', 'azure', 0.95),
('eacd29e8-f0d3-4004-906b-a9b7c956ade4', 'vi', 'Translated Sample transcript sentence 2 from Olivia Rossi. into vi', 'azure', 0.95),
('eacd29e8-f0d3-4004-906b-a9b7c956ade4', 'ja', 'Translated Sample transcript sentence 2 from Olivia Rossi. into ja', 'azure', 0.95),
('eacd29e8-f0d3-4004-906b-a9b7c956ade4', 'ko', 'Translated Sample transcript sentence 2 from Olivia Rossi. into ko', 'azure', 0.95),
('bcc4e3e6-dc10-44db-8632-38d72f04f0c4', 'vi', 'Translated Sample transcript sentence 3 from Lucas Hernandez. into vi', 'azure', 0.95),
('bcc4e3e6-dc10-44db-8632-38d72f04f0c4', 'ja', 'Translated Sample transcript sentence 3 from Lucas Hernandez. into ja', 'azure', 0.95),
('bcc4e3e6-dc10-44db-8632-38d72f04f0c4', 'ko', 'Translated Sample transcript sentence 3 from Lucas Hernandez. into ko', 'azure', 0.95),
('03996366-9949-4cef-8995-1e2dafbfcd82', 'vi', 'Translated Sample transcript sentence 4 from Sarah Tran. into vi', 'azure', 0.95),
('03996366-9949-4cef-8995-1e2dafbfcd82', 'ja', 'Translated Sample transcript sentence 4 from Sarah Tran. into ja', 'azure', 0.95),
('03996366-9949-4cef-8995-1e2dafbfcd82', 'ko', 'Translated Sample transcript sentence 4 from Sarah Tran. into ko', 'azure', 0.95),
('2e7969ed-198b-46b2-9e50-e879becb1176', 'vi', 'Translated Sample transcript sentence 5 from Sarah Hernandez. into vi', 'azure', 0.95),
('2e7969ed-198b-46b2-9e50-e879becb1176', 'ja', 'Translated Sample transcript sentence 5 from Sarah Hernandez. into ja', 'azure', 0.95),
('2e7969ed-198b-46b2-9e50-e879becb1176', 'ko', 'Translated Sample transcript sentence 5 from Sarah Hernandez. into ko', 'azure', 0.95),
('c6ec0e5e-4abc-417c-971d-1d37bfbfe841', 'vi', 'Translated Sample transcript sentence 6 from Olivia Rossi. into vi', 'azure', 0.95),
('c6ec0e5e-4abc-417c-971d-1d37bfbfe841', 'ja', 'Translated Sample transcript sentence 6 from Olivia Rossi. into ja', 'azure', 0.95),
('c6ec0e5e-4abc-417c-971d-1d37bfbfe841', 'ko', 'Translated Sample transcript sentence 6 from Olivia Rossi. into ko', 'azure', 0.95),
('9c69eeb2-5a74-4920-90c3-175de3027d35', 'vi', 'Translated Sample transcript sentence 7 from Olivia Park. into vi', 'azure', 0.95),
('9c69eeb2-5a74-4920-90c3-175de3027d35', 'ja', 'Translated Sample transcript sentence 7 from Olivia Park. into ja', 'azure', 0.95),
('9c69eeb2-5a74-4920-90c3-175de3027d35', 'ko', 'Translated Sample transcript sentence 7 from Olivia Park. into ko', 'azure', 0.95),
('5f259751-aaa1-4a38-8258-43a33045ae2d', 'vi', 'Translated Sample transcript sentence 8 from Olivia Park. into vi', 'azure', 0.95),
('5f259751-aaa1-4a38-8258-43a33045ae2d', 'ja', 'Translated Sample transcript sentence 8 from Olivia Park. into ja', 'azure', 0.95),
('5f259751-aaa1-4a38-8258-43a33045ae2d', 'ko', 'Translated Sample transcript sentence 8 from Olivia Park. into ko', 'azure', 0.95),
('3a4aae5f-9a63-446a-94cb-9bdacb8000c6', 'vi', 'Translated Sample transcript sentence 9 from Isabella Hernandez. into vi', 'azure', 0.95),
('3a4aae5f-9a63-446a-94cb-9bdacb8000c6', 'ja', 'Translated Sample transcript sentence 9 from Isabella Hernandez. into ja', 'azure', 0.95),
('3a4aae5f-9a63-446a-94cb-9bdacb8000c6', 'ko', 'Translated Sample transcript sentence 9 from Isabella Hernandez. into ko', 'azure', 0.95),
('57507d23-2647-4367-b5de-702f5c28d938', 'vi', 'Translated Sample transcript sentence 10 from Olivia Rossi. into vi', 'azure', 0.95),
('57507d23-2647-4367-b5de-702f5c28d938', 'ja', 'Translated Sample transcript sentence 10 from Olivia Rossi. into ja', 'azure', 0.95),
('57507d23-2647-4367-b5de-702f5c28d938', 'ko', 'Translated Sample transcript sentence 10 from Olivia Rossi. into ko', 'azure', 0.95),
('7d4f7928-766b-4fbb-b065-a592c26fda6a', 'vi', 'Translated Sample transcript sentence 1 from Emma Johnson. into vi', 'azure', 0.95),
('7d4f7928-766b-4fbb-b065-a592c26fda6a', 'ja', 'Translated Sample transcript sentence 1 from Emma Johnson. into ja', 'azure', 0.95),
('7d4f7928-766b-4fbb-b065-a592c26fda6a', 'ko', 'Translated Sample transcript sentence 1 from Emma Johnson. into ko', 'azure', 0.95),
('11399eba-0202-4ced-bc70-e5a5e788e21b', 'vi', 'Translated Sample transcript sentence 2 from Sarah Tran. into vi', 'azure', 0.95),
('11399eba-0202-4ced-bc70-e5a5e788e21b', 'ja', 'Translated Sample transcript sentence 2 from Sarah Tran. into ja', 'azure', 0.95),
('11399eba-0202-4ced-bc70-e5a5e788e21b', 'ko', 'Translated Sample transcript sentence 2 from Sarah Tran. into ko', 'azure', 0.95),
('27ec2eb6-3a0a-4406-b483-578f24904774', 'vi', 'Translated Sample transcript sentence 3 from Sarah Tran. into vi', 'azure', 0.95),
('27ec2eb6-3a0a-4406-b483-578f24904774', 'ja', 'Translated Sample transcript sentence 3 from Sarah Tran. into ja', 'azure', 0.95),
('27ec2eb6-3a0a-4406-b483-578f24904774', 'ko', 'Translated Sample transcript sentence 3 from Sarah Tran. into ko', 'azure', 0.95),
('08f924bb-df05-4dea-a647-28e83a774cbf', 'vi', 'Translated Sample transcript sentence 4 from Isabella Hernandez. into vi', 'azure', 0.95),
('08f924bb-df05-4dea-a647-28e83a774cbf', 'ja', 'Translated Sample transcript sentence 4 from Isabella Hernandez. into ja', 'azure', 0.95),
('08f924bb-df05-4dea-a647-28e83a774cbf', 'ko', 'Translated Sample transcript sentence 4 from Isabella Hernandez. into ko', 'azure', 0.95),
('7ec6183a-2d84-4376-9858-fa9d913fdf8a', 'vi', 'Translated Sample transcript sentence 5 from Isabella Hernandez. into vi', 'azure', 0.95),
('7ec6183a-2d84-4376-9858-fa9d913fdf8a', 'ja', 'Translated Sample transcript sentence 5 from Isabella Hernandez. into ja', 'azure', 0.95),
('7ec6183a-2d84-4376-9858-fa9d913fdf8a', 'ko', 'Translated Sample transcript sentence 5 from Isabella Hernandez. into ko', 'azure', 0.95),
('bc15fe29-91cc-4d46-b00b-dc200d7bfd71', 'vi', 'Translated Sample transcript sentence 6 from Isabella Hernandez. into vi', 'azure', 0.95),
('bc15fe29-91cc-4d46-b00b-dc200d7bfd71', 'ja', 'Translated Sample transcript sentence 6 from Isabella Hernandez. into ja', 'azure', 0.95),
('bc15fe29-91cc-4d46-b00b-dc200d7bfd71', 'ko', 'Translated Sample transcript sentence 6 from Isabella Hernandez. into ko', 'azure', 0.95),
('ac4f380f-d9c3-4e3e-ac10-c671fb4c66a6', 'vi', 'Translated Sample transcript sentence 7 from Emma Johnson. into vi', 'azure', 0.95),
('ac4f380f-d9c3-4e3e-ac10-c671fb4c66a6', 'ja', 'Translated Sample transcript sentence 7 from Emma Johnson. into ja', 'azure', 0.95),
('ac4f380f-d9c3-4e3e-ac10-c671fb4c66a6', 'ko', 'Translated Sample transcript sentence 7 from Emma Johnson. into ko', 'azure', 0.95),
('633aa60a-2d69-4505-9440-afab8fbbe602', 'vi', 'Translated Sample transcript sentence 8 from Emma Johnson. into vi', 'azure', 0.95),
('633aa60a-2d69-4505-9440-afab8fbbe602', 'ja', 'Translated Sample transcript sentence 8 from Emma Johnson. into ja', 'azure', 0.95),
('633aa60a-2d69-4505-9440-afab8fbbe602', 'ko', 'Translated Sample transcript sentence 8 from Emma Johnson. into ko', 'azure', 0.95),
('0f4beb05-3537-4d95-b17f-bf29e3b4614c', 'vi', 'Translated Sample transcript sentence 9 from Emma Johnson. into vi', 'azure', 0.95),
('0f4beb05-3537-4d95-b17f-bf29e3b4614c', 'ja', 'Translated Sample transcript sentence 9 from Emma Johnson. into ja', 'azure', 0.95),
('0f4beb05-3537-4d95-b17f-bf29e3b4614c', 'ko', 'Translated Sample transcript sentence 9 from Emma Johnson. into ko', 'azure', 0.95),
('ac071fa5-f85d-494d-894a-4dda634103c1', 'vi', 'Translated Sample transcript sentence 10 from Isabella Hernandez. into vi', 'azure', 0.95),
('ac071fa5-f85d-494d-894a-4dda634103c1', 'ja', 'Translated Sample transcript sentence 10 from Isabella Hernandez. into ja', 'azure', 0.95),
('ac071fa5-f85d-494d-894a-4dda634103c1', 'ko', 'Translated Sample transcript sentence 10 from Isabella Hernandez. into ko', 'azure', 0.95),
('8928cb08-0fb2-4b51-b2f7-fdd262ebf73b', 'vi', 'Translated Sample transcript sentence 1 from Emma Johnson. into vi', 'azure', 0.95),
('8928cb08-0fb2-4b51-b2f7-fdd262ebf73b', 'ja', 'Translated Sample transcript sentence 1 from Emma Johnson. into ja', 'azure', 0.95),
('8928cb08-0fb2-4b51-b2f7-fdd262ebf73b', 'ko', 'Translated Sample transcript sentence 1 from Emma Johnson. into ko', 'azure', 0.95),
('50afa36c-fc12-46af-b7ee-2014a218ede8', 'vi', 'Translated Sample transcript sentence 2 from Emma Johnson. into vi', 'azure', 0.95),
('50afa36c-fc12-46af-b7ee-2014a218ede8', 'ja', 'Translated Sample transcript sentence 2 from Emma Johnson. into ja', 'azure', 0.95),
('50afa36c-fc12-46af-b7ee-2014a218ede8', 'ko', 'Translated Sample transcript sentence 2 from Emma Johnson. into ko', 'azure', 0.95),
('dcba18a0-1a90-41f5-9bfe-b60ae40aaa3c', 'vi', 'Translated Sample transcript sentence 3 from Emma Johnson. into vi', 'azure', 0.95),
('dcba18a0-1a90-41f5-9bfe-b60ae40aaa3c', 'ja', 'Translated Sample transcript sentence 3 from Emma Johnson. into ja', 'azure', 0.95),
('dcba18a0-1a90-41f5-9bfe-b60ae40aaa3c', 'ko', 'Translated Sample transcript sentence 3 from Emma Johnson. into ko', 'azure', 0.95),
('675b8959-aaf5-4a99-93ec-799201196c8c', 'vi', 'Translated Sample transcript sentence 4 from John Jones. into vi', 'azure', 0.95),
('675b8959-aaf5-4a99-93ec-799201196c8c', 'ja', 'Translated Sample transcript sentence 4 from John Jones. into ja', 'azure', 0.95),
('675b8959-aaf5-4a99-93ec-799201196c8c', 'ko', 'Translated Sample transcript sentence 4 from John Jones. into ko', 'azure', 0.95),
('b3b0833f-362c-4c48-8415-02be80a88077', 'vi', 'Translated Sample transcript sentence 5 from Emma Johnson. into vi', 'azure', 0.95),
('b3b0833f-362c-4c48-8415-02be80a88077', 'ja', 'Translated Sample transcript sentence 5 from Emma Johnson. into ja', 'azure', 0.95),
('b3b0833f-362c-4c48-8415-02be80a88077', 'ko', 'Translated Sample transcript sentence 5 from Emma Johnson. into ko', 'azure', 0.95),
('4b7cebe9-85b0-4cd8-988e-d2acc4ef162b', 'vi', 'Translated Sample transcript sentence 6 from John Jones. into vi', 'azure', 0.95),
('4b7cebe9-85b0-4cd8-988e-d2acc4ef162b', 'ja', 'Translated Sample transcript sentence 6 from John Jones. into ja', 'azure', 0.95),
('4b7cebe9-85b0-4cd8-988e-d2acc4ef162b', 'ko', 'Translated Sample transcript sentence 6 from John Jones. into ko', 'azure', 0.95),
('d5128d65-96e6-4935-9238-a2f929bc6e75', 'vi', 'Translated Sample transcript sentence 7 from Sarah Hernandez. into vi', 'azure', 0.95),
('d5128d65-96e6-4935-9238-a2f929bc6e75', 'ja', 'Translated Sample transcript sentence 7 from Sarah Hernandez. into ja', 'azure', 0.95),
('d5128d65-96e6-4935-9238-a2f929bc6e75', 'ko', 'Translated Sample transcript sentence 7 from Sarah Hernandez. into ko', 'azure', 0.95),
('230ac5fc-46b8-47f6-b931-1fcd7d24a7c3', 'vi', 'Translated Sample transcript sentence 8 from John Jones. into vi', 'azure', 0.95),
('230ac5fc-46b8-47f6-b931-1fcd7d24a7c3', 'ja', 'Translated Sample transcript sentence 8 from John Jones. into ja', 'azure', 0.95),
('230ac5fc-46b8-47f6-b931-1fcd7d24a7c3', 'ko', 'Translated Sample transcript sentence 8 from John Jones. into ko', 'azure', 0.95),
('29388cc5-0f1c-43bd-805d-ffc7dc988d27', 'vi', 'Translated Sample transcript sentence 9 from Sarah Hernandez. into vi', 'azure', 0.95),
('29388cc5-0f1c-43bd-805d-ffc7dc988d27', 'ja', 'Translated Sample transcript sentence 9 from Sarah Hernandez. into ja', 'azure', 0.95),
('29388cc5-0f1c-43bd-805d-ffc7dc988d27', 'ko', 'Translated Sample transcript sentence 9 from Sarah Hernandez. into ko', 'azure', 0.95),
('e8de3e28-12ec-4b41-8bb7-30ff956bebcd', 'vi', 'Translated Sample transcript sentence 10 from Emma Johnson. into vi', 'azure', 0.95),
('e8de3e28-12ec-4b41-8bb7-30ff956bebcd', 'ja', 'Translated Sample transcript sentence 10 from Emma Johnson. into ja', 'azure', 0.95),
('e8de3e28-12ec-4b41-8bb7-30ff956bebcd', 'ko', 'Translated Sample transcript sentence 10 from Emma Johnson. into ko', 'azure', 0.95),
('87a849ab-f040-4e48-8a15-8eddb5883716', 'vi', 'Translated Sample transcript sentence 1 from James Lopez. into vi', 'azure', 0.95),
('87a849ab-f040-4e48-8a15-8eddb5883716', 'ja', 'Translated Sample transcript sentence 1 from James Lopez. into ja', 'azure', 0.95),
('87a849ab-f040-4e48-8a15-8eddb5883716', 'ko', 'Translated Sample transcript sentence 1 from James Lopez. into ko', 'azure', 0.95),
('650a7de5-e065-457c-b798-42e21ad0bb3b', 'vi', 'Translated Sample transcript sentence 2 from Emma Johnson. into vi', 'azure', 0.95),
('650a7de5-e065-457c-b798-42e21ad0bb3b', 'ja', 'Translated Sample transcript sentence 2 from Emma Johnson. into ja', 'azure', 0.95),
('650a7de5-e065-457c-b798-42e21ad0bb3b', 'ko', 'Translated Sample transcript sentence 2 from Emma Johnson. into ko', 'azure', 0.95),
('a9cb900e-6cf1-44ea-967c-a9420d624107', 'vi', 'Translated Sample transcript sentence 3 from James Lopez. into vi', 'azure', 0.95),
('a9cb900e-6cf1-44ea-967c-a9420d624107', 'ja', 'Translated Sample transcript sentence 3 from James Lopez. into ja', 'azure', 0.95),
('a9cb900e-6cf1-44ea-967c-a9420d624107', 'ko', 'Translated Sample transcript sentence 3 from James Lopez. into ko', 'azure', 0.95),
('8d5c4050-56dd-413c-acb6-480271ada446', 'vi', 'Translated Sample transcript sentence 4 from Sarah Hernandez. into vi', 'azure', 0.95),
('8d5c4050-56dd-413c-acb6-480271ada446', 'ja', 'Translated Sample transcript sentence 4 from Sarah Hernandez. into ja', 'azure', 0.95),
('8d5c4050-56dd-413c-acb6-480271ada446', 'ko', 'Translated Sample transcript sentence 4 from Sarah Hernandez. into ko', 'azure', 0.95),
('fc402e2c-0160-42e2-9d2f-c3362619712b', 'vi', 'Translated Sample transcript sentence 5 from Alex Rossi. into vi', 'azure', 0.95),
('fc402e2c-0160-42e2-9d2f-c3362619712b', 'ja', 'Translated Sample transcript sentence 5 from Alex Rossi. into ja', 'azure', 0.95),
('fc402e2c-0160-42e2-9d2f-c3362619712b', 'ko', 'Translated Sample transcript sentence 5 from Alex Rossi. into ko', 'azure', 0.95),
('a1fdb083-f271-4dcb-9217-de246629c5ce', 'vi', 'Translated Sample transcript sentence 6 from Olivia Park. into vi', 'azure', 0.95),
('a1fdb083-f271-4dcb-9217-de246629c5ce', 'ja', 'Translated Sample transcript sentence 6 from Olivia Park. into ja', 'azure', 0.95),
('a1fdb083-f271-4dcb-9217-de246629c5ce', 'ko', 'Translated Sample transcript sentence 6 from Olivia Park. into ko', 'azure', 0.95),
('88a73ec8-45e6-4d09-8209-a6d5dd71c480', 'vi', 'Translated Sample transcript sentence 7 from Sarah Hernandez. into vi', 'azure', 0.95),
('88a73ec8-45e6-4d09-8209-a6d5dd71c480', 'ja', 'Translated Sample transcript sentence 7 from Sarah Hernandez. into ja', 'azure', 0.95),
('88a73ec8-45e6-4d09-8209-a6d5dd71c480', 'ko', 'Translated Sample transcript sentence 7 from Sarah Hernandez. into ko', 'azure', 0.95),
('972475ed-c49c-438d-bb8f-655be17d4858', 'vi', 'Translated Sample transcript sentence 8 from James Lopez. into vi', 'azure', 0.95),
('972475ed-c49c-438d-bb8f-655be17d4858', 'ja', 'Translated Sample transcript sentence 8 from James Lopez. into ja', 'azure', 0.95),
('972475ed-c49c-438d-bb8f-655be17d4858', 'ko', 'Translated Sample transcript sentence 8 from James Lopez. into ko', 'azure', 0.95),
('3534a1ee-1682-46f1-b2cd-e4b07c920b30', 'vi', 'Translated Sample transcript sentence 9 from Emma Johnson. into vi', 'azure', 0.95),
('3534a1ee-1682-46f1-b2cd-e4b07c920b30', 'ja', 'Translated Sample transcript sentence 9 from Emma Johnson. into ja', 'azure', 0.95),
('3534a1ee-1682-46f1-b2cd-e4b07c920b30', 'ko', 'Translated Sample transcript sentence 9 from Emma Johnson. into ko', 'azure', 0.95),
('b04717c8-3e4a-49ba-ae4d-0d5d02dcfeb9', 'vi', 'Translated Sample transcript sentence 10 from Olivia Park. into vi', 'azure', 0.95),
('b04717c8-3e4a-49ba-ae4d-0d5d02dcfeb9', 'ja', 'Translated Sample transcript sentence 10 from Olivia Park. into ja', 'azure', 0.95),
('b04717c8-3e4a-49ba-ae4d-0d5d02dcfeb9', 'ko', 'Translated Sample transcript sentence 10 from Olivia Park. into ko', 'azure', 0.95),
('4eb73955-ac50-4291-803a-14524d560a89', 'vi', 'Translated Sample transcript sentence 1 from James Rodriguez. into vi', 'azure', 0.95),
('4eb73955-ac50-4291-803a-14524d560a89', 'ja', 'Translated Sample transcript sentence 1 from James Rodriguez. into ja', 'azure', 0.95),
('4eb73955-ac50-4291-803a-14524d560a89', 'ko', 'Translated Sample transcript sentence 1 from James Rodriguez. into ko', 'azure', 0.95),
('6ef26c6a-7213-4707-9b19-a0cd1df61d4c', 'vi', 'Translated Sample transcript sentence 2 from Sarah Tran. into vi', 'azure', 0.95),
('6ef26c6a-7213-4707-9b19-a0cd1df61d4c', 'ja', 'Translated Sample transcript sentence 2 from Sarah Tran. into ja', 'azure', 0.95),
('6ef26c6a-7213-4707-9b19-a0cd1df61d4c', 'ko', 'Translated Sample transcript sentence 2 from Sarah Tran. into ko', 'azure', 0.95),
('19c57d20-c8fa-45b0-98d5-4dccf61f89b2', 'vi', 'Translated Sample transcript sentence 3 from Sarah Tran. into vi', 'azure', 0.95),
('19c57d20-c8fa-45b0-98d5-4dccf61f89b2', 'ja', 'Translated Sample transcript sentence 3 from Sarah Tran. into ja', 'azure', 0.95),
('19c57d20-c8fa-45b0-98d5-4dccf61f89b2', 'ko', 'Translated Sample transcript sentence 3 from Sarah Tran. into ko', 'azure', 0.95),
('7b62133c-a46f-4c82-8e5a-e54e9faaa9e3', 'vi', 'Translated Sample transcript sentence 4 from Sarah Tran. into vi', 'azure', 0.95),
('7b62133c-a46f-4c82-8e5a-e54e9faaa9e3', 'ja', 'Translated Sample transcript sentence 4 from Sarah Tran. into ja', 'azure', 0.95),
('7b62133c-a46f-4c82-8e5a-e54e9faaa9e3', 'ko', 'Translated Sample transcript sentence 4 from Sarah Tran. into ko', 'azure', 0.95),
('18a0f142-7f2e-45bc-87b2-c5b601000bf6', 'vi', 'Translated Sample transcript sentence 5 from Sarah Tran. into vi', 'azure', 0.95),
('18a0f142-7f2e-45bc-87b2-c5b601000bf6', 'ja', 'Translated Sample transcript sentence 5 from Sarah Tran. into ja', 'azure', 0.95),
('18a0f142-7f2e-45bc-87b2-c5b601000bf6', 'ko', 'Translated Sample transcript sentence 5 from Sarah Tran. into ko', 'azure', 0.95),
('5f5b9086-e041-47a4-8ffa-a60b942df302', 'vi', 'Translated Sample transcript sentence 6 from Lucas Hernandez. into vi', 'azure', 0.95),
('5f5b9086-e041-47a4-8ffa-a60b942df302', 'ja', 'Translated Sample transcript sentence 6 from Lucas Hernandez. into ja', 'azure', 0.95),
('5f5b9086-e041-47a4-8ffa-a60b942df302', 'ko', 'Translated Sample transcript sentence 6 from Lucas Hernandez. into ko', 'azure', 0.95),
('cdbdb794-7416-4fd6-add4-a617b6229dbd', 'vi', 'Translated Sample transcript sentence 7 from Sarah Tran. into vi', 'azure', 0.95),
('cdbdb794-7416-4fd6-add4-a617b6229dbd', 'ja', 'Translated Sample transcript sentence 7 from Sarah Tran. into ja', 'azure', 0.95),
('cdbdb794-7416-4fd6-add4-a617b6229dbd', 'ko', 'Translated Sample transcript sentence 7 from Sarah Tran. into ko', 'azure', 0.95),
('aceb489f-94d3-4701-8489-3286f225c3f4', 'vi', 'Translated Sample transcript sentence 8 from James Rodriguez. into vi', 'azure', 0.95),
('aceb489f-94d3-4701-8489-3286f225c3f4', 'ja', 'Translated Sample transcript sentence 8 from James Rodriguez. into ja', 'azure', 0.95),
('aceb489f-94d3-4701-8489-3286f225c3f4', 'ko', 'Translated Sample transcript sentence 8 from James Rodriguez. into ko', 'azure', 0.95),
('27dfd3bb-8e32-4b28-82a6-bfe5b53377ac', 'vi', 'Translated Sample transcript sentence 9 from James Rodriguez. into vi', 'azure', 0.95),
('27dfd3bb-8e32-4b28-82a6-bfe5b53377ac', 'ja', 'Translated Sample transcript sentence 9 from James Rodriguez. into ja', 'azure', 0.95),
('27dfd3bb-8e32-4b28-82a6-bfe5b53377ac', 'ko', 'Translated Sample transcript sentence 9 from James Rodriguez. into ko', 'azure', 0.95),
('01189046-4981-4784-9d56-2151efc6da1f', 'vi', 'Translated Sample transcript sentence 10 from Emma Johnson. into vi', 'azure', 0.95),
('01189046-4981-4784-9d56-2151efc6da1f', 'ja', 'Translated Sample transcript sentence 10 from Emma Johnson. into ja', 'azure', 0.95),
('01189046-4981-4784-9d56-2151efc6da1f', 'ko', 'Translated Sample transcript sentence 10 from Emma Johnson. into ko', 'azure', 0.95);

    INSERT INTO ai.ai_models (id, provider, model_name, task_type) VALUES
    (gen_random_uuid(), 'openai', 'gpt-4o', 'summarization'),
    (gen_random_uuid(), 'openai', 'whisper-1', 'transcription'),
    (gen_random_uuid(), 'azure', 'translator', 'translation')
    ON CONFLICT DO NOTHING;

RAISE NOTICE 'Massive E2E Data Seeding Completed Successfully!';
END $$;